business_id,sector,revenue_monthly,expenses_monthly,cash_balance,total_debt,accounts_receivable,accounts_payable,operational_incidents,stock_loss_rate,supplier_count,customer_concentration,employee_turnover,fraud_incidents,cash_discrepancies,segregation_of_duties,internal_audit_frequency,compliance_breaches,expired_licenses,missing_documents,tax_compliance_status,insurance_coverage_ratio,business_interruption_cover,liability_cover,debt_to_revenue,expense_ratio,cash_coverage_months,debt_risk_score,expense_risk_score,cash_risk_score,financial_risk_score,incident_risk_score,stock_loss_risk_score,customer_concentration_risk,employee_turnover_risk,supplier_risk_score,operational_risk_score,fraud_incident_risk,cash_discrepancy_risk,segregation_risk,audit_risk,fraud_risk_score,compliance_breach_risk,license_risk,document_risk,tax_risk,compliance_risk_score,insurance_coverage_risk,business_interruption_risk,liability_risk,insurance_risk_score,overall_risk_score,risk_category,max_risk_dimension,risk_category_v2
SME_0001,Professional Services,54823.21,35178.04,1971.95,17513.31,19588.66,1151.42,2,0.012,8,0.28,0.373,0,4,1,3,0,0,1,1,0.945,1,0,0.319450648730711,0.6416632663428501,0.05605627829179795,15.97253243653555,32.08316331714251,94.3943721708202,52.1744575944315,20.0,8.0,28.000000000000004,93.25,50.0,39.85,0.0,40.0,0,25.0,14.25,0.0,0,10.0,0,2.0,5.500000000000005,0,100,32.2,31.98483727832945,MODERATE,52.1744575944315,MODERATE
SME_0002,Transport,32571.45,9388.22,9837.64,26189.08,35209.54,7478.21,3,0.059,6,0.389,0.388,3,3,1,4,1,1,1,0,0.951,1,0,0.8040501727740091,0.28823463493335416,1.0478706293631808,40.20250863870046,14.411731746667709,0.0,16.38427211561045,30.0,39.33333333333333,38.9,97.0,64.28571428571428,53.90380952380952,60.0,30.0,0,0.0,24.0,20.0,100,10.0,100,66.0,4.900000000000004,0,100,31.96,36.28723401563551,MODERATE,66.0,MODERATE
SME_0003,Hospitality,24707.36,47529.8,32998.5,39940.55,40618.52,6404.83,3,0.023,4,0.37,0.05,1,2,1,2,0,0,2,1,0.61,0,0,1.6165446247595858,1.9237101819053108,0.6942697002722502,80.82723123797929,96.18550909526554,30.57302997277498,65.33303408908344,30.0,15.333333333333336,37.0,12.5,78.57142857142857,34.680952380952384,20.0,20.0,0,50.0,22.5,0.0,0,20.0,0,4.0,39.0,100,100,75.6,40.93014832196313,MODERATE,75.6,MODERATE
SME_0004,Professional Services,47275.88,16092.24,15812.19,2466.26,15973.43,5084.81,2,0.057,4,0.913,0.064,0,2,1,4,0,0,4,1,0.333,1,1,0.052167405450728795,0.34039006783163,0.9825972021297222,2.60837027253644,17.0195033915815,1.7402797870277764,6.584474014046493,20.0,38.0,91.3,16.0,78.57142857142857,48.77428571428572,0.0,20.0,0,0.0,4.0,0.0,0,40.0,0,8.0,66.7,0,0,26.680000000000003,18.83691363278538,LOW,48.77428571428572,LOW
SME_0005,Agriculture,19960.75,36644.04,9335.07,2786.44,3861.0,8258.55,1,0.094,9,0.771,0.271,1,1,0,2,0,1,1,1,0.515,0,1,0.13959595706574152,1.8358047668549529,0.2547500221045496,6.979797853287076,91.79023834274764,74.52499778954504,59.44100997462843,10.0,62.66666666666667,77.10000000000001,67.75,42.85714285714286,52.074761904761914,20.0,10.0,100,50.0,45.5,0.0,100,10.0,0,32.0,48.5,100,0,49.400000000000006,49.69099346857901,MODERATE,59.44100997462843,MODERATE
SME_0006,Hospitality,6600.34,32392.63,44317.46,21381.07,17629.4,4354.86,1,0.082,6,0.715,0.217,1,0,1,4,0,0,0,1,0.473,0,1,3.2393891829814825,4.907721420411676,1.3681340477756823,100.0,100.0,0.0,60.0,10.0,54.66666666666667,71.5,54.25,64.28571428571428,50.94047619047619,20.0,0.0,0,0.0,6.0,0.0,0,0.0,0,0.0,52.7,100,0,51.08,37.043119047619044,MODERATE,60.0,MODERATE
SME_0007,Hospitality,24876.32,7840.72,6648.56,24616.78,4573.4,14564.77,1,0.035,8,0.258,0.007,3,2,0,3,1,1,2,1,0.59,0,1,0.9895667847977514,0.315188098561202,0.8479527390341703,49.47833923988757,15.7594049280601,15.204726096582966,25.653213689017488,10.0,23.333333333333336,25.8,1.7499999999999998,50.0,22.17666666666667,60.0,20.0,100,25.0,53.25,20.0,100,20.0,0,38.0,41.0,100,0,46.400000000000006,34.23013077337191,MODERATE,53.25,MODERATE
SME_0008,Professional Services,34514.22,26915.22,4305.47,36245.26,7344.24,23922.1,4,0.052,8,0.873,0.025,2,3,1,0,2,1,2,0,0.522,1,0,1.0501544001284109,0.7798298788151666,0.159964139249094,52.50772000642054,38.99149394075833,84.0035860750906,61.0511986141899,40.0,34.66666666666667,87.3,6.25,50.0,43.64333333333333,40.0,30.0,0,100.0,43.0,40.0,100,20.0,100,72.0,47.8,0,100,49.120000000000005,53.5381929175903,HIGH,72.0,HIGH
SME_0009,Manufacturing,61375.94,23368.56,9330.36,14490.96,14116.71,22137.04,3,0.092,7,0.804,0.355,0,1,1,0,0,0,3,1,0.88,0,1,0.236101638524803,0.38074463706788036,0.3992697881255841,11.80508192624015,19.03723185339402,60.07302118744159,33.281902608866886,30.0,61.33333333333334,80.4,88.75,57.14285714285714,63.5252380952381,0.0,10.0,0,100.0,27.0,0.0,0,30.0,0,6.0,12.0,100,0,34.8,35.645880306469586,MODERATE,63.5252380952381,MODERATE
SME_0010,Agriculture,7892.55,18441.82,17217.2,30285.3,4846.72,10599.28,2,0.129,3,0.239,0.348,0,2,1,3,2,0,4,1,0.302,0,1,3.837200904650588,2.336611107943567,0.9335954911174711,100.0,100.0,6.640450888252891,62.65618035530116,20.0,86.00000000000001,23.9,86.99999999999999,85.71428571428572,60.52285714285715,0.0,20.0,0,25.0,10.25,40.0,0,40.0,0,16.0,69.8,100,0,57.92,44.16956839230463,MODERATE,62.65618035530116,MODERATE
SME_0011,Professional Services,22658.77,16691.08,1435.69,34046.27,3563.79,72546.11,2,0.113,10,0.84,0.143,2,4,0,0,2,0,2,0,0.751,0,0,1.5025647905866026,0.7366278045983962,0.08601540463529023,75.12823952933013,36.831390229919805,91.39845953647098,70.14727274236338,20.0,75.33333333333334,84.0,35.74999999999999,35.71428571428571,50.15952380952382,40.0,40.0,100,100.0,70.0,40.0,0,20.0,100,42.0,24.9,100,100,69.96000000000001,60.88006277508997,HIGH,70.14727274236338,HIGH
SME_0012,Agriculture,23538.39,16804.68,10636.7,14391.52,15207.38,33477.86,3,0.083,1,0.331,0.356,1,2,1,2,0,1,1,1,0.765,1,1,0.6114063026400701,0.7139264835020578,0.6329605800288968,30.570315132003508,35.69632417510289,36.70394199711032,34.561568590976044,30.0,55.333333333333336,33.1,88.99999999999999,100.0,61.486666666666665,20.0,20.0,0,50.0,22.5,0.0,100,10.0,0,32.0,23.5,0,0,9.4,35.980137243959476,MODERATE,61.486666666666665,MODERATE
SME_0013,Agriculture,10359.19,34484.96,17989.47,82653.17,53682.49,10951.8,2,0.054,5,0.169,0.237,2,2,0,3,2,0,3,1,0.762,0,1,7.978729031903073,3.3289243657081293,0.5216613271408753,100.0,100.0,47.83386728591247,79.13354691436498,20.0,36.0,16.900000000000002,59.24999999999999,71.42857142857143,40.715714285714284,40.0,20.0,100,25.0,47.25,40.0,0,30.0,0,14.0,23.799999999999997,100,0,39.519999999999996,49.42099264573807,MODERATE,79.13354691436498,MODERATE
SME_0014,Hospitality,36929.64,28579.8,6109.22,35808.44,30615.18,7774.6,4,0.055,13,0.658,0.322,0,2,1,2,1,0,2,1,0.664,0,0,0.9696395632343019,0.7738986895079399,0.21376006829998812,48.4819781617151,38.694934475397,78.6239931700012,57.60267105913411,40.0,36.66666666666667,65.8,80.5,14.28571428571429,47.450476190476195,0.0,20.0,0,50.0,16.5,20.0,0,20.0,0,8.0,33.599999999999994,100,100,73.44,40.987420365359284,MODERATE,73.44,MODERATE
SME_0015,Transport,45457.16,18444.29,24201.3,51839.81,18897.94,40010.07,2,0.132,10,0.656,0.171,0,2,0,3,1,0,1,1,0.728,0,1,1.1404102236039382,0.4057510412001102,1.3121296618086138,57.020511180196905,20.28755206000551,0.0,23.19241897206072,20.0,88.00000000000001,65.60000000000001,42.75,35.71428571428571,50.41285714285715,0.0,20.0,100,25.0,35.25,20.0,0,10.0,0,6.0,27.200000000000003,100,0,40.88,31.598939977332503,MODERATE,50.41285714285715,MODERATE
SME_0016,Agriculture,19812.68,5456.58,15189.86,32138.13,24139.56,29717.3,3,0.006,10,0.181,0.045,0,3,1,2,0,1,3,0,0.867,0,1,1.6220990799831219,0.27540847578419475,2.783769320710042,81.1049539991561,13.770423789209737,0.0,28.462613336509747,30.0,4.0,18.099999999999998,11.249999999999998,35.71428571428571,19.81285714285714,0.0,30.0,0,50.0,18.5,0.0,100,30.0,100,66.0,13.3,100,0,35.32,30.623998286667213,MODERATE,66.0,MODERATE
SME_0017,Construction,129405.37,26733.74,68089.61,245886.61,17752.61,3372.05,5,0.148,2,0.371,0.173,0,2,0,2,2,0,0,1,0.849,1,1,1.900126787628674,0.20658910831907518,2.5469541485777896,95.0063393814337,10.32945541595376,0.0,31.600738439216236,50.0,98.66666666666667,37.1,43.24999999999999,92.85714285714286,64.37476190476191,0.0,20.0,100,50.0,41.5,40.0,0,0.0,0,8.0,15.100000000000001,0,0,6.040000000000001,35.677912007955356,MODERATE,64.37476190476191,MODERATE
SME_0018,Hospitality,19363.46,32113.06,3776.65,54466.97,14991.68,31885.32,5,0.1,12,0.944,0.183,1,1,1,0,1,0,3,1,0.324,1,1,2.812873835564512,1.6584360439714805,0.11760480004085565,100.0,82.92180219857403,88.23951999591443,90.17234865793799,50.0,66.66666666666667,94.39999999999999,45.74999999999999,21.42857142857143,55.64904761904762,20.0,10.0,0,100.0,33.0,20.0,0,30.0,0,10.0,67.6,0,0,27.04,51.7679665021433,HIGH,90.17234865793799,CRITICAL REVIEW
SME_0019,Manufacturing,17488.25,113374.88,18359.58,18415.71,22451.13,10443.4,2,0.102,10,0.677,0.22,0,2,0,3,2,0,4,0,0.321,0,1,1.0530333223735937,6.482917387388675,0.16193692994426986,52.651666118679685,100.0,83.80630700557302,79.31802263783311,20.0,68.0,67.7,54.99999999999999,35.71428571428571,49.28285714285714,0.0,20.0,100,25.0,35.25,40.0,0,40.0,100,46.0,67.9,100,0,57.160000000000004,55.78212107706422,HIGH,79.31802263783311,HIGH
SME_0020,Transport,17087.36,42551.63,2892.49,68180.89,2918.47,5529.44,1,0.006,13,0.721,0.042,0,2,0,4,2,1,4,0,0.887,1,1,3.9901359835574364,2.4902401541256225,0.06797600937966418,100.0,100.0,93.20239906203358,97.28095962481343,10.0,4.0,72.1,10.5,14.28571428571429,22.177142857142858,0.0,20.0,100,0.0,29.0,40.0,100,40.0,100,76.0,11.299999999999999,0,0,4.52,52.38057360172974,HIGH,97.28095962481343,CRITICAL REVIEW
SME_0021,Construction,13019.87,3939.41,1590.54,5833.36,11966.63,2021.06,1,0.091,2,0.281,0.397,2,1,1,0,1,0,2,1,0.702,0,1,0.4480351954358991,0.3025690732703168,0.4037508154774446,22.401759771794953,15.12845366351584,59.624918452255535,35.10903141149545,10.0,60.66666666666667,28.1,99.25,92.85714285714286,58.17476190476191,40.0,10.0,0,100.0,39.0,20.0,0,20.0,0,8.0,29.800000000000004,100,0,41.92,38.268399899639114,MODERATE,58.17476190476191,MODERATE
SME_0022,Construction,15985.07,19165.57,1044.89,33811.39,9297.37,9420.44,4,0.073,14,0.167,0.098,0,2,0,2,1,0,5,0,0.97,0,1,2.115185607570064,1.1989669109988257,0.05451911944179068,100.0,59.94834554994129,94.54808805582093,85.80373888731076,40.0,48.666666666666664,16.7,24.5,7.14285714285714,27.401904761904763,0.0,20.0,100,50.0,41.5,20.0,0,50.0,100,44.0,3.0000000000000027,100,0,31.200000000000003,50.61159785666942,HIGH,85.80373888731076,HIGH
SME_0023,Manufacturing,7937.55,76667.03,13705.07,41279.16,10735.95,11868.67,1,0.016,7,0.335,0.079,1,0,1,2,1,0,0,1,0.602,0,1,5.2004913354876505,9.658777582503417,0.17876093543730598,100.0,100.0,82.1239064562694,92.84956258250776,10.0,10.666666666666668,33.5,19.749999999999996,57.14285714285714,26.211904761904762,20.0,0.0,0,50.0,18.5,20.0,0,0.0,0,4.0,39.800000000000004,100,0,45.92,43.29984496522852,MODERATE,92.84956258250776,CRITICAL REVIEW
SME_0024,Transport,21448.39,29642.55,9618.51,34199.74,6601.85,50073.98,4,0.042,11,0.312,0.211,0,4,1,4,0,0,4,0,0.424,1,0,1.5945131546004152,1.382040796535311,0.3244832175369528,79.72565773002076,69.10203982676555,67.55167824630473,71.66898056555779,40.0,28.000000000000004,31.2,52.75,28.57142857142857,36.104285714285716,0.0,40.0,0,0.0,8.0,0.0,0,40.0,100,38.0,57.60000000000001,0,100,53.040000000000006,43.130765598238774,MODERATE,71.66898056555779,MODERATE
SME_0025,Hospitality,26176.32,23413.05,4954.97,21486.36,15974.99,28400.79,1,0.134,13,0.299,0.215,4,3,0,4,1,0,1,1,0.631,1,0,0.8208319580445227,0.8944362691165144,0.21163282870023342,41.04159790222614,44.72181345582572,78.83671712997666,57.263710259406224,10.0,89.33333333333334,29.9,53.75,14.28571428571429,39.45380952380953,80.0,30.0,100,0.0,55.0,20.0,0,10.0,0,6.0,36.9,0,100,44.76,43.418565458774246,MODERATE,57.263710259406224,MODERATE
SME_0026,Retail,4025.44,36986.56,1357.9,10901.76,4789.61,7101.52,5,0.082,3,0.264,0.176,0,2,1,2,0,0,1,1,0.606,1,0,2.708215747843714,9.188203028737231,0.03671333587119213,100.0,100.0,96.32866641288078,98.53146656515231,50.0,54.66666666666667,26.400000000000002,43.99999999999999,85.71428571428572,52.15619047619048,0.0,20.0,0,50.0,16.5,0.0,0,10.0,0,2.0,39.4,0,100,45.76,50.77448758859331,HIGH,98.53146656515231,CRITICAL REVIEW
SME_0027,Transport,23041.94,10940.47,4011.06,13624.24,6184.93,17035.76,1,0.062,13,0.589,0.309,1,5,1,4,1,0,0,1,0.662,0,1,0.5912800745076152,0.47480680880168946,0.36662593106146263,29.56400372538076,23.740340440084474,63.33740689385374,41.32626600718107,10.0,41.333333333333336,58.9,77.25,14.28571428571429,40.35380952380953,20.0,50.0,0,0.0,16.0,20.0,0,0.0,0,4.0,33.8,100,0,43.519999999999996,30.638332183106705,MODERATE,43.519999999999996,MODERATE
SME_0028,Manufacturing,25857.04,26386.27,8032.81,33223.99,5551.64,25242.55,1,0.011,8,0.379,0.207,1,4,1,1,1,0,1,0,0.866,1,1,1.2849108018551232,1.0204675399813745,0.3044314334689973,64.24554009275616,51.023376999068724,69.55685665310027,62.40341778878758,10.0,7.333333333333333,37.9,51.74999999999999,50.0,31.39666666666667,20.0,40.0,0,75.0,32.75,20.0,0,10.0,100,36.0,13.4,0,0,5.36,39.05619200330295,MODERATE,62.40341778878758,MODERATE
SME_0029,Construction,37733.45,14731.64,17683.13,9852.04,21761.38,12965.19,2,0.107,9,0.797,0.244,1,2,0,0,0,1,1,1,0.759,1,0,0.26109565915653093,0.39041328052430935,1.2003504022634277,13.054782957826546,19.520664026215467,0.0,9.772634095212604,20.0,71.33333333333334,79.7,61.0,42.85714285714286,54.97809523809525,20.0,20.0,100,100.0,60.0,0.0,100,10.0,0,32.0,24.099999999999998,0,100,39.64,37.44031403808759,MODERATE,60.0,MODERATE
SME_0030,Hospitality,65534.97,17719.63,7868.8,176155.12,9895.04,7074.3,4,0.105,14,0.256,0.289,1,1,1,3,0,0,3,1,0.43,0,0,2.6879560637625985,0.27038434594537847,0.44407247781133125,100.0,13.519217297268924,55.59275221886688,56.29286607672743,40.0,70.0,25.6,72.24999999999999,7.14285714285714,42.99857142857143,20.0,10.0,0,25.0,14.25,0.0,0,30.0,0,6.0,57.00000000000001,100,100,82.80000000000001,39.667502680161085,MODERATE,82.80000000000001,MODERATE
SME_0031,Transport,49400.44,34922.64,10293.39,2138.92,6605.06,7433.16,0,0.092,13,0.495,0.01,0,0,1,4,2,0,3,1,0.814,1,0,0.043297590061950865,0.7069297358485066,0.2947483351774093,2.164879503097543,35.34648679242533,70.52516648225907,39.46347648156049,0.0,61.33333333333334,49.5,2.5,14.28571428571429,25.52380952380953,0.0,0.0,0,0.0,0.0,40.0,0,30.0,0,14.0,18.600000000000005,0,100,37.440000000000005,24.06399532542053,LOW,39.46347648156049,LOW
SME_0032,Retail,15219.61,8576.29,5492.09,21709.71,7145.61,16976.54,4,0.077,8,0.112,0.228,0,0,0,4,1,1,3,1,0.714,0,1,1.4264301122039262,0.5635026127476329,0.6403806307855727,71.32150561019631,28.175130637381645,35.96193692144273,44.23376564285047,40.0,51.33333333333333,11.200000000000001,56.99999999999999,50.0,41.906666666666666,0.0,0.0,100,0.0,25.0,20.0,100,30.0,0,40.0,28.6,100,0,41.44,38.89079635952181,MODERATE,44.23376564285047,MODERATE
SME_0033,Retail,13870.25,50438.65,46001.12,33501.39,10034.99,17402.07,0,0.065,6,0.509,0.354,2,2,0,1,1,1,0,1,0.705,1,1,2.415341468250392,3.63646293325643,0.9120212376818174,100.0,100.0,8.797876231818258,63.519150492727306,0.0,43.333333333333336,50.9,88.49999999999999,64.28571428571428,49.40380952380952,40.0,20.0,100,75.0,59.75,20.0,100,0.0,0,34.0,29.500000000000004,0,0,11.800000000000002,49.636697528770576,MODERATE,63.519150492727306,MODERATE
SME_0034,Agriculture,39744.81,12834.31,2889.81,49830.05,43057.76,9218.82,1,0.089,5,0.147,0.007,0,0,0,3,1,0,2,1,0.775,0,0,1.2537498606736328,0.32291788537924826,0.2251628642287743,62.68749303368164,16.14589426896241,77.48371357712257,54.643501621642244,10.0,59.333333333333336,14.7,1.7499999999999998,71.42857142857143,31.442380952380958,0.0,0.0,100,25.0,31.25,20.0,0,20.0,0,8.0,22.499999999999996,100,100,69.0,38.60364572458791,MODERATE,69.0,MODERATE
SME_0035,Agriculture,16135.99,22173.59,3975.71,12004.39,3286.15,1136.18,3,0.035,3,0.931,0.162,1,4,0,1,1,1,0,0,0.695,1,0,0.7439512543079166,1.3741697906357155,0.1792993376354483,37.19756271539583,68.70848953178577,82.07006623645516,64.59984216873656,30.0,23.333333333333336,93.10000000000001,40.5,85.71428571428572,54.529523809523816,20.0,40.0,100,75.0,57.75,20.0,100,0.0,100,64.0,30.500000000000004,0,100,42.2,58.38233360300192,HIGH,64.59984216873656,HIGH
SME_0036,Professional Services,9359.88,5870.65,4889.47,93269.41,18366.79,3756.31,1,0.141,3,0.772,0.37,0,1,0,3,2,0,2,1,0.62,1,0,9.964808309508243,0.6272142377893734,0.832866888675019,100.0,31.360711889468668,16.7133111324981,46.09353801983984,10.0,94.0,77.2,92.5,85.71428571428572,71.88285714285715,0.0,10.0,100,25.0,33.25,40.0,0,20.0,0,12.0,38.0,0,100,45.2,44.768775691666235,MODERATE,71.88285714285715,MODERATE
SME_0037,Manufacturing,167032.64,32016.19,13765.23,7443.69,15290.95,20960.23,4,0.088,7,0.517,0.141,0,2,1,0,0,1,1,1,0.748,0,0,0.04456428396270333,0.19167624962402555,0.4299459117402789,2.2282141981351664,9.583812481201278,57.00540882597211,26.34577153418978,40.0,58.666666666666664,51.7,35.24999999999999,57.14285714285714,48.551904761904765,0.0,20.0,0,100.0,29.0,0.0,100,10.0,0,32.0,25.2,100,100,70.08,37.64970765073313,MODERATE,70.08,MODERATE
SME_0038,Transport,19497.7,57258.43,2830.86,17031.57,4517.31,1763.24,3,0.047,13,0.174,0.183,1,3,1,4,0,0,1,1,0.807,1,0,0.8735168763495181,2.9366761207732193,0.0494400562502325,43.67584381747591,100.0,95.05599437497675,81.12515089523347,30.0,31.333333333333336,17.4,45.74999999999999,14.28571428571429,27.753809523809526,20.0,30.0,0,0.0,12.0,0.0,0,10.0,0,2.0,19.299999999999994,0,100,37.72,37.74799764952242,MODERATE,81.12515089523347,MODERATE
SME_0039,Transport,15144.79,11925.26,9162.88,55809.55,37441.18,34836.64,2,0.067,5,0.604,0.393,0,2,0,0,1,0,2,0,0.458,0,0,3.6850659533740644,0.7874166627599326,0.7683589288619282,100.0,39.37083313799663,23.164107113807177,51.07689278692185,20.0,44.66666666666667,60.4,98.25,71.42857142857143,58.949047619047626,0.0,20.0,100,100.0,54.0,20.0,0,20.0,100,38.0,54.2,100,100,81.68,54.72832974083847,HIGH,81.68,HIGH
SME_0040,Professional Services,4328.29,7405.28,9434.3,84892.52,16247.47,30491.51,4,0.121,12,0.745,0.08,1,5,0,3,1,0,3,1,0.648,0,1,19.613408528541296,1.7109019959383498,1.2739963917637145,100.0,85.54509979691748,0.0,55.66352993907525,40.0,80.66666666666666,74.5,20.0,21.42857142857143,47.319047619047616,20.0,50.0,100,25.0,47.25,20.0,0,30.0,0,10.0,35.199999999999996,100,0,44.08,43.88682088648448,MODERATE,55.66352993907525,MODERATE
SME_0041,Construction,49402.33,22482.97,3995.16,7368.37,6332.06,12452.15,7,0.024,14,0.262,0.026,1,1,0,4,2,1,3,1,0.621,1,0,0.14915025262978487,0.4550993849885218,0.17769716367543967,7.4575126314892435,22.75496924942609,82.23028363245604,41.955858017257015,70.0,16.0,26.200000000000003,6.499999999999999,7.14285714285714,25.16857142857143,20.0,10.0,100,0.0,33.0,40.0,100,30.0,0,44.0,37.9,0,100,45.16,36.59490026231996,MODERATE,45.16,MODERATE
SME_0042,Construction,11342.16,57640.2,11127.52,422518.9,1875.95,20553.77,4,0.044,6,0.583,0.344,1,0,1,1,1,0,3,1,0.328,0,1,37.25206662575735,5.081942063945491,0.19305137733734443,100.0,100.0,80.69486226626556,92.27794490650624,40.0,29.333333333333332,58.3,85.99999999999999,64.28571428571428,55.58380952380952,20.0,0.0,0,75.0,24.75,20.0,0,30.0,0,10.0,67.19999999999999,100,0,56.879999999999995,53.717335852904256,HIGH,92.27794490650624,CRITICAL REVIEW
SME_0043,Professional Services,25579.01,5643.4,2920.13,12227.72,12290.38,19313.49,4,0.102,14,0.792,0.347,0,3,1,2,2,1,2,1,0.884,0,1,0.47803726571122185,0.22062620875475633,0.5174416132118936,23.90186328556109,11.031310437737817,48.25583867881063,29.782287588513928,40.0,68.0,79.2,86.75,7.14285714285714,56.21857142857144,0.0,30.0,0,50.0,18.5,40.0,100,20.0,0,42.0,11.6,100,0,34.64,36.45332913369703,MODERATE,56.21857142857144,MODERATE
SME_0044,Construction,54259.3,7428.51,2617.89,8076.95,9605.29,10801.89,3,0.047,6,0.753,0.189,2,2,1,1,0,0,4,1,0.564,1,0,0.14885835239304598,0.13690759003525663,0.3524111834001704,7.442917619652299,6.845379501762832,64.75888165998296,30.190041800417724,30.0,31.333333333333336,75.3,47.25,64.28571428571428,49.633809523809525,40.0,20.0,0,75.0,34.75,0.0,0,40.0,0,8.0,43.60000000000001,0,100,47.440000000000005,34.359464921077695,MODERATE,49.633809523809525,MODERATE
SME_0045,Agriculture,11485.22,12516.15,8837.88,49596.1,3954.85,3484.79,3,0.119,9,0.783,0.206,0,3,0,2,4,0,3,1,0.351,1,0,4.318254243279624,1.0897614499330444,0.7061180954207164,100.0,54.488072496652215,29.388190457928363,58.10169793216701,30.0,79.33333333333333,78.3,51.49999999999999,42.85714285714286,56.39809523809524,0.0,30.0,100,50.0,43.5,80.0,0,30.0,0,22.0,64.9,0,100,55.96000000000001,49.12603318917392,MODERATE,58.10169793216701,MODERATE
SME_0046,Transport,26641.28,9338.04,1521.48,21176.75,3909.2,28658.56,2,0.02,1,0.847,0.334,0,2,0,1,0,0,4,1,0.621,1,0,0.794884855382324,0.3505101856967834,0.16293354922446251,39.7442427691162,17.52550928483917,83.70664507755374,50.663583647208114,20.0,13.333333333333334,84.7,83.5,100.0,60.30666666666667,0.0,20.0,100,75.0,47.75,0.0,0,40.0,0,8.0,37.9,0,100,45.16,45.541741760829105,MODERATE,60.30666666666667,MODERATE
SME_0047,Professional Services,84597.59,9361.67,936.73,18267.89,21850.94,42581.23,2,0.114,8,0.897,0.295,2,0,1,3,0,0,3,1,0.413,1,1,0.21593865735418705,0.11066119023012358,0.10006013884274921,10.796932867709351,5.533059511506179,89.99398611572508,40.89659216005469,20.0,76.0,89.7,73.75,50.0,61.89,40.0,0.0,0,25.0,18.25,0.0,0,30.0,0,6.0,58.699999999999996,0,0,23.48,34.6394776480164,MODERATE,61.89,MODERATE
SME_0048,Transport,3502.5,3370.55,13630.02,54425.97,1720.23,4043.76,3,0.01,10,0.445,0.106,3,2,1,0,1,0,4,1,0.793,1,1,15.53917773019272,0.962326909350464,4.043856343920131,100.0,48.1163454675232,0.0,44.43490364025696,30.0,6.666666666666667,44.5,26.499999999999996,35.71428571428571,28.676190476190477,60.0,20.0,0,100.0,47.0,20.0,0,40.0,0,12.0,20.699999999999996,0,0,8.28,32.527518711124706,MODERATE,47.0,MODERATE
SME_0049,Retail,13071.98,28835.79,22837.67,6513.66,13269.12,3369.54,3,0.002,13,0.583,0.007,0,1,0,2,0,0,3,1,0.7,1,0,0.49829176605227365,2.2059236626739027,0.7919904396584938,24.914588302613684,100.0,20.80095603415062,45.79475890444435,30.0,1.3333333333333335,58.3,1.7499999999999998,14.28571428571429,21.133809523809525,0.0,10.0,100,50.0,39.5,0.0,0,30.0,0,6.0,30.000000000000004,0,100,42.0,32.02188005228569,MODERATE,45.79475890444435,MODERATE
SME_0050,Agriculture,12124.67,23602.39,5016.03,5468.82,8447.68,10609.92,2,0.135,13,0.772,0.192,0,3,0,3,3,1,2,0,0.489,0,0,0.45104897700308544,1.9466418467471691,0.21252212170038712,22.55244885015427,97.33209233735846,78.7477878299613,67.46447748823834,20.0,90.00000000000001,77.2,48.0,14.28571428571429,49.89714285714287,0.0,30.0,100,25.0,37.25,60.0,100,20.0,100,76.0,51.1,100,100,80.44,59.607628960757225,HIGH,80.44,HIGH
SME_0051,Hospitality,21527.94,4624.15,4101.57,16506.83,15643.01,6829.86,3,0.087,5,0.693,0.344,3,3,1,0,1,0,2,1,0.965,0,1,0.766763099488386,0.214797607202547,0.8869889601332137,38.3381549744193,10.73988036012735,11.30110398667863,19.243852195035448,30.0,57.99999999999999,69.3,85.99999999999999,71.42857142857143,62.94571428571428,60.0,30.0,0,100.0,49.0,20.0,0,20.0,0,8.0,3.500000000000003,100,0,31.400000000000002,35.64958422993921,MODERATE,62.94571428571428,MODERATE
SME_0052,Agriculture,24062.22,57750.29,21866.96,88155.22,7673.02,13672.15,3,0.053,13,0.946,0.358,0,1,1,0,1,1,2,1,0.504,1,1,3.6636361898444947,2.4000399796859972,0.37864675657905783,100.0,100.0,62.13532434209421,84.85412973683768,30.0,35.333333333333336,94.6,89.49999999999999,14.28571428571429,52.743809523809524,0.0,10.0,0,100.0,27.0,20.0,100,20.0,0,38.0,49.6,0,0,19.840000000000003,51.726191302003684,HIGH,84.85412973683768,HIGH
SME_0053,Professional Services,10695.96,69078.64,2544.42,17238.45,13020.6,35591.3,3,0.035,6,0.112,0.382,0,0,0,4,2,0,4,0,0.688,0,0,1.611678615103273,6.458386157016294,0.03683367246373119,80.58393075516365,100.0,96.31663275362689,92.70183232799985,30.0,23.333333333333336,11.200000000000001,95.5,64.28571428571428,44.86380952380952,0.0,0.0,100,0.0,25.0,40.0,0,40.0,100,46.0,31.200000000000006,100,100,72.48,58.17450207935234,HIGH,92.70183232799985,CRITICAL REVIEW
SME_0054,Hospitality,14811.1,9871.46,2046.37,148465.72,5124.78,1590.11,4,0.093,6,0.402,0.352,1,3,0,4,1,0,0,1,0.861,0,1,10.023949605363544,0.6664906725361384,0.20730165547953394,100.0,33.32453362680692,79.26983445204661,71.70529386886072,40.0,62.0,40.2,87.99999999999999,64.28571428571428,58.897142857142846,20.0,30.0,100,0.0,37.0,20.0,0,0.0,0,4.0,13.900000000000002,100,0,35.56,47.791873874943924,MODERATE,71.70529386886072,MODERATE
SME_0055,Retail,13467.72,45769.17,16233.52,99704.63,9566.82,49801.81,3,0.076,1,0.339,0.232,0,1,1,4,1,0,3,1,0.66,1,1,7.403230093883747,3.3984349243970025,0.3546824205027096,100.0,100.0,64.53175794972904,85.81270317989161,30.0,50.66666666666667,33.900000000000006,57.99999999999999,100.0,54.513333333333335,0.0,10.0,0,0.0,2.0,20.0,0,30.0,0,10.0,34.0,0,0,13.600000000000001,42.63214428730081,MODERATE,85.81270317989161,MODERATE
SME_0056,Professional Services,18882.67,11381.32,8072.63,39811.01,15529.8,8322.02,8,0.149,3,0.323,0.178,1,6,1,2,2,1,3,1,0.973,1,1,2.108335844454201,0.6027389135117015,0.7092876748918403,100.0,30.136945675585075,29.07123251081597,50.66957670700191,80.0,99.33333333333333,32.300000000000004,44.49999999999999,85.71428571428572,68.36952380952381,20.0,60.0,0,50.0,30.5,40.0,100,30.0,0,44.0,2.7000000000000024,0,0,1.080000000000001,45.10125396448152,MODERATE,68.36952380952381,MODERATE
SME_0057,Manufacturing,29768.6,20806.49,23203.85,42136.79,11454.35,19020.32,3,0.147,12,0.289,0.31,1,2,1,2,1,0,1,1,0.891,0,1,1.415477718132529,0.6989408302708223,1.115221740908726,70.77388590662646,34.947041513541116,0.0,31.71627822605027,30.0,98.0,28.9,77.49999999999999,21.42857142857143,51.16571428571429,20.0,20.0,0,50.0,22.5,20.0,0,10.0,0,6.0,10.899999999999999,100,0,34.36,31.14231203924365,MODERATE,51.16571428571429,MODERATE
SME_0058,Transport,51796.74,9223.57,940.99,39773.47,14081.49,20942.07,2,0.095,6,0.703,0.296,3,1,1,0,3,1,6,1,0.945,0,1,0.7678759319601968,0.17807240378448527,0.10202015054908241,38.393796598009835,8.903620189224263,89.79798494509176,50.10841901420693,20.0,63.33333333333334,70.3,73.99999999999999,64.28571428571428,58.383809523809525,60.0,10.0,0,100.0,45.0,60.0,100,60.0,0,54.0,5.500000000000005,100,0,32.2,49.94847808521446,MODERATE,58.383809523809525,MODERATE
SME_0059,Retail,58156.67,105823.54,1971.45,35195.39,4338.18,23259.5,4,0.066,14,0.172,0.215,4,2,1,2,0,0,1,1,0.561,0,1,0.6051823462381873,1.8196285997805581,0.01862959791365891,30.259117311909367,90.9814299890279,98.1370402086341,75.62698027373483,40.0,44.00000000000001,17.2,53.75,7.14285714285714,32.41857142857143,80.0,20.0,0,50.0,40.5,0.0,0,10.0,0,2.0,43.89999999999999,100,0,47.56,43.948736939263306,MODERATE,75.62698027373483,MODERATE
SME_0060,Transport,42173.13,14204.49,8115.48,20800.06,5876.6,12687.58,0,0.074,14,0.73,0.035,0,2,1,0,2,1,1,1,0.684,0,1,0.4932064563384317,0.33681374846970097,0.5713320224802158,24.660322816921585,16.840687423485047,42.866797751978424,29.59702217291336,0.0,49.333333333333336,73.0,8.75,7.14285714285714,27.645238095238096,0.0,20.0,0,100.0,29.0,40.0,100,10.0,0,40.0,31.599999999999994,100,0,42.64,31.854416175683532,MODERATE,42.64,MODERATE
SME_0061,Construction,12424.83,19916.15,12147.4,23359.64,5969.0,15656.89,4,0.102,11,0.689,0.37,0,0,1,3,2,1,3,1,0.888,0,1,1.8800772324450314,1.6029313881960559,0.6099271194482869,94.00386162225158,80.1465694098028,39.00728805517131,67.84804453168483,40.0,68.0,68.89999999999999,92.5,28.57142857142857,59.59428571428572,0.0,0.0,0,25.0,6.25,40.0,100,30.0,0,44.0,11.2,100,0,34.48,46.55098478807688,MODERATE,67.84804453168483,MODERATE
SME_0062,Manufacturing,24934.17,10381.46,18661.05,10290.67,7797.04,15565.03,2,0.015,11,0.313,0.182,2,3,0,1,0,0,3,1,0.932,1,1,0.4127135573391856,0.4163547453153644,1.7975361846984914,20.635677866959277,20.817737265768223,0.0,12.436024539818249,20.0,10.0,31.3,45.49999999999999,28.57142857142857,27.074285714285715,40.0,30.0,100,75.0,61.75,0.0,0,30.0,0,6.0,6.799999999999995,0,0,2.7199999999999984,24.021378790516902,LOW,61.75,LOW
SME_0063,Manufacturing,167057.71,79792.08,9528.23,3290.88,33964.29,6804.96,1,0.049,9,0.315,0.145,0,1,1,0,2,0,6,1,0.961,0,0,0.01969906088141637,0.4776318315389335,0.1194132299847303,0.9849530440708185,23.881591576946676,88.05867700152696,42.68343418691603,10.0,32.66666666666667,31.5,36.24999999999999,42.85714285714286,30.65476190476191,0.0,10.0,0,100.0,27.0,40.0,0,60.0,0,20.0,3.9000000000000035,100,100,61.56,35.02472073226529,MODERATE,61.56,MODERATE
SME_0064,Retail,56289.16,81423.46,9431.89,90492.59,7270.49,2466.15,2,0.011,6,0.635,0.252,1,2,1,0,0,0,2,1,0.915,0,0,1.6076379537374512,1.4465211419036987,0.11583749941355967,80.38189768687256,72.32605709518494,88.41625005864402,81.17888645807486,20.0,7.333333333333333,63.5,63.0,64.28571428571428,43.62380952380953,20.0,20.0,0,100.0,35.0,0.0,0,20.0,0,4.0,8.499999999999996,100,100,63.4,49.19961831837483,MODERATE,81.17888645807486,MODERATE
SME_0065,Manufacturing,17574.91,66361.37,5419.7,35108.94,3572.91,4005.38,1,0.011,12,0.748,0.27,1,2,1,3,1,1,3,1,0.812,1,1,1.997673956794089,3.7759152109456036,0.08166950139817789,99.88369783970445,100.0,91.83304986018221,96.69832929598422,10.0,7.333333333333333,74.8,67.5,21.42857142857143,36.212380952380954,20.0,20.0,0,25.0,16.25,20.0,100,30.0,0,40.0,18.799999999999994,0,0,7.519999999999998,48.06459402689051,MODERATE,96.69832929598422,CRITICAL REVIEW
SME_0066,Hospitality,88633.19,38687.79,39265.51,30186.92,16282.1,10925.42,1,0.029,13,0.845,0.084,1,3,1,4,1,0,2,0,0.317,1,1,0.34058257408990916,0.43649325946634665,1.0149328767551726,17.02912870449546,21.82466297331733,0.0,11.656137503343835,10.0,19.333333333333336,84.5,21.0,14.28571428571429,29.823809523809526,20.0,30.0,0,0.0,12.0,20.0,0,20.0,100,38.0,68.30000000000001,0,0,27.320000000000007,21.784793631955537,LOW,38.0,LOW
SME_0067,Manufacturing,18327.83,10919.39,2654.93,44685.39,33601.28,5910.8,4,0.073,6,0.824,0.335,0,1,1,4,1,0,3,1,0.52,0,1,2.4381167874210967,0.5957819338132228,0.24313903981815835,100.0,29.789096690661136,75.68609601818417,69.21116741447202,40.0,48.666666666666664,82.39999999999999,83.75,64.28571428571428,63.82047619047619,0.0,10.0,0,0.0,2.0,20.0,0,30.0,0,10.0,48.0,100,0,49.2,43.53846927196065,MODERATE,69.21116741447202,MODERATE
SME_0068,Transport,14645.81,34905.76,11455.41,13102.46,3213.93,5923.1,3,0.118,1,0.92,0.116,2,1,1,4,0,0,3,1,0.39,0,0,0.8946217382309343,2.383327381688005,0.32818107956967557,44.73108691154671,100.0,67.18189204303245,70.292082890677,30.0,78.66666666666666,92.0,28.999999999999996,100.0,65.93333333333334,40.0,10.0,0,0.0,14.0,0.0,0,30.0,0,6.0,61.0,100,100,84.4,49.710958200536425,MODERATE,84.4,MODERATE
SME_0069,Transport,76360.18,17898.87,2979.13,11024.67,59034.07,60596.22,2,0.073,9,0.594,0.075,1,2,0,0,2,0,4,1,0.408,0,1,0.14437721335910944,0.23440057370215733,0.1664423508299686,7.218860667955472,11.720028685107867,83.35576491700314,39.023972772720256,20.0,48.666666666666664,59.4,18.749999999999996,42.85714285714286,37.93476190476191,20.0,20.0,100,100.0,60.0,40.0,0,40.0,0,16.0,59.20000000000001,100,0,53.68000000000001,40.95888230800656,MODERATE,60.0,MODERATE
SME_0070,Professional Services,8768.42,51433.96,13656.56,22590.12,14530.41,25995.2,3,0.05,4,0.872,0.163,2,1,0,0,0,0,2,0,0.504,1,0,2.5763045109609255,5.865818471286731,0.2655164020036567,100.0,100.0,73.44835979963433,89.37934391985374,30.0,33.333333333333336,87.2,40.75,78.57142857142857,53.97095238095238,40.0,10.0,100,100.0,64.0,0.0,0,20.0,100,34.0,49.6,0,100,49.84,63.19054127119422,HIGH,89.37934391985374,HIGH
SME_0071,Transport,5407.86,43951.79,2836.08,117836.24,25357.81,9564.31,3,0.012,2,0.787,0.292,1,3,0,2,2,0,2,0,0.352,0,0,21.7898096474391,8.127390501973055,0.06452706476801058,100.0,100.0,93.54729352319893,97.41891740927957,30.0,8.0,78.7,72.99999999999999,92.85714285714286,56.51142857142857,20.0,30.0,100,50.0,49.5,40.0,0,20.0,100,42.0,64.8,100,100,85.92,68.14553236564102,HIGH,97.41891740927957,CRITICAL REVIEW
SME_0072,Professional Services,53085.48,10707.66,16831.59,9322.74,37447.86,21971.32,3,0.083,1,0.86,0.386,3,1,0,2,0,0,5,0,0.47,1,0,0.17561751348956436,0.2017060032234803,1.5719204756221248,8.780875674478219,10.085300161174015,0.0,5.65985275069567,30.0,55.333333333333336,86.0,96.5,100.0,73.56666666666666,60.0,10.0,100,50.0,57.5,0.0,0,50.0,100,40.0,53.0,0,100,51.2,42.709622491875365,MODERATE,73.56666666666666,MODERATE
SME_0073,Transport,25560.0,38422.08,8949.04,2168.71,23997.29,8220.78,5,0.041,3,0.11,0.324,0,4,0,1,0,1,3,1,0.97,1,1,0.08484780907668232,1.503211267605634,0.23291399112177166,4.242390453834116,75.1605633802817,76.70860088782283,54.50432650536388,50.0,27.333333333333336,11.0,81.0,85.71428571428572,51.00952380952381,0.0,40.0,100,75.0,51.75,0.0,100,30.0,0,36.0,3.0000000000000027,0,0,1.200000000000001,44.97367890399011,MODERATE,54.50432650536388,MODERATE
SME_0074,Hospitality,27681.61,31062.44,45790.69,17810.64,9053.06,13257.42,4,0.092,3,0.921,0.376,0,0,1,1,1,1,1,1,0.518,0,0,0.6434105530711545,1.1221327083215173,1.4741498092229717,32.17052765355773,56.10663541607587,0.0,26.483148920890073,40.0,61.33333333333334,92.10000000000001,94.0,85.71428571428572,74.62952380952382,0.0,0.0,0,75.0,18.75,20.0,100,10.0,0,36.0,48.199999999999996,100,100,79.28,43.68032562864798,MODERATE,79.28,MODERATE
SME_0075,Professional Services,18722.72,1957.21,6040.11,94056.65,29919.59,17856.59,1,0.147,5,0.503,0.056,1,2,0,2,2,0,2,1,0.412,0,0,5.02366376253023,0.10453662715673791,3.0860817183644063,100.0,5.226831357836895,0.0,31.56804940735107,10.0,98.0,50.3,13.999999999999998,71.42857142857143,48.745714285714286,20.0,20.0,100,50.0,47.5,40.0,0,20.0,0,12.0,58.80000000000001,100,100,83.52000000000001,41.30884339363389,MODERATE,83.52000000000001,MODERATE
SME_0076,Agriculture,20657.56,34162.24,12236.31,5305.02,12575.18,8240.5,2,0.017,1,0.778,0.028,2,5,1,0,1,1,1,1,0.803,1,1,0.256807677189368,1.6537403255757213,0.35818230888841013,12.8403838594684,82.68701627878606,64.18176911115899,54.33092768593993,20.0,11.333333333333334,77.8,6.999999999999999,100.0,43.22666666666667,40.0,50.0,0,100.0,47.0,20.0,100,10.0,0,36.0,19.699999999999996,0,0,7.879999999999999,42.69394497244864,MODERATE,54.33092768593993,MODERATE
SME_0077,Construction,17329.11,12742.4,3668.51,9215.75,26682.86,6476.51,3,0.032,7,0.208,0.223,0,3,1,3,1,0,2,1,0.88,0,1,0.5318074615488043,0.7353176245058171,0.2878978842290307,26.590373077440216,36.765881225290855,71.21021157709693,47.49096092165809,30.0,21.333333333333336,20.8,55.75,57.14285714285714,37.0052380952381,0.0,30.0,0,25.0,12.25,20.0,0,20.0,0,8.0,12.0,100,0,34.8,30.628597800306952,MODERATE,47.49096092165809,MODERATE
SME_0078,Retail,15151.23,8859.92,5998.73,39046.14,29443.5,36105.5,3,0.071,13,0.437,0.116,0,3,1,2,0,0,3,1,0.52,0,1,2.577093740904204,0.58476572529095,0.6770636755185148,100.0,29.238286264547497,32.29363244814852,51.68893885862366,30.0,47.333333333333336,43.7,28.999999999999996,14.28571428571429,32.86380952380953,0.0,30.0,0,50.0,18.5,0.0,0,30.0,0,6.0,48.0,100,0,49.2,33.24263403853948,MODERATE,51.68893885862366,MODERATE
SME_0079,Transport,18418.35,9168.4,8892.35,391938.3,3746.34,20855.3,5,0.145,1,0.331,0.331,0,2,0,0,0,0,1,1,0.495,0,1,21.279772618068396,0.49778617520027585,0.9698911478556783,100.0,24.889308760013794,3.0108852144321685,38.671146713777006,50.0,96.66666666666667,33.1,82.75,100.0,72.50333333333333,0.0,20.0,100,100.0,54.0,0.0,0,10.0,0,2.0,50.5,100,0,50.2,45.847177347466435,MODERATE,72.50333333333333,MODERATE
SME_0080,Manufacturing,17959.42,16154.16,1737.11,7713.61,20439.23,1577.37,2,0.116,4,0.348,0.269,0,4,0,2,0,1,0,0,0.469,0,0,0.42950217768725274,0.8994811636455966,0.10753329173414154,21.475108884362637,44.97405818227983,89.24667082658586,55.63341845062708,20.0,77.33333333333334,34.8,67.25,78.57142857142857,55.59095238095239,0.0,40.0,100,50.0,45.5,0.0,100,0.0,100,60.0,53.1,100,100,81.24000000000001,56.81176363042622,HIGH,81.24000000000001,HIGH
SME_0081,Transport,12884.29,26427.88,1938.31,7420.63,8489.94,6577.04,3,0.135,6,0.205,0.388,1,3,0,4,3,1,3,1,0.575,0,0,0.5759440372732995,2.0511708444935652,0.07334337828081555,28.797201863664974,100.0,92.66566217191846,75.70542542786689,30.0,90.00000000000001,20.5,97.0,64.28571428571428,60.35714285714286,20.0,30.0,100,0.0,37.0,60.0,100,30.0,0,48.0,42.50000000000001,100,100,77.0,60.10091334264578,HIGH,77.0,HIGH
SME_0082,Manufacturing,16163.26,6037.57,14574.9,42093.6,11324.37,5940.31,4,0.05,1,0.785,0.102,0,0,1,2,1,0,2,1,0.361,1,1,2.6042766125150494,0.3735366504034458,2.414034122999816,100.0,18.67683252017229,0.0,35.60304975605169,40.0,33.333333333333336,78.5,25.499999999999996,100.0,55.46666666666667,0.0,0.0,0,50.0,12.5,20.0,0,20.0,0,8.0,63.9,0,0,25.560000000000002,30.80358159348217,MODERATE,55.46666666666667,MODERATE
SME_0083,Construction,3375.92,20952.33,6912.66,100070.19,11211.82,6861.2,2,0.149,7,0.108,0.194,1,1,1,4,1,0,3,1,0.768,0,1,29.642346382615703,6.206405957487145,0.32992321140417313,100.0,100.0,67.00767885958268,86.80307154383307,20.0,99.33333333333333,10.8,48.5,57.14285714285714,47.1552380952381,20.0,10.0,0,0.0,8.0,20.0,0,30.0,0,10.0,23.2,100,0,39.28,44.857730986959446,MODERATE,86.80307154383307,MODERATE
SME_0084,Construction,43232.37,28553.46,4421.66,16072.32,10814.18,26077.39,2,0.015,10,0.366,0.2,1,6,0,0,0,0,0,1,0.876,1,0,0.3717658782065383,0.6604648322541651,0.1548554886167911,18.588293910326914,33.023241612708254,84.5144511383209,49.28924111223891,20.0,10.0,36.6,50.0,35.71428571428571,30.462857142857143,20.0,60.0,100,100.0,68.0,0.0,0,0.0,0,0.0,12.4,0,100,34.96,39.498486619385965,MODERATE,68.0,MODERATE
SME_0085,Construction,34160.79,79823.38,3828.43,5928.69,39399.69,12209.23,1,0.008,7,0.248,0.096,2,4,0,4,1,0,2,1,0.765,0,1,0.17355248517379135,2.3366959604856916,0.04796126147502147,8.677624258689567,100.0,95.20387385249785,70.68483681860602,10.0,5.333333333333334,24.8,24.0,57.14285714285714,24.2552380952381,40.0,40.0,100,0.0,45.0,20.0,0,20.0,0,8.0,23.5,100,0,39.4,41.40926056939133,MODERATE,70.68483681860602,MODERATE
SME_0086,Manufacturing,23358.22,7606.63,3978.69,46290.96,2923.5,3435.77,3,0.128,3,0.601,0.236,2,5,0,2,1,0,0,1,0.595,0,1,1.9817845709133657,0.3256510984141771,0.5230555449653789,99.08922854566828,16.282554920708854,47.69444550346211,53.68931324129798,30.0,85.33333333333334,60.099999999999994,59.0,85.71428571428572,64.02952380952382,40.0,50.0,100,50.0,59.5,20.0,0,0.0,0,4.0,40.5,100,0,46.2,49.23417492477035,MODERATE,64.02952380952382,MODERATE
SME_0087,Transport,30226.99,13608.33,8953.03,55480.9,2122.25,8499.55,4,0.139,4,0.316,0.177,0,3,1,4,1,0,1,1,0.502,0,1,1.8354755137709708,0.45020460191372014,0.657908060724571,91.77377568854854,22.51023009568601,34.209193927542906,47.968879306287526,40.0,92.66666666666667,31.6,44.24999999999999,78.57142857142857,57.417619047619056,0.0,30.0,0,0.0,6.0,20.0,0,10.0,0,6.0,49.8,100,0,49.92,35.83706855379102,MODERATE,57.417619047619056,MODERATE
SME_0088,Construction,31116.49,22191.34,12484.37,177656.61,1755.27,19540.13,6,0.014,6,0.32,0.179,1,3,1,3,1,0,2,1,0.587,1,0,5.709403920557877,0.7131697694695,0.562578465293218,100.0,35.658488473474996,43.742153470678204,58.19440793031379,60.0,9.333333333333334,32.0,44.74999999999999,64.28571428571428,42.07380952380952,20.0,30.0,0,25.0,18.25,20.0,0,20.0,0,8.0,41.300000000000004,0,100,46.52,37.47877476004652,MODERATE,58.19440793031379,MODERATE
SME_0089,Hospitality,14008.64,45073.71,987.41,57866.84,26175.27,9847.58,2,0.017,14,0.515,0.145,1,0,0,4,0,0,2,0,0.597,0,0,4.130796422779085,3.2175650170180687,0.02190656149671283,100.0,100.0,97.80934385032872,99.12373754013149,20.0,11.333333333333334,51.5,36.24999999999999,7.14285714285714,25.245238095238097,20.0,0.0,100,0.0,31.0,0.0,0,20.0,100,34.0,40.300000000000004,100,100,76.12,54.96043078584898,HIGH,99.12373754013149,CRITICAL REVIEW
SME_0090,Professional Services,16326.86,14111.54,32860.64,68666.64,4985.29,6717.38,5,0.005,11,0.655,0.007,0,2,1,4,1,0,2,1,0.766,1,1,4.20574684905732,0.8643143874572331,2.3286359957878444,100.0,43.215719372861656,0.0,42.9647158118585,50.0,3.3333333333333335,65.5,1.7499999999999998,28.57142857142857,29.830952380952382,0.0,20.0,0,0.0,4.0,20.0,0,20.0,0,8.0,23.4,0,0,9.36,23.283152838795644,LOW,42.9647158118585,LOW
SME_0091,Manufacturing,38150.13,46959.47,30604.35,23081.98,11263.34,16167.52,4,0.016,7,0.203,0.209,0,2,0,1,0,0,0,0,0.95,0,1,0.605030179451551,1.230912450363865,0.6517183860891104,30.25150897257755,61.545622518193255,34.82816139108896,41.47040400366683,40.0,10.666666666666668,20.3,52.25,57.14285714285714,36.07190476190476,0.0,20.0,100,75.0,47.75,0.0,0,0.0,100,30.0,5.000000000000004,100,0,32.0,38.709097391576236,MODERATE,47.75,MODERATE
SME_0092,Manufacturing,29514.41,3820.88,777.86,344709.39,9019.06,51484.45,7,0.031,14,0.249,0.134,0,3,1,3,0,0,3,0,0.349,1,1,11.679358997859012,0.12945811893241302,0.20358137392433157,100.0,6.472905946620651,79.64186260756685,63.798616827012935,70.0,20.666666666666668,24.9,33.5,7.14285714285714,31.24190476190476,0.0,30.0,0,25.0,12.25,0.0,0,30.0,100,36.0,65.10000000000001,0,0,26.040000000000006,37.40406123858007,MODERATE,63.798616827012935,MODERATE
SME_0093,Transport,128192.39,6604.12,23697.47,20147.0,4503.47,18177.58,4,0.146,13,0.31,0.001,0,1,0,0,1,1,6,1,0.967,0,1,0.15716221532339011,0.05151725465138765,3.588285797350745,7.8581107661695055,2.5758627325693824,0.0,3.1301920496216664,40.0,97.33333333333333,31.0,0.25,14.28571428571429,36.57380952380953,0.0,10.0,100,100.0,52.0,20.0,100,60.0,0,46.0,3.300000000000003,100,0,31.32,30.514509995838882,MODERATE,52.0,MODERATE
SME_0094,Manufacturing,91337.88,23790.52,22980.83,16269.22,21518.53,38696.69,3,0.1,4,0.928,0.123,0,5,1,4,1,0,1,1,0.937,0,0,0.17812127892611476,0.26046717966302696,0.9659658553070719,8.906063946305737,13.023358983151349,3.403414469292809,7.940192666554249,30.0,66.66666666666667,92.80000000000001,30.75,78.57142857142857,59.75761904761905,0.0,50.0,0,0.0,10.0,20.0,0,10.0,0,6.0,6.2999999999999945,100,100,62.519999999999996,26.473462561871035,LOW,62.519999999999996,LOW
SME_0095,Manufacturing,52735.33,5822.4,8003.56,183224.52,8916.19,7135.3,2,0.117,10,0.438,0.111,0,7,0,3,0,0,2,1,0.382,1,1,3.4744168662640393,0.11040795610836225,1.3746152789227812,100.0,5.520397805418113,0.0,31.656119341625434,20.0,78.0,43.8,27.749999999999996,35.71428571428571,41.052857142857135,0.0,70.0,100,25.0,45.25,0.0,0,20.0,0,4.0,61.8,0,0,24.72,31.882050088201918,MODERATE,45.25,MODERATE
SME_0096,Construction,13592.09,7034.28,2186.44,6868.6,8073.79,11910.03,5,0.116,11,0.609,0.157,0,3,1,0,0,0,3,1,0.429,0,1,0.5053380311637137,0.5175274736997768,0.31082641009456546,25.266901558185683,25.87637368498884,68.91735899054345,42.90992616916974,50.0,77.33333333333334,60.9,39.24999999999999,28.57142857142857,51.210952380952385,0.0,30.0,0,100.0,31.0,0.0,0,30.0,0,6.0,57.099999999999994,100,0,52.84,38.05971594598902,MODERATE,52.84,MODERATE
SME_0097,Transport,15914.49,11800.6,22079.94,4729.36,12331.65,11695.57,6,0.08,9,0.305,0.053,1,2,1,3,1,0,3,0,0.518,0,1,0.29717320504772693,0.74150035596491,1.8710862159551207,14.858660252386347,37.075017798245504,0.0,15.580103415189555,60.0,53.333333333333336,30.5,13.249999999999998,42.85714285714286,39.98809523809524,20.0,20.0,0,25.0,16.25,20.0,0,30.0,100,40.0,48.199999999999996,100,0,49.28,28.84905483408068,LOW,49.28,LOW
SME_0098,Construction,11214.85,33365.52,6285.28,33809.92,19130.42,13352.69,2,0.12,9,0.517,0.203,0,4,1,1,0,0,2,1,0.692,0,1,3.014745627449319,2.975119595892945,0.18837650364807743,100.0,100.0,81.16234963519226,92.4649398540769,20.0,80.0,51.7,50.74999999999999,42.85714285714286,49.06142857142858,0.0,40.0,0,75.0,26.75,0.0,0,20.0,0,4.0,30.800000000000004,100,0,42.32,50.18683909908022,HIGH,92.4649398540769,CRITICAL REVIEW
SME_0099,Professional Services,31270.7,3949.54,13850.49,29947.95,4218.61,17838.77,2,0.089,9,0.163,0.277,0,1,0,0,2,0,1,1,0.394,1,0,0.9577000195070785,0.12630161780836374,3.5068615585612504,47.885000975353925,6.315080890418187,0.0,16.260024559731633,20.0,59.333333333333336,16.3,69.25,42.85714285714286,41.54809523809524,0.0,10.0,100,100.0,52.0,40.0,0,10.0,0,10.0,60.6,0,100,54.24,32.5890311774433,MODERATE,54.24,MODERATE
SME_0100,Professional Services,2790.2,20627.2,73599.84,23886.4,21937.81,5247.93,2,0.047,12,0.13,0.252,3,0,0,0,1,0,3,1,0.44,0,1,8.560820012902303,7.392731703820515,3.568096493949736,100.0,100.0,0.0,60.0,20.0,31.333333333333336,13.0,63.0,21.42857142857143,29.752380952380953,60.0,0.0,100,100.0,68.0,20.0,0,30.0,0,10.0,56.00000000000001,100,0,52.400000000000006,45.77809523809524,MODERATE,68.0,MODERATE
SME_0101,Construction,17322.05,41130.21,10291.09,81054.94,36872.03,21488.25,1,0.084,10,0.498,0.322,1,2,1,4,1,0,1,1,0.932,0,1,4.679292577956997,2.374442401447866,0.25020757248747333,100.0,100.0,74.97924275125267,89.99169710050107,10.0,56.00000000000001,49.8,80.5,35.71428571428571,46.402857142857144,20.0,20.0,0,0.0,10.0,20.0,0,10.0,0,6.0,6.799999999999995,100,0,32.72,44.770223415864606,MODERATE,89.99169710050107,MODERATE
SME_0102,Professional Services,19560.31,15400.74,3198.1,12097.41,2770.63,2772.67,4,0.08,6,0.439,0.181,0,2,0,2,0,0,4,1,0.377,1,0,0.6184671919821311,0.787346417311382,0.20765885275642598,30.923359599106554,39.3673208655691,79.2341147243574,52.780850029145654,40.0,53.333333333333336,43.9,45.24999999999999,64.28571428571428,49.35380952380952,0.0,20.0,100,50.0,41.5,0.0,0,40.0,0,8.0,62.3,0,100,54.92,43.164707389696076,MODERATE,54.92,MODERATE
SME_0103,Transport,7384.94,13400.71,5718.52,31988.12,12846.28,3606.46,5,0.124,2,0.216,0.208,3,0,1,0,0,1,0,1,0.579,0,1,4.331534176310167,1.814599712387643,0.42673261342122926,100.0,90.72998561938215,57.32673865787707,80.14969114896547,50.0,82.66666666666667,21.6,51.99999999999999,92.85714285714286,59.8247619047619,60.0,0.0,0,100.0,43.0,0.0,100,0.0,0,30.0,42.1,100,0,46.84,56.78509782088012,HIGH,80.14969114896547,HIGH
SME_0104,Retail,47326.24,24823.45,3632.77,20928.07,7600.05,82020.58,5,0.147,2,0.684,0.324,1,2,1,0,0,0,1,1,0.834,0,1,0.44220859294970405,0.5245176882845543,0.14634428332886845,22.1104296474852,26.225884414227714,85.36557166711316,48.64712288535914,50.0,98.0,68.4,81.0,92.85714285714286,78.05142857142857,20.0,20.0,0,100.0,35.0,0.0,0,10.0,0,2.0,16.600000000000005,100,0,36.64,45.07099400846488,MODERATE,78.05142857142857,MODERATE
SME_0105,Construction,10049.9,15435.7,12341.05,12304.67,18763.11,7582.16,5,0.062,11,0.944,0.171,1,0,1,1,1,0,0,1,0.922,1,1,1.2243574562930974,1.5359058299087553,0.799513465537682,61.217872814654875,76.79529149543777,20.0486534462318,49.423410671520514,50.0,41.333333333333336,94.39999999999999,42.75,28.57142857142857,51.410952380952374,20.0,0.0,0,75.0,24.75,20.0,0,0.0,0,4.0,7.799999999999995,0,0,3.1199999999999983,33.54176129669425,MODERATE,51.410952380952374,MODERATE
SME_0106,Hospitality,30971.58,54749.68,3572.89,28201.0,3345.42,23137.95,3,0.115,4,0.436,0.281,1,1,0,1,0,0,2,1,0.535,1,1,0.9105444410650021,1.7677393274737678,0.06525864626058088,45.52722205325011,88.3869663736884,93.47413537394192,77.56391067765833,30.0,76.66666666666667,43.6,70.25,78.57142857142857,59.817619047619054,20.0,10.0,100,75.0,51.75,0.0,0,20.0,0,4.0,46.5,0,0,18.6,51.03357796520226,HIGH,77.56391067765833,HIGH
SME_0107,Hospitality,231805.29,7398.23,4985.78,70371.84,43320.65,55332.92,5,0.015,9,0.631,0.174,1,0,1,1,1,0,2,0,0.415,0,0,0.30358168271310804,0.03191570822218941,0.6739152472956369,15.179084135655401,1.5957854111094703,32.60847527043631,18.075850972203984,50.0,10.0,63.1,43.49999999999999,42.85714285714286,41.89142857142858,20.0,0.0,0,75.0,24.75,20.0,0,20.0,100,38.0,58.5,100,100,83.4,34.88561243451834,MODERATE,83.4,MODERATE
SME_0108,Manufacturing,6890.0,17271.48,2214.47,250076.16,2352.5,1494.66,3,0.117,3,0.919,0.167,1,2,1,4,0,1,6,1,0.816,1,1,36.29552394775036,2.506746008708273,0.1282154163974367,100.0,100.0,87.17845836025633,94.87138334410253,30.0,78.0,91.9,41.75,85.71428571428572,65.47285714285715,20.0,20.0,0,0.0,10.0,0.0,100,60.0,0,42.0,18.400000000000006,0,0,7.360000000000003,53.86562928894504,HIGH,94.87138334410253,CRITICAL REVIEW
SME_0109,Professional Services,22198.72,21219.51,7010.12,53550.03,8026.37,33066.75,0,0.056,6,0.807,0.304,0,1,0,0,0,0,2,1,0.841,0,1,2.4123026012310618,0.955888898098629,0.33036201118687475,100.0,47.794444904931446,66.96379888131251,71.12385302400443,0.0,37.333333333333336,80.7,75.99999999999999,64.28571428571428,51.66380952380952,0.0,10.0,100,100.0,52.0,0.0,0,20.0,0,4.0,15.900000000000002,100,0,36.36,48.889108288153714,MODERATE,71.12385302400443,MODERATE
SME_0110,Hospitality,18045.71,13297.93,9546.71,2436.01,14782.61,21519.42,2,0.006,2,0.494,0.07,1,1,0,1,0,0,4,1,0.986,0,0,0.13499108652416558,0.7369025657621674,0.7179094791444983,6.749554326208279,36.84512828810837,28.20905208555017,24.362025618515062,20.0,4.0,49.4,17.5,92.85714285714286,36.751428571428576,20.0,10.0,100,75.0,51.75,0.0,0,40.0,0,8.0,1.4000000000000012,100,100,60.56,34.10246482841166,MODERATE,60.56,MODERATE
SME_0111,Manufacturing,15445.24,1810.03,545.89,28877.34,5391.81,52523.68,2,0.054,1,0.727,0.135,1,0,1,1,0,0,3,0,0.398,0,1,1.8696595196966832,0.11719015049296741,0.301591686325641,93.48297598483416,5.859507524648371,69.84083136743591,57.739077599819126,20.0,36.0,72.7,33.75,100.0,52.49,20.0,0.0,0,75.0,24.75,0.0,0,30.0,100,36.0,60.199999999999996,100,0,54.08,46.20222327994574,MODERATE,57.739077599819126,MODERATE
SME_0112,Retail,45928.08,15825.9,10371.02,31531.91,4681.06,4143.48,3,0.092,12,0.209,0.09,1,0,0,3,0,1,0,1,0.797,0,0,0.686549709894252,0.34458004776163076,0.655319444707726,34.3274854947126,17.22900238808154,34.46805552922741,29.254168576529203,30.0,61.33333333333334,20.9,22.499999999999996,21.42857142857143,31.232380952380957,20.0,0.0,100,25.0,37.25,0.0,100,0.0,0,30.0,20.299999999999997,100,100,68.12,35.346345811054,MODERATE,68.12,MODERATE
SME_0113,Transport,60578.44,36985.03,7642.63,76508.85,12214.18,44302.27,3,0.018,5,0.535,0.144,0,1,0,3,0,0,3,0,0.592,0,1,1.2629716116823082,0.6105312385066369,0.20664117346937397,63.14858058411541,30.526561925331848,79.33588265306261,59.83689581405922,30.0,12.0,53.5,35.99999999999999,71.42857142857143,40.58571428571429,0.0,10.0,100,25.0,33.25,0.0,0,30.0,100,36.0,40.800000000000004,100,0,46.32000000000001,44.77949731564633,MODERATE,59.83689581405922,MODERATE
SME_0114,Transport,46348.38,33544.04,3722.7,36089.71,10724.91,6168.36,4,0.139,8,0.337,0.092,2,0,1,1,3,0,1,1,0.94,1,1,0.7786617353184728,0.7237370540243263,0.11097947653293998,38.93308676592364,36.18685270121632,88.902052346706,58.09680277882439,40.0,92.66666666666667,33.7,23.0,50.0,47.873333333333335,40.0,0.0,0,75.0,30.75,60.0,0,10.0,0,14.0,6.000000000000005,0,0,2.400000000000002,37.887374166980656,MODERATE,58.09680277882439,MODERATE
SME_0115,Transport,14016.07,23907.56,60829.23,105034.23,10053.59,31006.8,4,0.012,10,0.237,0.232,1,7,0,4,2,0,0,1,0.585,0,1,7.493843138625877,1.7057249285998144,2.544351242870456,100.0,85.28624642999073,0.0,55.585873928997216,40.0,8.0,23.7,57.99999999999999,35.71428571428571,33.08285714285714,20.0,70.0,100,0.0,45.0,40.0,0,0.0,0,8.0,41.5,100,0,46.6,39.80647646441345,MODERATE,55.585873928997216,MODERATE
SME_0116,Hospitality,175204.57,7478.87,20861.77,44383.51,21658.65,11617.21,3,0.14,10,0.462,0.319,0,1,1,2,2,1,2,1,0.612,0,1,0.253323928708024,0.04268650070029566,2.7894280820498283,12.6661964354012,2.1343250350147827,0.0,4.4401564411247945,30.0,93.33333333333334,46.2,79.75,35.71428571428571,56.99952380952381,0.0,10.0,0,50.0,14.5,40.0,100,20.0,0,42.0,38.800000000000004,100,0,45.52,29.33392788471839,LOW,56.99952380952381,LOW
SME_0117,Retail,6065.89,24695.46,2672.57,142593.15,7011.56,24013.08,2,0.106,2,0.211,0.315,1,4,0,3,1,0,2,0,0.389,0,1,23.507374845241173,4.071201423039323,0.10822110622762242,100.0,100.0,89.17788937723776,95.67115575089511,20.0,70.66666666666667,21.099999999999998,78.75,92.85714285714286,56.67476190476191,20.0,40.0,100,25.0,45.25,20.0,0,20.0,100,38.0,61.1,100,0,54.44,63.064037201459016,HIGH,95.67115575089511,CRITICAL REVIEW
SME_0118,Hospitality,10943.79,11377.32,18498.29,19345.34,13332.68,12539.57,2,0.049,10,0.694,0.146,1,2,1,3,0,0,6,1,0.525,0,1,1.7677002208558459,1.0396142469839058,1.6258916862670647,88.3850110427923,51.980712349195294,0.0,42.10971701759628,20.0,32.66666666666667,69.39999999999999,36.49999999999999,35.71428571428571,38.85619047619048,20.0,20.0,0,25.0,16.25,0.0,0,60.0,0,12.0,47.5,100,0,49.0,32.296962724326505,MODERATE,49.0,MODERATE
SME_0119,Professional Services,28635.84,23882.79,27769.54,34658.43,6338.5,2292.05,4,0.059,9,0.488,0.396,2,4,0,0,0,0,1,1,0.581,0,1,1.210316512454323,0.8340174410808274,1.1627427113833853,60.51582562271614,41.70087205404137,0.0,30.665009303027254,40.0,39.33333333333333,48.8,99.0,42.85714285714286,53.99809523809523,40.0,40.0,100,100.0,70.0,0.0,0,10.0,0,2.0,41.900000000000006,100,0,46.760000000000005,41.675026600431984,MODERATE,70.0,MODERATE
SME_0120,Hospitality,26853.36,19837.53,9129.06,68568.89,4656.15,723.55,3,0.111,12,0.551,0.238,0,2,1,0,1,0,1,1,0.312,0,1,2.5534566251672044,0.7387354878495651,0.46019136454992127,100.0,36.936774392478256,53.98086354500787,62.67337773574663,30.0,74.0,55.1,59.5,21.42857142857143,48.005714285714284,0.0,20.0,0,100.0,29.0,20.0,0,10.0,0,6.0,68.8,100,0,57.519999999999996,43.25544189215256,MODERATE,62.67337773574663,MODERATE
SME_0121,Retail,36940.6,8242.23,11483.18,16928.58,7739.23,14495.39,0,0.09,8,0.224,0.16,0,2,0,1,1,1,4,1,0.606,0,1,0.4582648901208969,0.22312117291002312,1.3932127591683319,22.913244506044844,11.156058645501156,0.0,10.2207909454638,0.0,60.0,22.400000000000002,40.0,50.0,34.480000000000004,0.0,20.0,100,75.0,47.75,20.0,100,40.0,0,42.0,39.4,100,0,45.76,32.11223728363914,MODERATE,47.75,MODERATE
SME_0122,Retail,88498.28,8814.58,11221.01,13615.17,6383.37,9464.47,4,0.101,3,0.219,0.334,0,2,1,0,0,0,4,0,0.535,1,1,0.1538467188288857,0.09960170977334248,1.273005633847557,7.692335941444285,4.980085488667124,0.0,3.8017264290334225,40.0,67.33333333333334,21.9,83.5,85.71428571428572,59.68952380952381,0.0,20.0,0,100.0,29.0,0.0,0,40.0,100,38.0,46.5,0,0,18.6,29.42289888109098,LOW,59.68952380952381,LOW
SME_0123,Professional Services,22714.31,23912.22,993.65,15988.11,6676.95,17172.44,3,0.058,1,0.596,0.292,2,4,1,0,3,0,1,1,0.863,0,1,0.7038783040294863,1.05273811971396,0.041554067334609666,35.19391520147431,52.636905985698,95.84459326653904,64.68708366276731,30.0,38.66666666666667,59.599999999999994,72.99999999999999,100.0,60.25333333333333,40.0,40.0,0,100.0,45.0,60.0,0,10.0,0,14.0,13.700000000000001,100,0,35.480000000000004,49.117458432163524,MODERATE,64.68708366276731,MODERATE
SME_0124,Retail,27381.28,15081.69,6636.42,14182.12,28542.09,9563.64,2,0.073,4,0.937,0.3,1,1,1,2,1,1,1,0,0.375,1,1,0.5179494895782812,0.5508029573489626,0.440031587971905,25.897474478914063,27.540147867448127,55.9968412028095,38.430023185032454,20.0,48.666666666666664,93.7,74.99999999999999,78.57142857142857,63.18761904761905,20.0,10.0,0,50.0,20.5,20.0,100,10.0,100,66.0,62.5,0,0,25.0,43.8259117174145,MODERATE,66.0,MODERATE
SME_0125,Retail,15537.6,9190.28,6299.87,50590.27,7955.73,73786.54,1,0.148,8,0.182,0.078,2,2,0,4,2,0,1,1,0.832,1,1,3.255989985583359,0.5914864586551334,0.6854927162175689,100.0,29.57432293275667,31.45072837824311,51.45258823112425,10.0,98.66666666666667,18.2,19.499999999999996,50.0,39.27333333333333,40.0,20.0,100,0.0,41.0,40.0,0,10.0,0,10.0,16.800000000000004,0,0,6.720000000000002,35.626109802670605,MODERATE,51.45258823112425,MODERATE
SME_0126,Transport,40026.38,8602.97,33434.8,4789.32,5506.72,14766.93,3,0.032,3,0.343,0.187,0,3,1,1,4,0,1,1,0.8,0,0,0.11965408812887901,0.21493250201492115,3.886425269412773,5.9827044064439505,10.746625100746057,0.0,5.018798852157002,30.0,21.333333333333336,34.300000000000004,46.75,85.71428571428572,43.61952380952381,0.0,30.0,0,75.0,24.75,80.0,0,10.0,0,18.0,19.999999999999996,100,100,68.0,26.860520608028054,LOW,68.0,LOW
SME_0127,Professional Services,19377.12,14115.97,11169.31,6329.54,10255.93,8025.74,3,0.063,10,0.839,0.345,1,5,1,2,0,0,2,1,0.469,0,1,0.326650193630426,0.7284864830274055,0.7912534526497293,16.3325096815213,36.42432415137027,20.874654735027065,24.176912043878296,30.0,42.00000000000001,83.89999999999999,86.25,35.71428571428571,55.572857142857146,20.0,50.0,0,50.0,28.5,0.0,0,20.0,0,4.0,53.1,100,0,51.24,32.57028789887777,MODERATE,55.572857142857146,MODERATE
SME_0128,Agriculture,19368.15,63108.51,5940.72,193242.11,10983.46,16257.16,2,0.044,12,0.161,0.202,1,1,1,1,3,0,3,1,0.358,0,1,9.977313785777163,3.2583654091898295,0.09413500651496921,100.0,100.0,90.58649934850308,96.23459973940123,20.0,29.333333333333332,16.1,50.5,21.42857142857143,27.472380952380952,20.0,10.0,0,75.0,26.75,60.0,0,30.0,0,18.0,64.2,100,0,55.68000000000001,49.35647515991562,MODERATE,96.23459973940123,CRITICAL REVIEW
SME_0129,Agriculture,38615.83,11816.65,7310.54,14528.33,3436.29,8158.82,1,0.115,2,0.845,0.273,1,2,0,4,0,0,4,1,0.889,0,1,0.37622731403157716,0.3060053351177483,0.6186643422628241,18.811365701578858,15.300266755887415,38.13356577371759,25.48691604672692,10.0,76.66666666666667,84.5,68.25,92.85714285714286,66.45476190476191,20.0,20.0,100,0.0,35.0,0.0,0,40.0,0,8.0,11.099999999999998,100,0,34.44,35.903765290208554,MODERATE,66.45476190476191,MODERATE
SME_0130,Retail,57214.8,17799.25,22260.8,36642.63,7644.75,13046.81,3,0.115,7,0.546,0.235,1,0,1,1,0,0,2,1,0.475,1,1,0.6404397114033431,0.3110952061354754,1.250659437897664,32.02198557016715,15.55476030677377,0.0,14.273023763082277,30.0,76.66666666666667,54.6,58.74999999999999,57.14285714285714,55.43190476190477,20.0,0.0,0,75.0,24.75,0.0,0,20.0,0,4.0,52.5,0,0,21.0,25.789883319400875,LOW,55.43190476190477,LOW
SME_0131,Agriculture,4273.32,19524.83,6651.6,6766.95,7372.59,4011.54,5,0.044,4,0.447,0.337,2,3,0,0,2,0,0,1,0.402,0,0,1.5835345820111764,4.569007235591999,0.34067390087391286,79.17672910055882,100.0,65.93260991260873,80.12606269521113,50.0,29.333333333333332,44.7,84.25,78.57142857142857,57.37095238095238,40.0,30.0,100,100.0,68.0,40.0,0,0.0,0,8.0,59.8,100,100,83.92,61.57255690380144,HIGH,83.92,HIGH
SME_0132,Agriculture,33364.7,7283.06,3979.86,32960.89,8564.75,11907.64,4,0.012,6,0.363,0.114,2,3,1,4,1,0,0,0,0.551,0,1,0.9878970888394022,0.21828639250465315,0.5464543749467943,49.39485444197011,10.914319625232658,45.35456250532057,36.23457722228906,40.0,8.0,36.3,28.499999999999996,64.28571428571428,35.417142857142856,40.0,30.0,0,0.0,18.0,20.0,0,0.0,100,34.0,44.9,100,0,47.96,33.22065888097244,MODERATE,47.96,MODERATE
SME_0133,Retail,20140.11,4393.41,6072.31,14617.08,19212.49,7805.58,3,0.002,5,0.353,0.23,0,0,1,2,1,1,1,0,0.581,0,1,0.7257696209206405,0.21814230408870655,1.3821405241031455,36.288481046032025,10.907115204435328,0.0,14.158678875140204,30.0,1.3333333333333335,35.3,57.49999999999999,71.42857142857143,39.11238095238095,0.0,0.0,0,50.0,12.5,20.0,100,10.0,100,66.0,41.900000000000006,100,0,46.760000000000005,31.101698900637302,MODERATE,66.0,MODERATE
SME_0134,Agriculture,53355.09,7917.37,20494.11,6284.64,11308.9,4368.6,4,0.064,2,0.36,0.049,0,1,1,2,0,1,2,1,0.528,0,1,0.11778894947042542,0.1483901535917192,2.588499716446244,5.889447473521272,7.41950767958596,0.0,3.992686545932169,40.0,42.66666666666667,36.0,12.25,92.85714285714286,44.75476190476191,0.0,10.0,0,50.0,14.5,0.0,100,20.0,0,34.0,47.199999999999996,100,0,48.879999999999995,25.27449643997013,LOW,48.879999999999995,LOW
SME_0135,Hospitality,20466.26,21933.91,13139.28,114219.02,30196.58,71027.63,6,0.062,10,0.852,0.276,3,0,0,3,2,0,1,0,0.984,0,0,5.58084476597092,1.0717107082583726,0.5990395693243932,100.0,53.58553541291863,40.096043067560686,62.11407785089987,60.0,41.333333333333336,85.2,69.0,35.71428571428571,58.24952380952381,60.0,0.0,100,25.0,49.25,40.0,0,10.0,100,40.0,1.6000000000000014,100,100,60.64,55.11060430765092,HIGH,62.11407785089987,HIGH
SME_0136,Manufacturing,70790.0,19302.54,8362.1,97882.04,9895.61,4524.67,4,0.148,2,0.715,0.293,1,0,1,2,0,1,2,1,0.917,0,1,1.3827099872863398,0.2726732589348778,0.43321241660423965,69.13549936431698,13.633662946743891,56.67875833957603,47.50225202914868,40.0,98.66666666666667,71.5,73.25,92.85714285714286,75.2547619047619,20.0,0.0,0,50.0,18.5,0.0,100,20.0,0,34.0,8.299999999999997,100,0,33.32,45.196366084935086,MODERATE,75.2547619047619,MODERATE
SME_0137,Professional Services,14552.25,31572.83,9688.9,26946.21,49455.02,12075.45,2,0.07,14,0.669,0.017,1,1,1,3,0,0,3,1,0.911,0,0,1.851686852548575,2.169618443883248,0.3068746133938579,92.58434262742875,100.0,69.31253866061421,85.50031825247432,20.0,46.66666666666667,66.9,4.25,7.14285714285714,28.991904761904767,20.0,10.0,0,25.0,14.25,0.0,0,30.0,0,6.0,8.899999999999997,100,100,63.56,43.004071666218486,MODERATE,85.50031825247432,MODERATE
SME_0138,Manufacturing,4198.02,19448.53,4570.85,81501.09,6605.4,5826.28,2,0.038,9,0.779,0.27,2,3,1,0,0,1,1,1,0.579,0,1,19.414173824803118,4.632786408830829,0.2350229040446759,100.0,100.0,76.49770959553241,90.59908383821296,20.0,25.333333333333336,77.9,67.5,42.85714285714286,46.718095238095245,40.0,30.0,0,100.0,43.0,0.0,100,10.0,0,32.0,42.1,100,0,46.84,56.943248960987695,HIGH,90.59908383821296,CRITICAL REVIEW
SME_0139,Retail,57983.02,16489.64,6589.6,201238.36,5002.71,15677.74,2,0.134,11,0.319,0.166,2,2,1,2,0,0,2,1,0.974,0,1,3.4706429571967794,0.28438739479247543,0.3996206102740873,100.0,14.219369739623772,60.03793897259126,58.28098651092364,20.0,89.33333333333334,31.900000000000002,41.5,28.57142857142857,42.26095238095238,40.0,20.0,0,50.0,28.5,0.0,0,20.0,0,4.0,2.6000000000000023,100,0,31.04,37.45353404851519,MODERATE,58.28098651092364,MODERATE
SME_0140,Transport,12731.0,11102.41,4121.17,63769.39,16365.21,3811.26,2,0.074,10,0.625,0.05,1,5,1,4,1,0,3,0,0.779,1,1,5.008985154347656,0.8720768203597518,0.3711959835747374,100.0,43.60384101798759,62.880401642526266,68.23331296240679,20.0,49.333333333333336,62.5,12.5,35.71428571428571,36.00952380952381,20.0,50.0,0,0.0,16.0,20.0,0,30.0,100,40.0,22.099999999999998,0,0,8.84,39.556374841102986,MODERATE,68.23331296240679,MODERATE
SME_0141,Professional Services,7061.62,36527.2,5957.57,48466.71,34132.8,25565.09,2,0.09,2,0.491,0.168,2,2,0,3,1,0,0,1,0.882,0,1,6.863398200412936,5.1726374401341335,0.16309955320966293,100.0,100.0,83.6900446790337,93.4760178716135,20.0,60.0,49.1,42.0,92.85714285714286,52.79142857142857,40.0,20.0,100,25.0,47.25,20.0,0,0.0,0,4.0,11.799999999999999,100,0,34.72,54.76266250434119,HIGH,93.4760178716135,CRITICAL REVIEW
SME_0142,Retail,25323.14,8628.13,30741.69,36603.62,2891.17,74996.93,2,0.014,8,0.765,0.078,1,2,1,2,0,0,2,1,0.651,0,1,1.4454613448411218,0.3407211743883262,3.5629609196894347,72.27306724205609,17.03605871941631,0.0,26.792737788441716,20.0,9.333333333333334,76.5,19.499999999999996,50.0,35.06666666666666,20.0,20.0,0,50.0,22.5,0.0,0,20.0,0,4.0,34.9,100,0,43.96,26.300488003199185,LOW,43.96,LOW
SME_0143,Transport,20646.23,7404.24,2722.55,57437.35,8375.36,5636.83,2,0.057,8,0.363,0.166,0,2,1,0,1,0,2,1,0.412,0,1,2.7819776298142567,0.3586243105884222,0.36770147915248563,100.0,17.93121552942111,63.229852084751435,60.67130549272691,20.0,38.0,36.3,41.5,50.0,37.16,0.0,20.0,0,100.0,29.0,20.0,0,20.0,0,8.0,58.80000000000001,100,0,53.52000000000001,39.84339164781808,MODERATE,60.67130549272691,MODERATE
SME_0144,Manufacturing,48296.53,28332.69,4017.76,20848.42,5771.21,35879.95,1,0.142,1,0.647,0.154,1,1,1,4,0,0,2,1,0.921,1,1,0.4316753191171291,0.5866402824385106,0.14180651395966992,21.583765955856453,29.332014121925532,85.81934860403301,49.6024734649478,10.0,94.66666666666667,64.7,38.49999999999999,100.0,61.57333333333334,20.0,10.0,0,0.0,8.0,0.0,0,20.0,0,4.0,7.899999999999996,0,0,3.1599999999999984,32.790075372817675,MODERATE,61.57333333333334,MODERATE
SME_0145,Retail,51049.95,6195.64,2282.21,22749.92,11371.96,8509.77,2,0.088,1,0.85,0.295,1,2,1,4,1,1,1,1,0.64,0,1,0.445640397297157,0.12136427165942378,0.3683574255444151,22.28201986485785,6.068213582971189,63.16425744555849,33.77077301257211,20.0,58.666666666666664,85.0,73.75,100.0,67.48333333333333,20.0,20.0,0,0.0,10.0,20.0,100,10.0,0,36.0,36.0,100,0,44.4,38.84206523710496,MODERATE,67.48333333333333,MODERATE
SME_0146,Professional Services,26987.46,124238.68,1837.73,47091.32,10090.57,46531.0,1,0.052,13,0.442,0.31,1,1,0,0,0,0,2,1,0.978,0,1,1.7449333875807505,4.603570695426691,0.014791931144149312,87.24666937903753,100.0,98.52080688558506,95.58232356794528,10.0,34.66666666666667,44.2,77.49999999999999,14.28571428571429,36.130476190476195,20.0,10.0,100,100.0,58.0,0.0,0,20.0,0,4.0,2.200000000000002,100,0,30.880000000000003,52.995316118002634,HIGH,95.58232356794528,CRITICAL REVIEW
SME_0147,Professional Services,12317.53,19189.56,6637.06,18677.74,33563.13,86017.93,4,0.094,4,0.157,0.243,1,0,1,2,2,0,3,1,0.478,0,1,1.5163543340263836,1.5579064958640247,0.3458682742074336,75.81771670131918,77.89532479320124,65.41317257925664,72.27918148005878,40.0,62.66666666666667,15.7,60.74999999999999,78.57142857142857,51.53761904761905,20.0,0.0,0,50.0,18.5,40.0,0,30.0,0,14.0,52.2,100,0,50.88,45.456159205922404,MODERATE,72.27918148005878,MODERATE
SME_0148,Construction,31450.94,23776.48,4313.86,20809.25,9070.44,9723.76,1,0.137,2,0.539,0.009,0,4,0,1,1,1,4,0,0.995,1,1,0.6616415916344631,0.7559863075634623,0.18143392125327212,33.08207958172316,37.79931537817311,81.85660787467279,54.007061637838,10.0,91.33333333333334,53.900000000000006,2.2499999999999996,92.85714285714286,50.06809523809524,0.0,40.0,100,75.0,51.75,20.0,100,40.0,100,72.0,0.5000000000000004,0,0,0.20000000000000018,49.889142300875214,MODERATE,72.0,MODERATE
SME_0149,Hospitality,28532.14,9427.55,46578.1,30005.6,34463.15,3054.66,4,0.041,12,0.394,0.372,0,1,1,2,0,0,5,1,0.456,1,1,1.051642113069682,0.33041860862872535,4.940636750799519,52.5821056534841,16.520930431436266,0.0,20.73091082547611,40.0,27.333333333333336,39.4,93.0,21.42857142857143,44.23238095238096,0.0,10.0,0,50.0,14.5,0.0,0,50.0,0,10.0,54.400000000000006,0,0,21.760000000000005,23.853368485738073,LOW,44.23238095238096,LOW
SME_0150,Agriculture,39410.22,13987.44,6029.08,94803.37,7530.75,28167.89,2,0.076,1,0.671,0.274,2,3,0,3,1,1,2,1,0.558,0,1,2.4055529251041987,0.3549191047398365,0.4310352716437032,100.0,17.745955236991826,56.89647283562969,58.08237570534943,20.0,50.66666666666667,67.10000000000001,68.5,100.0,61.25333333333334,40.0,30.0,100,25.0,49.25,20.0,100,20.0,0,38.0,44.199999999999996,100,0,47.68,53.056046044938164,HIGH,61.25333333333334,HIGH
SME_0151,Transport,12416.55,12793.87,29044.77,9665.22,23021.27,14685.82,1,0.144,9,0.908,0.014,5,1,1,3,1,0,3,1,0.716,0,1,0.7784142938255796,1.0303884734487438,2.270209873947445,38.92071469127898,51.51942367243719,0.0,27.13204150911485,10.0,96.0,90.8,3.4999999999999996,42.85714285714286,48.63142857142857,100.0,10.0,0,25.0,38.25,20.0,0,30.0,0,10.0,28.400000000000002,100,0,41.36,33.5834695955916,MODERATE,48.63142857142857,MODERATE
SME_0152,Construction,18148.31,11668.63,21061.53,64095.61,12285.03,18850.11,4,0.026,13,0.513,0.328,1,2,1,2,1,0,0,1,0.785,0,0,3.5317674207681042,0.642959592380778,1.8049702492923334,100.0,32.1479796190389,0.0,39.64439388571167,40.0,17.333333333333336,51.300000000000004,82.0,14.28571428571429,40.983809523809526,20.0,20.0,0,50.0,22.5,20.0,0,0.0,0,4.0,21.499999999999996,100,100,68.6,34.099270546665885,MODERATE,68.6,MODERATE
SME_0153,Agriculture,37576.48,29866.61,6491.46,66220.75,47440.77,8837.87,4,0.108,3,0.496,0.08,1,2,0,3,1,0,2,1,0.804,0,1,1.7622925297952334,0.7948219205204957,0.2173484034512119,88.11462648976168,39.741096026024785,78.26515965487881,69.66278061668747,40.0,72.0,49.6,20.0,85.71428571428572,53.462857142857146,20.0,20.0,100,25.0,41.25,20.0,0,20.0,0,8.0,19.599999999999994,100,0,37.839999999999996,47.49854847072053,MODERATE,69.66278061668747,MODERATE
SME_0154,Agriculture,67811.88,12562.43,65994.88,65825.64,2646.59,5413.32,4,0.092,14,0.656,0.232,1,1,0,1,0,1,4,1,0.633,1,0,0.9707095570864573,0.18525411771506703,5.253353053509552,48.53547785432287,9.262705885753352,0.0,17.339455122022866,40.0,61.33333333333334,65.60000000000001,57.99999999999999,7.14285714285714,46.4152380952381,20.0,10.0,100,75.0,51.75,0.0,100,40.0,0,38.0,36.7,0,100,44.68,37.323646060416394,MODERATE,51.75,MODERATE
SME_0155,Retail,54142.17,40624.56,10464.36,13389.23,3508.24,34097.36,2,0.102,14,0.188,0.187,1,2,1,1,0,0,1,1,0.354,1,0,0.24729762401470057,0.7503312113275105,0.25758703601959015,12.364881200735029,37.516560566375524,74.24129639804097,44.66095108934955,20.0,68.0,18.8,46.75,7.14285714285714,32.13857142857143,20.0,20.0,0,75.0,28.75,0.0,0,10.0,0,2.0,64.60000000000001,0,100,55.84,33.066928183947724,MODERATE,55.84,MODERATE
SME_0156,Agriculture,26696.16,151550.31,36322.99,5520.76,51989.68,16002.06,2,0.053,14,0.315,0.168,2,0,1,4,1,0,1,0,0.647,0,0,0.20679977944393502,5.676858020029847,0.23967611811549577,10.339988972196752,100.0,76.03238818845041,63.514951967039195,20.0,35.333333333333336,31.5,42.0,7.14285714285714,27.195238095238093,40.0,0.0,0,0.0,12.0,20.0,0,10.0,100,36.0,35.3,100,100,74.12,41.06529511392128,MODERATE,74.12,MODERATE
SME_0157,Hospitality,16927.84,14209.9,32331.39,52504.45,5168.83,3272.99,2,0.047,1,0.881,0.356,1,2,1,3,0,0,1,0,0.534,1,1,3.1016627047514627,0.8394396449871927,2.275272169403022,100.0,41.971982249359634,0.0,42.591594674807894,20.0,31.333333333333336,88.1,88.99999999999999,100.0,65.68666666666667,20.0,20.0,0,25.0,16.25,0.0,0,10.0,100,32.0,46.599999999999994,0,0,18.639999999999997,39.11314506910903,MODERATE,65.68666666666667,MODERATE
SME_0158,Professional Services,34533.58,20332.57,12110.7,36188.31,5472.65,22266.75,2,0.103,2,0.669,0.175,2,1,0,2,0,1,1,0,0.76,0,0,1.047916549630823,0.5887767790075631,0.5956305572782978,52.39582748154115,29.438838950378155,40.436944272170216,40.72517763844388,20.0,68.66666666666667,66.9,43.74999999999999,92.85714285714286,58.43476190476191,40.0,10.0,100,50.0,51.5,0.0,100,10.0,100,62.0,24.0,100,100,69.6,53.38624376772364,HIGH,69.6,HIGH
SME_0159,Construction,10441.24,24384.74,16955.16,81906.14,4546.85,18586.93,2,0.032,8,0.111,0.03,2,1,1,4,1,0,6,0,0.428,0,0,7.844483988491788,2.335425677409963,0.6953184655649394,100.0,100.0,30.46815344350606,72.18726137740242,20.0,21.333333333333336,11.1,7.5,50.0,21.986666666666668,40.0,10.0,0,0.0,14.0,20.0,0,60.0,100,46.0,57.2,100,100,82.88,45.1408450798874,MODERATE,82.88,MODERATE
SME_0160,Agriculture,13004.23,76674.99,14932.1,14889.56,28111.72,8954.33,5,0.063,5,0.274,0.379,0,0,0,1,0,0,1,1,0.576,0,0,1.14497821093598,5.896157634861888,0.19474537916470547,57.248910546799,100.0,80.52546208352945,79.38485799745149,50.0,42.00000000000001,27.400000000000002,94.75,71.42857142857143,57.11571428571428,0.0,0.0,100,75.0,43.75,0.0,0,10.0,0,2.0,42.400000000000006,100,100,76.96000000000001,54.840385970664016,HIGH,79.38485799745149,HIGH
SME_0161,Retail,83654.3,16848.36,2547.67,64155.88,3236.44,51559.61,1,0.028,11,0.68,0.368,1,3,1,4,2,0,2,0,0.976,0,1,0.7669167036243205,0.20140459008084463,0.15121174998634881,38.345835181216025,10.070229504042231,84.87882500136512,48.476349406123525,10.0,18.666666666666668,68.0,92.0,28.57142857142857,43.44761904761905,20.0,30.0,0,0.0,12.0,40.0,0,20.0,100,42.0,2.400000000000002,100,0,30.96,37.200809583741815,MODERATE,48.476349406123525,MODERATE
SME_0162,Hospitality,34484.27,9273.48,8471.71,86108.62,10204.11,6879.53,1,0.001,7,0.75,0.274,1,1,1,0,1,0,1,1,0.362,0,0,2.4970405347133635,0.2689191332743886,0.9135416262287728,100.0,13.44595666371943,8.645837377122723,37.492121949964925,10.0,0.6666666666666667,75.0,68.5,57.14285714285714,42.261904761904766,20.0,10.0,0,100.0,33.0,20.0,0,10.0,0,6.0,63.800000000000004,100,100,85.52000000000001,37.86511277546567,MODERATE,85.52000000000001,MODERATE
SME_0163,Manufacturing,18932.02,6535.83,23422.31,27272.74,7873.68,10306.95,5,0.146,6,0.814,0.187,2,2,1,3,0,0,2,1,0.722,0,0,1.4405615459945638,0.3452262357635371,3.5836779720402765,72.02807729972818,17.261311788176855,0.0,26.786816726371512,50.0,97.33333333333333,81.39999999999999,46.75,64.28571428571428,67.95380952380953,40.0,20.0,0,25.0,22.25,0.0,0,20.0,0,4.0,27.800000000000004,100,100,71.12,37.186497398863835,MODERATE,71.12,MODERATE
SME_0164,Professional Services,48530.22,17184.1,36804.78,45518.87,25417.78,23967.29,3,0.065,13,0.348,0.037,2,1,1,2,2,0,4,1,0.363,0,1,0.937948972825592,0.3540907088408006,2.1417927037202995,46.897448641279595,17.704535442040033,0.0,19.380595224995886,30.0,43.333333333333336,34.8,9.249999999999998,14.28571428571429,26.333809523809524,40.0,10.0,0,50.0,26.5,40.0,0,40.0,0,16.0,63.7,100,0,55.480000000000004,25.64563094845115,LOW,55.480000000000004,LOW
SME_0165,Professional Services,69997.24,12574.46,3891.53,43954.89,6021.1,12858.35,2,0.145,1,0.891,0.316,1,5,1,1,0,0,1,1,0.41,0,0,0.6279517592407928,0.17964222589347806,0.3094788961116422,31.39758796203964,8.982111294673903,69.05211038883579,39.73475393254837,20.0,96.66666666666667,89.1,78.99999999999999,100.0,76.95333333333333,20.0,50.0,0,75.0,34.75,0.0,0,10.0,0,2.0,59.00000000000001,100,100,83.60000000000001,46.76875951309784,MODERATE,83.60000000000001,MODERATE
SME_0166,Construction,17516.89,89871.35,13575.58,13193.55,14531.67,3451.9,4,0.021,6,0.57,0.03,3,1,1,4,0,0,1,0,0.723,1,1,0.7531902067090677,5.130553996742573,0.15105570351396747,37.65951033545338,100.0,84.89442964860325,75.25562496007731,40.0,14.000000000000002,56.99999999999999,7.5,64.28571428571428,36.55714285714286,60.0,10.0,0,0.0,20.0,0.0,0,10.0,100,32.0,27.700000000000003,0,0,11.080000000000002,41.6239732023089,MODERATE,75.25562496007731,MODERATE
SME_0167,Professional Services,17760.01,74162.73,9302.77,51023.89,3485.08,14158.65,2,0.088,11,0.692,0.027,2,4,0,2,2,0,2,1,0.611,1,0,2.8729651616187155,4.175827040637928,0.1254372647824588,100.0,100.0,87.45627352175411,94.98250940870165,20.0,58.666666666666664,69.19999999999999,6.749999999999999,28.57142857142857,36.63761904761905,40.0,40.0,100,50.0,57.5,40.0,0,20.0,0,12.0,38.9,0,100,45.56,55.51015758451525,HIGH,94.98250940870165,CRITICAL REVIEW
SME_0168,Agriculture,16066.87,7868.55,7110.46,151971.91,77411.24,8264.39,3,0.03,7,0.607,0.215,0,1,1,3,1,0,1,0,0.684,0,0,9.45871286691185,0.48973757800990486,0.9036556925990176,100.0,24.486878900495242,9.634430740098242,41.19983596618787,30.0,20.0,60.699999999999996,53.75,57.14285714285714,44.31857142857143,0.0,10.0,0,25.0,8.25,20.0,0,10.0,100,36.0,31.599999999999994,100,100,72.64,37.75359364699922,MODERATE,72.64,MODERATE
SME_0169,Retail,54052.52,10193.64,11420.89,30673.57,8060.31,25950.82,3,0.119,4,0.204,0.064,0,0,0,2,1,0,5,1,0.916,1,1,0.5674771500015171,0.18858769211870233,1.1203936964617154,28.373857500075854,9.429384605935116,0.0,11.340972631803291,30.0,79.33333333333333,20.4,16.0,78.57142857142857,44.860952380952384,0.0,0.0,100,50.0,37.5,20.0,0,50.0,0,14.0,8.399999999999997,0,0,3.359999999999999,24.55352988477908,LOW,44.860952380952384,LOW
SME_0170,Professional Services,54473.91,19094.26,9948.67,6960.65,10079.18,13749.51,4,0.118,8,0.919,0.003,0,3,1,3,1,0,1,1,0.872,1,0,0.12777951867233323,0.3505211944580442,0.5210293564662889,6.388975933616662,17.52605972290221,47.89706435337111,26.333336438304105,40.0,78.66666666666666,91.9,0.75,50.0,52.263333333333335,0.0,30.0,0,25.0,12.25,20.0,0,10.0,0,6.0,12.8,0,100,35.120000000000005,27.827834264824563,LOW,52.263333333333335,LOW
SME_0171,Professional Services,75762.12,55045.1,13747.39,15089.07,44338.97,13065.35,4,0.017,8,0.204,0.169,0,3,0,3,1,0,0,1,0.922,1,0,0.19916377735997884,0.7265517385205166,0.24974775229766136,9.958188867998942,36.32758692602583,75.02522477023386,43.89582264630098,40.0,11.333333333333334,20.4,42.25,50.0,32.79666666666667,0.0,30.0,100,25.0,37.25,20.0,0,0.0,0,4.0,7.799999999999995,0,100,33.12,32.72991346055696,MODERATE,43.89582264630098,MODERATE
SME_0172,Manufacturing,56022.77,18840.0,33823.58,5062.03,5897.8,4671.5,2,0.137,7,0.317,0.055,0,2,0,3,1,1,6,0,0.731,0,1,0.09035665319654848,0.33629183276728375,1.7953067940552019,4.517832659827424,16.81459163836419,0.0,6.399727289457483,20.0,91.33333333333334,31.7,13.749999999999998,57.14285714285714,42.7852380952381,0.0,20.0,100,25.0,35.25,20.0,100,60.0,100,76.0,26.900000000000002,100,0,40.760000000000005,35.14222771064677,MODERATE,76.0,MODERATE
SME_0173,Manufacturing,6774.07,10725.02,17523.96,109012.06,44845.77,9756.01,2,0.029,11,0.792,0.064,1,3,0,4,1,0,6,0,0.643,0,1,16.09254997364952,1.5832461134886413,1.6339326173750723,100.0,79.16230567443206,0.0,53.74869170232962,20.0,19.333333333333336,79.2,16.0,28.57142857142857,32.62095238095238,20.0,30.0,100,0.0,37.0,20.0,0,60.0,100,46.0,35.699999999999996,100,0,44.28,43.00784560593698,MODERATE,53.74869170232962,MODERATE
SME_0174,Transport,31300.91,17171.76,10913.85,64412.18,6905.11,28731.6,1,0.092,2,0.626,0.031,0,2,0,3,2,0,1,0,0.621,0,0,2.0578372961041707,0.5486025805639516,0.6355696795203288,100.0,27.43012902819758,36.443032047967115,52.80625152764612,10.0,61.33333333333334,62.6,7.75,92.85714285714286,46.90809523809524,0.0,20.0,100,25.0,35.25,40.0,0,10.0,100,40.0,37.9,100,100,75.16,48.134899267817644,MODERATE,75.16,MODERATE
SME_0175,Hospitality,10720.6,10887.16,51628.13,18171.02,18303.89,5965.69,6,0.148,6,0.812,0.082,0,2,1,2,0,0,1,1,0.818,0,1,1.6949629684905696,1.0155364438557544,4.742111808772903,84.74814842452848,50.77682219278772,0.0,40.65749118519486,60.0,98.66666666666667,81.2,20.5,64.28571428571428,64.9304761904762,0.0,20.0,0,50.0,16.5,0.0,0,10.0,0,2.0,18.200000000000006,100,0,37.28,35.75786640317751,MODERATE,64.9304761904762,MODERATE
SME_0176,Agriculture,16585.76,29147.04,24273.16,7265.5,5972.54,11653.56,4,0.132,6,0.538,0.286,0,1,0,0,1,0,2,1,0.665,0,1,0.4380565014807884,1.7573532958393225,0.8327830201625962,21.90282507403942,87.86766479196612,16.72169798374038,39.61982615329781,40.0,88.00000000000001,53.800000000000004,71.49999999999999,64.28571428571428,63.51714285714286,0.0,10.0,100,100.0,52.0,20.0,0,20.0,0,8.0,33.5,100,0,43.4,43.70523356027506,MODERATE,63.51714285714286,MODERATE
SME_0177,Professional Services,28655.67,10207.73,7293.93,13038.45,2951.02,5166.03,3,0.143,12,0.42,0.324,0,2,0,2,0,0,4,1,0.374,1,0,0.45500419288748095,0.3562202523968206,0.7145496599145942,22.75020964437405,17.81101261984103,28.545034008540583,23.586380282680757,30.0,95.33333333333333,42.0,81.0,21.42857142857143,53.952380952380956,0.0,20.0,100,50.0,41.5,0.0,0,40.0,0,8.0,62.6,0,100,55.040000000000006,35.56800932289947,MODERATE,55.040000000000006,MODERATE
SME_0178,Professional Services,48780.38,11965.45,2368.65,15846.05,14522.8,4134.84,2,0.051,12,0.884,0.181,4,3,1,4,1,0,2,1,0.399,0,0,0.3248447429068818,0.24529226709591032,0.19795745249865238,16.24223714534409,12.264613354795516,80.20425475013477,40.63375705009579,20.0,34.0,88.4,45.24999999999999,21.42857142857143,41.815714285714286,80.0,30.0,0,0.0,30.0,20.0,0,20.0,0,8.0,60.099999999999994,100,100,84.03999999999999,38.248055686457306,MODERATE,84.03999999999999,MODERATE
SME_0179,Retail,12258.27,45600.51,2979.07,33468.51,17787.54,11117.65,2,0.016,7,0.131,0.203,0,1,1,3,0,0,0,0,0.55,0,1,2.7302800476739377,3.719979246663681,0.06532975179444266,100.0,100.0,93.46702482055574,97.3868099282223,20.0,10.666666666666668,13.100000000000001,50.74999999999999,57.14285714285714,30.33190476190476,0.0,10.0,0,25.0,8.25,0.0,0,0.0,100,30.0,44.99999999999999,100,0,48.0,47.74901916894288,MODERATE,97.3868099282223,CRITICAL REVIEW
SME_0180,Transport,3892.69,9734.53,20341.72,32361.09,3059.61,14031.82,2,0.028,6,0.828,0.013,0,2,1,0,0,1,3,1,0.347,0,1,8.313297488369225,2.50072058139744,2.0896458277903505,100.0,100.0,0.0,60.0,20.0,18.666666666666668,82.8,3.2499999999999996,64.28571428571428,37.80047619047619,0.0,20.0,0,100.0,29.0,0.0,100,30.0,0,36.0,65.3,100,0,56.120000000000005,44.26211904761905,MODERATE,60.0,MODERATE
SME_0181,Hospitality,28884.37,5660.26,4259.4,114735.49,7585.46,72195.9,5,0.075,2,0.296,0.028,1,2,1,4,1,1,1,1,0.467,0,1,3.972234464521816,0.19596273001626832,0.7525096020324153,100.0,9.798136500813417,24.749039796758467,42.83905686894742,50.0,50.0,29.599999999999998,6.999999999999999,92.85714285714286,45.89142857142858,20.0,20.0,0,0.0,10.0,20.0,100,10.0,0,36.0,53.29999999999999,100,0,51.31999999999999,36.85657420354136,MODERATE,51.31999999999999,MODERATE
SME_0182,Transport,207210.07,19421.23,2919.42,15005.89,29466.92,7964.49,1,0.119,8,0.821,0.103,1,2,1,1,2,0,1,1,0.759,1,0,0.07241872945653655,0.09372724983877473,0.1503210661734607,3.6209364728268274,4.686362491938737,84.96789338265394,36.47934704249125,10.0,79.33333333333333,82.1,25.749999999999996,50.0,49.43666666666666,20.0,20.0,0,75.0,28.75,40.0,0,10.0,0,10.0,24.099999999999998,0,100,39.64,34.51697077941404,MODERATE,49.43666666666666,MODERATE
SME_0183,Construction,21255.14,13490.6,3748.5,6639.32,17161.91,11470.22,3,0.023,4,0.218,0.218,0,2,1,1,0,0,4,1,0.309,1,0,0.3123630331298688,0.6346982424016027,0.27786013965279527,15.61815165649344,31.734912120080132,72.21398603472046,43.091513546860256,30.0,15.333333333333336,21.8,54.49999999999999,78.57142857142857,40.040952380952376,0.0,20.0,0,75.0,22.75,0.0,0,40.0,0,8.0,69.10000000000001,0,100,57.64,34.45169215929617,MODERATE,57.64,MODERATE
SME_0184,Hospitality,25956.14,27099.2,4023.12,9433.04,7006.87,3895.57,1,0.099,9,0.593,0.296,3,1,1,1,2,0,3,1,0.723,1,1,0.3634222962274052,1.0440381351002115,0.14845899509948632,18.17111481137026,52.201906755010576,85.15410049005136,55.17354666593479,10.0,66.0,59.3,73.99999999999999,42.85714285714286,50.43142857142857,60.0,10.0,0,75.0,38.75,40.0,0,30.0,0,14.0,27.700000000000003,0,0,11.080000000000002,40.11792114263758,MODERATE,55.17354666593479,MODERATE
SME_0185,Professional Services,104022.45,23204.57,18729.3,29317.15,5840.47,20820.18,1,0.049,8,0.855,0.242,3,2,0,0,0,0,1,0,0.841,0,1,0.2818348346919343,0.22307271170790535,0.8071384214402594,14.091741734596717,11.153635585395268,19.28615785597406,15.28807633838722,10.0,32.66666666666667,85.5,60.5,50.0,47.733333333333334,60.0,20.0,100,100.0,72.0,0.0,0,10.0,100,32.0,15.900000000000002,100,0,36.36,39.3557562348495,MODERATE,72.0,MODERATE
SME_0186,Professional Services,40088.74,17546.19,6839.4,14476.39,57743.16,17170.49,7,0.051,14,0.503,0.157,2,0,1,2,1,0,4,1,0.419,0,1,0.3611086305032286,0.4376837486037226,0.3897940236598373,18.05543152516143,21.88418743018613,61.02059763401627,36.39012474021078,70.0,34.0,50.3,39.24999999999999,7.14285714285714,40.13857142857143,40.0,0.0,0,50.0,24.5,20.0,0,40.0,0,12.0,58.099999999999994,100,0,53.239999999999995,32.975680279206095,MODERATE,53.239999999999995,MODERATE
SME_0187,Hospitality,29736.19,17142.09,2028.03,22402.86,2719.22,45808.14,6,0.099,3,0.735,0.047,3,3,0,0,2,0,2,1,0.427,1,0,0.7533870344519591,0.5764723052953321,0.11830704424022975,37.66935172259795,28.823615264766605,88.16929557597703,55.215608326600176,60.0,66.0,73.5,11.75,85.71428571428572,59.39285714285715,60.0,30.0,100,100.0,74.0,40.0,0,20.0,0,12.0,57.3,0,100,52.92,53.30489678369434,HIGH,74.0,HIGH
SME_0188,Professional Services,35607.96,9991.0,8252.25,19051.84,9481.16,32634.39,1,0.07,3,0.784,0.312,2,3,1,0,2,0,2,1,0.32,0,1,0.5350444114181211,0.28058333024413645,0.825968371534381,26.752220570906054,14.029166512206823,17.403162846561905,19.195681263558626,10.0,46.66666666666667,78.4,77.99999999999999,85.71428571428572,59.756190476190476,40.0,30.0,0,100.0,43.0,40.0,0,20.0,0,12.0,68.0,100,0,57.2,36.81775199811521,MODERATE,59.756190476190476,MODERATE
SME_0189,Agriculture,30541.03,19241.12,9991.23,80756.29,2676.09,16463.94,5,0.122,8,0.726,0.146,0,1,1,0,2,1,3,0,0.659,0,0,2.644190127183006,0.6300088765834028,0.51926447109108,100.0,31.500443829170138,48.073552890892,58.67955430510784,50.0,81.33333333333333,72.6,36.49999999999999,50.0,58.08666666666666,0.0,10.0,0,100.0,27.0,40.0,100,30.0,100,74.0,34.099999999999994,100,100,73.64,55.98953295819902,HIGH,74.0,HIGH
SME_0190,Hospitality,10044.97,36430.25,4953.55,16680.36,32652.4,7860.44,3,0.023,2,0.887,0.294,1,3,1,1,0,0,0,1,0.758,0,1,1.6605684237981797,3.6267156596784265,0.13597353847420757,83.02842118990898,100.0,86.40264615257924,89.46958481800439,30.0,15.333333333333336,88.7,73.49999999999999,92.85714285714286,60.078095238095244,20.0,30.0,0,75.0,30.75,0.0,0,0.0,0,0.0,24.2,100,0,39.68,51.97839925492512,HIGH,89.46958481800439,HIGH
SME_0191,Transport,8548.19,8261.57,25414.67,20570.44,9936.09,14427.1,2,0.118,9,0.48,0.205,1,6,1,2,1,0,2,1,0.62,1,0,2.4064088421057552,0.9664700948387903,3.0762518504352077,100.0,48.323504741939516,0.0,44.497051422581855,20.0,78.66666666666666,48.0,51.24999999999999,42.85714285714286,48.15476190476191,20.0,60.0,0,50.0,30.5,20.0,0,20.0,0,8.0,38.0,0,100,45.2,37.20780590296504,MODERATE,48.15476190476191,MODERATE
SME_0192,Hospitality,113107.46,17922.45,5251.44,61465.8,11739.3,10859.0,3,0.01,4,0.247,0.295,2,4,1,0,2,0,1,1,0.573,1,1,0.543428346812845,0.15845506565172623,0.2930090473121699,27.17141734064225,7.922753282586312,70.69909526878301,38.807889294481775,30.0,6.666666666666667,24.7,73.75,78.57142857142857,42.73761904761905,40.0,40.0,0,100.0,45.0,40.0,0,10.0,0,10.0,42.7,0,0,17.080000000000002,34.53477155024929,MODERATE,45.0,MODERATE
SME_0193,Professional Services,28961.94,41309.1,24234.55,17051.11,120854.6,28302.9,3,0.029,6,0.141,0.363,0,1,1,2,1,0,1,1,0.618,0,0,0.5887419834444793,1.426323650970895,0.5866637133222462,29.437099172223963,71.31618254854475,41.33362866777538,46.759435983340765,30.0,19.333333333333336,14.099999999999998,90.75,64.28571428571428,43.69380952380953,0.0,10.0,0,50.0,14.5,20.0,0,10.0,0,6.0,38.2,100,100,75.28,36.27928317595461,MODERATE,75.28,MODERATE
SME_0194,Agriculture,27084.24,26969.62,14530.13,45805.76,5861.82,25242.14,4,0.098,3,0.309,0.368,1,1,1,3,0,0,0,1,0.847,0,0,1.6912329827235322,0.9957680185967928,0.5387591667958244,84.56164913617661,49.78840092983964,46.12408332041756,58.7546483479719,40.0,65.33333333333334,30.9,92.0,85.71428571428572,62.78952380952382,20.0,10.0,0,25.0,14.25,0.0,0,0.0,0,0.0,15.300000000000002,100,100,66.12,42.78577545677253,MODERATE,66.12,MODERATE
SME_0195,Agriculture,23259.04,51313.3,20207.36,41791.07,48245.54,9190.15,6,0.128,3,0.222,0.214,0,0,1,0,0,0,0,0,0.323,1,0,1.796766762514704,2.2061658606718075,0.39380355580327125,89.83833812573519,100.0,60.619644419672866,81.1993592055897,60.0,85.33333333333334,22.2,53.49999999999999,85.71428571428572,61.34952380952381,0.0,0.0,0,100.0,25.0,0.0,0,0.0,100,30.0,67.7,0,100,57.08,54.90518871405786,HIGH,81.1993592055897,HIGH
SME_0196,Construction,46699.55,11425.62,2666.83,34569.2,7035.2,3219.13,3,0.038,3,0.574,0.205,4,0,1,0,1,0,5,1,0.849,0,0,0.7402469616944916,0.24466231473322547,0.23340790259084407,37.01234808472458,12.233115736661274,76.65920974091559,45.43732304278199,30.0,25.333333333333336,57.4,51.24999999999999,85.71428571428572,49.93952380952381,80.0,0.0,0,100.0,49.0,20.0,0,50.0,0,14.0,15.100000000000001,100,100,66.03999999999999,44.620077865215556,MODERATE,66.03999999999999,MODERATE
SME_0197,Transport,190533.63,4161.01,8826.44,9648.49,8104.54,39843.34,3,0.049,11,0.257,0.106,0,2,1,0,0,0,2,1,0.766,0,1,0.050639301838735766,0.021838716871137132,2.121225375569874,2.5319650919367884,1.0919358435568567,0.0,1.0871702806480934,30.0,32.66666666666667,25.7,26.499999999999996,28.57142857142857,28.68761904761905,0.0,20.0,0,100.0,29.0,0.0,0,20.0,0,4.0,23.4,100,0,39.36,17.83405584609919,LOW,39.36,LOW
SME_0198,Manufacturing,38017.17,21134.21,7588.35,102613.72,107441.1,20258.88,5,0.081,13,0.133,0.374,0,1,1,3,0,0,3,1,0.469,0,1,2.699141466868786,0.5559122364973511,0.3590552947093835,100.0,27.795611824867557,64.09447052906165,63.97647175908493,50.0,54.0,13.3,93.5,14.28571428571429,45.01714285714286,0.0,10.0,0,25.0,8.25,0.0,0,30.0,0,6.0,53.1,100,0,51.24,38.121227242011194,MODERATE,63.97647175908493,MODERATE
SME_0199,Manufacturing,15617.72,24057.06,1929.84,276408.87,8650.38,9001.27,0,0.032,10,0.131,0.183,2,2,1,3,0,0,3,1,0.667,0,1,17.698413724922716,1.5403695289709383,0.08021927866497401,100.0,77.01847644854692,91.9780721335026,89.89677178796511,0.0,21.333333333333336,13.100000000000001,45.74999999999999,35.71428571428571,23.17952380952381,40.0,20.0,0,25.0,22.25,0.0,0,30.0,0,6.0,33.3,100,0,43.32,42.44591248877049,MODERATE,89.89677178796511,MODERATE
SME_0200,Hospitality,22469.42,53791.17,24155.26,30266.02,2902.73,19560.12,5,0.122,12,0.807,0.051,1,5,1,1,4,0,4,1,0.335,0,1,1.3469871496460524,2.3939723410751146,0.44905622986077454,67.34935748230262,100.0,55.094377013922546,72.2425580502598,50.0,81.33333333333333,80.7,12.749999999999998,21.42857142857143,49.24238095238095,20.0,50.0,0,75.0,34.75,80.0,0,40.0,0,24.0,66.5,100,0,56.6,50.19336265317318,HIGH,72.2425580502598,HIGH
SME_0201,Construction,58890.1,46566.82,3532.62,10536.47,12888.2,12836.36,2,0.116,14,0.603,0.173,2,5,1,4,2,0,3,1,0.566,0,1,0.17891750905500245,0.7907410583442718,0.0758613106928925,8.945875452750123,39.537052917213586,92.41386893071075,51.510426083273416,20.0,77.33333333333334,60.3,43.24999999999999,7.14285714285714,41.6052380952381,40.0,50.0,0,0.0,22.0,40.0,0,30.0,0,14.0,43.400000000000006,100,0,47.36,37.090437348791546,MODERATE,51.510426083273416,MODERATE
SME_0202,Retail,15683.91,27653.9,4348.69,30885.91,8560.19,39317.23,1,0.022,14,0.404,0.051,2,2,1,2,0,0,3,1,0.422,1,0,1.9692736058801663,1.7632019056472525,0.15725413052046905,98.46368029400831,88.16009528236263,84.27458694795308,89.69696745209252,10.0,14.666666666666666,40.400000000000006,12.749999999999998,7.14285714285714,16.991904761904763,40.0,20.0,0,50.0,28.5,0.0,0,30.0,0,6.0,57.800000000000004,0,100,53.120000000000005,43.069066426103944,MODERATE,89.69696745209252,MODERATE
SME_0203,Hospitality,49435.71,33204.45,2904.11,80725.74,13915.06,2112.99,4,0.07,14,0.86,0.201,2,3,1,4,0,0,1,1,0.316,0,0,1.6329438780185417,0.6716693256757109,0.08746146977287685,81.64719390092708,33.58346628378555,91.25385302271232,71.07073926449871,40.0,46.66666666666667,86.0,50.24999999999999,7.14285714285714,46.01190476190476,40.0,30.0,0,0.0,18.0,0.0,0,10.0,0,2.0,68.39999999999999,100,100,87.36,45.4601979698258,MODERATE,87.36,MODERATE
SME_0204,Construction,3905.11,15439.28,16129.14,16216.18,8867.09,8393.31,4,0.116,12,0.16,0.225,0,2,1,0,1,0,3,0,0.55,0,1,4.1525539613480795,3.9536095013968877,1.0446821354363673,100.0,100.0,0.0,60.0,40.0,77.33333333333334,16.0,56.25,21.42857142857143,42.202380952380956,0.0,20.0,0,100.0,29.0,20.0,0,30.0,100,40.0,44.99999999999999,100,0,48.0,45.150595238095235,MODERATE,60.0,MODERATE
SME_0205,Transport,20800.4,6787.48,1739.35,26371.88,73447.82,50605.27,5,0.051,2,0.933,0.135,1,2,1,0,2,0,1,1,0.808,0,0,1.2678544643372243,0.32631487856002767,0.2562585819774055,63.392723216861214,16.315743928001382,74.37414180225946,53.66219686436256,50.0,34.0,93.30000000000001,33.75,92.85714285714286,60.78142857142858,20.0,20.0,0,100.0,35.0,40.0,0,10.0,0,10.0,19.199999999999996,100,100,67.68,46.562016202165914,MODERATE,67.68,MODERATE
SME_0206,Transport,41321.7,19777.58,14839.85,42176.01,16504.74,19921.21,2,0.095,8,0.624,0.029,2,0,0,1,0,0,0,0,0.945,0,1,1.0206746092246932,0.4786245483607887,0.7503369977519999,51.03373046123466,23.931227418039434,24.96630022480001,32.47600745370223,20.0,63.33333333333334,62.4,7.249999999999999,50.0,40.59666666666667,40.0,0.0,100,75.0,55.75,0.0,0,0.0,100,30.0,5.500000000000005,100,0,32.2,38.76196890277733,MODERATE,55.75,MODERATE
SME_0207,Transport,69060.04,39505.13,22736.14,99907.55,3800.44,59160.41,2,0.008,9,0.256,0.377,1,2,1,4,1,0,1,1,0.764,1,0,1.4466766888637772,0.5720403579262334,0.5755237357781129,72.33383444318886,28.602017896311672,42.44762642218871,47.25980627072565,20.0,5.333333333333334,25.6,94.25,42.85714285714286,37.608095238095245,20.0,20.0,0,0.0,10.0,20.0,0,10.0,0,6.0,23.599999999999998,0,100,39.44,30.4239656907415,MODERATE,47.25980627072565,MODERATE
SME_0208,Transport,12988.92,30430.96,13689.37,65145.36,11186.16,3995.95,4,0.091,8,0.677,0.309,3,1,1,0,0,1,1,1,0.581,0,1,5.015456250404191,2.3428398973894673,0.4498500868851985,100.0,100.0,55.01499131148015,82.00599652459206,40.0,60.66666666666667,67.7,77.25,50.0,59.123333333333335,60.0,10.0,0,100.0,45.0,0.0,100,10.0,0,32.0,41.900000000000006,100,0,46.760000000000005,57.85863229071095,HIGH,82.00599652459206,HIGH
SME_0209,Transport,7513.22,35072.51,16314.76,67901.99,4869.14,31496.73,4,0.023,10,0.749,0.336,2,4,0,4,2,0,1,1,1.0,1,1,9.037668270062637,4.668106351204943,0.4651722959092463,100.0,100.0,53.482770409075364,81.39310816363015,40.0,15.333333333333336,74.9,84.0,35.71428571428571,49.9895238095238,40.0,40.0,100,0.0,45.0,40.0,0,10.0,0,10.0,0.0,0,0,0.0,47.415313401469994,MODERATE,81.39310816363015,MODERATE
SME_0210,Construction,20293.24,12783.65,17098.45,19588.23,8001.61,29841.76,3,0.125,3,0.465,0.147,3,0,0,1,2,1,2,1,0.498,0,1,0.9652588743837849,0.6299462283992107,1.337524885302711,48.262943719189245,31.497311419960532,0.0,23.928076541744932,30.0,83.33333333333334,46.5,36.74999999999999,85.71428571428572,56.459523809523816,60.0,0.0,100,75.0,61.75,40.0,100,20.0,0,42.0,50.2,100,0,50.08,44.951303914904436,MODERATE,61.75,MODERATE
SME_0211,Construction,10160.83,14555.0,3095.71,44840.71,4406.97,2641.51,1,0.053,7,0.832,0.304,0,4,1,4,0,0,2,1,0.431,1,0,4.413095190058293,1.432461718186408,0.21269048436963242,100.0,71.62308590932041,78.73095156303675,82.97930639801083,10.0,35.333333333333336,83.2,75.99999999999999,57.14285714285714,52.3352380952381,0.0,40.0,0,0.0,8.0,0.0,0,20.0,0,4.0,56.89999999999999,0,100,52.76,45.453601443212776,MODERATE,82.97930639801083,MODERATE
SME_0212,Agriculture,22190.11,26499.14,33588.26,14573.93,66619.13,9197.71,1,0.042,11,0.228,0.194,1,6,0,2,0,1,3,0,0.625,1,0,0.656775924049047,1.1941869598663548,1.2675226441310927,32.83879620245235,59.70934799331774,0.0,27.764443258731028,10.0,28.000000000000004,22.8,48.5,28.57142857142857,27.57428571428572,20.0,60.0,100,50.0,55.5,0.0,100,30.0,100,66.0,37.5,0,100,45.0,40.722904406190736,MODERATE,66.0,MODERATE
SME_0213,Manufacturing,24867.28,11625.09,5049.88,69876.09,5367.37,10902.92,1,0.126,10,0.337,0.08,0,3,1,1,0,1,1,1,0.653,1,1,2.8099611216023628,0.46748538641942344,0.4343949165124743,100.0,23.374269320971173,56.56050834875257,59.63648413579238,10.0,84.00000000000001,33.7,20.0,35.71428571428571,36.682857142857145,0.0,30.0,0,75.0,24.75,0.0,100,10.0,0,32.0,34.699999999999996,0,0,13.879999999999999,38.199659526451995,MODERATE,59.63648413579238,MODERATE
SME_0214,Professional Services,8702.06,11915.0,7486.14,94861.41,18567.13,2793.53,1,0.008,2,0.179,0.05,0,2,1,4,3,0,1,0,0.548,1,1,10.901029181596083,1.3692160247113903,0.628295425933697,100.0,68.46080123556952,37.1704574066303,65.40642333332298,10.0,5.333333333333334,17.9,12.5,92.85714285714286,27.718095238095238,0.0,20.0,0,0.0,4.0,60.0,0,10.0,100,44.0,45.199999999999996,0,0,18.08,35.7594508095207,MODERATE,65.40642333332298,MODERATE
SME_0215,Transport,47580.7,22845.58,5736.24,52172.78,7474.17,9372.36,4,0.059,4,0.279,0.138,0,2,0,0,1,0,2,1,0.787,0,0,1.0965114006309282,0.48014383983421854,0.2510875188986228,54.82557003154641,24.007191991710926,74.89124811013772,53.60632785103229,40.0,39.33333333333333,27.900000000000002,34.5,78.57142857142857,44.060952380952386,0.0,20.0,100,100.0,54.0,20.0,0,20.0,0,8.0,21.299999999999997,100,100,68.52,45.94913645054778,MODERATE,68.52,MODERATE
SME_0216,Retail,22045.42,33085.51,13078.68,20775.76,3525.47,26331.65,3,0.056,12,0.303,0.055,0,1,0,3,0,0,1,0,0.429,1,1,0.9424070850090405,1.5007883723694084,0.3952993319431981,47.120354250452024,75.03941861847042,60.47006680568019,60.83595858294881,30.0,37.333333333333336,30.3,13.749999999999998,21.42857142857143,26.562380952380956,0.0,10.0,100,25.0,33.25,0.0,0,10.0,100,32.0,57.099999999999994,0,0,22.84,38.62538281297988,MODERATE,60.83595858294881,MODERATE
SME_0217,Professional Services,59337.63,15344.37,4671.15,24470.55,11946.87,8440.79,4,0.043,13,0.88,0.399,1,2,1,3,1,0,3,1,0.657,1,1,0.4123951361050315,0.25859425123652563,0.30442110037753256,20.619756805251573,12.929712561826282,69.55788996224675,37.887996795022055,40.0,28.666666666666668,88.0,99.75,14.28571428571429,54.1404761904762,20.0,20.0,0,25.0,16.25,20.0,0,30.0,0,10.0,34.3,0,0,13.719999999999999,31.023518086125666,MODERATE,54.1404761904762,MODERATE
SME_0218,Construction,5714.18,7098.05,8553.64,182675.91,14342.22,14921.85,3,0.137,14,0.166,0.02,1,2,0,1,0,1,3,1,0.65,1,1,31.96887567419997,1.2421817303620117,1.2050689978233458,100.0,62.10908651810059,0.0,48.632725955430175,30.0,91.33333333333334,16.6,5.0,7.14285714285714,30.015238095238097,20.0,20.0,100,75.0,53.75,0.0,100,30.0,0,36.0,35.0,0,0,14.0,39.643627310438575,MODERATE,53.75,MODERATE
SME_0219,Retail,11079.78,9991.44,2325.88,21125.63,16532.84,15019.36,3,0.113,13,0.463,0.176,1,2,0,3,2,0,2,0,0.877,0,0,1.9066831651892004,0.9017724178638926,0.23278726589961007,95.33415825946003,45.08862089319463,76.72127341003899,72.81534310981199,30.0,75.33333333333334,46.300000000000004,43.99999999999999,14.28571428571429,41.98380952380953,20.0,20.0,100,25.0,41.25,40.0,0,20.0,100,42.0,12.3,100,100,64.92,53.38255531389598,HIGH,72.81534310981199,HIGH
SME_0220,Retail,37796.3,21185.34,25638.8,85729.03,944.2,11869.57,3,0.01,6,0.553,0.181,2,2,1,2,1,1,4,1,0.949,0,1,2.268185774798062,0.5605135952460955,1.2102142330498353,100.0,28.025679762304772,0.0,38.40770392869143,30.0,6.666666666666667,55.300000000000004,45.24999999999999,64.28571428571428,40.30047619047619,40.0,20.0,0,50.0,28.5,20.0,100,40.0,0,42.0,5.100000000000005,100,0,32.04,36.80143022622648,MODERATE,42.0,MODERATE
SME_0221,Retail,13191.69,20980.4,15645.49,42101.74,3291.11,6361.36,0,0.107,11,0.864,0.12,1,3,1,1,1,0,1,1,0.764,0,1,3.1915349739116063,1.5904254875607295,0.7457193380488455,100.0,79.52127437803648,25.428066195115452,64.02760879145713,0.0,71.33333333333334,86.4,30.0,28.57142857142857,43.26095238095238,20.0,30.0,0,75.0,30.75,20.0,0,10.0,0,6.0,23.599999999999998,100,0,39.44,41.01752073267523,MODERATE,64.02760879145713,MODERATE
SME_0222,Agriculture,21916.66,21831.68,5972.6,21478.68,23674.16,21711.44,6,0.079,5,0.948,0.229,4,2,1,0,0,0,1,1,0.514,0,1,0.9800161155942557,0.9961225843718888,0.27357491498592873,49.000805779712785,49.80612921859444,72.64250850140712,58.699083900055015,60.0,52.66666666666667,94.8,57.25,71.42857142857143,67.22904761904763,80.0,20.0,0,100.0,53.0,0.0,0,10.0,0,2.0,48.6,100,0,49.44,50.26098707477841,HIGH,67.22904761904763,HIGH
SME_0223,Construction,25013.99,27314.23,5004.27,7818.93,4355.06,2876.51,4,0.135,13,0.74,0.06,1,1,0,0,0,1,1,0,0.783,1,0,0.3125822789566958,1.0919581402247303,0.18321109546196251,15.62911394783479,54.597907011236515,81.67889045380375,53.739662469242894,40.0,90.00000000000001,74.0,15.0,14.28571428571429,46.657142857142865,20.0,10.0,100,100.0,58.0,0.0,100,10.0,100,62.0,21.699999999999996,0,100,38.68,52.55418445505858,HIGH,62.0,HIGH
SME_0224,Retail,28374.21,18083.87,15242.23,37069.62,12003.94,12093.11,1,0.047,9,0.925,0.314,1,2,1,1,3,0,5,1,0.476,0,1,1.3064546995317228,0.6373347487031357,0.8428632809238288,65.32273497658613,31.866737435156782,15.713671907617123,35.442310486569724,10.0,31.333333333333336,92.5,78.49999999999999,42.85714285714286,51.03809523809524,20.0,20.0,0,75.0,28.75,60.0,0,50.0,0,22.0,52.400000000000006,100,0,50.96000000000001,37.538216955494725,MODERATE,51.03809523809524,MODERATE
SME_0225,Transport,14538.83,22251.66,3943.81,32861.38,3223.16,41756.05,6,0.086,10,0.769,0.133,2,2,0,3,1,0,0,1,0.977,0,0,2.260249277280221,1.5304986714886961,0.17723666459041706,100.0,76.52493357443481,82.27633354095829,85.86801348871376,60.0,57.333333333333336,76.9,33.25,35.71428571428571,52.63952380952381,40.0,20.0,100,25.0,47.25,20.0,0,0.0,0,4.0,2.300000000000002,100,100,60.92,55.06228499899508,HIGH,85.86801348871376,HIGH
SME_0226,Hospitality,28171.34,17363.15,9068.5,182679.28,19317.78,8022.67,1,0.075,4,0.919,0.237,0,3,1,3,1,0,5,0,0.876,1,1,6.484579008311283,0.616340933729102,0.5222842629361607,100.0,30.8170466864551,47.77157370638393,58.3537434884901,10.0,50.0,91.9,59.24999999999999,78.57142857142857,57.94428571428572,0.0,30.0,0,25.0,12.25,20.0,0,50.0,100,44.0,12.4,0,0,4.960000000000001,41.538194475118466,MODERATE,58.3537434884901,MODERATE
SME_0227,Retail,13367.69,45121.49,25555.19,12692.42,23120.69,6235.87,3,0.073,5,0.701,0.286,0,2,1,0,1,1,2,0,0.602,1,1,0.9494849147459284,3.3754141515849034,0.5663640540239252,47.47424573729642,100.0,43.36359459760748,61.58771156023192,30.0,48.666666666666664,70.1,71.49999999999999,71.42857142857143,58.33904761904761,0.0,20.0,0,100.0,29.0,20.0,100,20.0,100,68.0,39.800000000000004,0,0,15.920000000000002,50.65307537283148,HIGH,68.0,HIGH
SME_0228,Agriculture,42875.48,56613.38,3554.39,297664.19,19323.15,23054.74,6,0.068,4,0.168,0.356,1,3,1,2,0,0,4,1,0.849,0,0,6.942527290656571,1.32041390557027,0.06278356812470832,100.0,66.0206952785135,93.72164318752917,87.29486585856571,60.0,45.333333333333336,16.8,88.99999999999999,78.57142857142857,57.94095238095238,20.0,30.0,0,50.0,24.5,0.0,0,40.0,0,8.0,15.100000000000001,100,100,66.03999999999999,53.377697852807806,HIGH,87.29486585856571,HIGH
SME_0229,Professional Services,22805.47,6952.93,11565.68,43816.39,25327.39,13901.48,3,0.031,14,0.442,0.334,3,1,0,3,1,1,4,1,0.586,0,1,1.9213105452332269,0.3048799257371148,1.6634253472996277,96.06552726166134,15.24399628685574,0.0,33.39285706455512,30.0,20.666666666666668,44.2,83.5,7.14285714285714,37.10190476190476,60.0,10.0,100,25.0,51.25,20.0,100,40.0,0,42.0,41.400000000000006,100,0,46.56,40.499333309842726,MODERATE,51.25,MODERATE
SME_0230,Construction,28301.23,14675.36,10970.03,43773.41,40857.7,23472.02,1,0.113,13,0.65,0.243,0,3,1,2,2,0,3,1,0.352,1,0,1.5466963803339997,0.5185414202845601,0.7475135192594935,77.33481901669998,25.927071014228005,25.24864807405065,41.07802623889865,10.0,75.33333333333334,65.0,60.74999999999999,14.28571428571429,45.07380952380953,0.0,30.0,0,50.0,18.5,40.0,0,30.0,0,14.0,64.8,0,100,55.92,34.98386025262198,MODERATE,55.92,MODERATE
SME_0231,Agriculture,195354.78,18477.46,7258.0,16578.81,3476.13,12423.07,4,0.068,14,0.398,0.155,3,3,1,3,2,0,1,1,0.795,0,0,0.08486513613846562,0.0945841202349899,0.39280290689304703,4.243256806923281,4.729206011749495,60.7197093106953,26.979622569879954,40.0,45.333333333333336,39.800000000000004,38.74999999999999,7.14285714285714,34.2052380952381,60.0,30.0,0,25.0,30.25,40.0,0,10.0,0,10.0,20.499999999999996,100,100,68.2,31.015196294773514,MODERATE,68.2,MODERATE
SME_0232,Retail,10310.8,14539.08,4833.89,41095.71,4917.4,1398.56,1,0.144,8,0.332,0.201,1,4,1,1,1,0,2,1,0.583,1,0,3.9856955813321955,1.410082631803546,0.3324756449514,100.0,70.5041315901773,66.75243550486,77.85221367899719,10.0,96.0,33.2,50.24999999999999,50.0,47.89,20.0,40.0,0,75.0,32.75,20.0,0,20.0,0,8.0,41.7,0,100,46.68000000000001,47.74616410369915,MODERATE,77.85221367899719,MODERATE
SME_0233,Construction,75924.67,75543.59,26956.88,48146.49,22429.44,34703.09,4,0.039,13,0.591,0.307,3,3,1,4,0,0,1,1,0.951,0,1,0.6341349919597938,0.9949808145363028,0.3568387470068606,31.706749597989692,49.74904072681514,64.31612529931394,50.16318721716702,40.0,26.0,59.099999999999994,76.75,14.28571428571429,43.227142857142866,60.0,30.0,0,0.0,24.0,0.0,0,10.0,0,2.0,4.900000000000004,100,0,31.96,34.151741879435825,MODERATE,50.16318721716702,MODERATE
SME_0234,Hospitality,2978.43,21531.91,4401.18,76594.45,27654.35,77318.28,5,0.102,8,0.893,0.351,0,2,1,0,0,0,2,1,0.515,0,0,25.716384135265894,7.229281869978479,0.20440267491365144,100.0,100.0,79.55973250863487,91.82389300345395,50.0,68.0,89.3,87.75,50.0,69.01,0.0,20.0,0,100.0,29.0,0.0,0,20.0,0,4.0,48.5,100,100,79.4,59.13966790103619,HIGH,91.82389300345395,CRITICAL REVIEW
SME_0235,Retail,4740.65,9450.56,1306.57,11278.24,5450.33,38112.55,1,0.141,3,0.13,0.042,2,1,0,1,1,0,0,0,0.89,1,0,2.3790492864902495,1.993515657135625,0.13825318288016794,100.0,99.67578285678125,86.1746817119832,94.37260754182765,10.0,94.0,13.0,10.5,85.71428571428572,42.64285714285715,40.0,10.0,100,75.0,57.75,20.0,0,0.0,100,34.0,10.999999999999998,0,100,34.4,59.06249654826258,HIGH,94.37260754182765,CRITICAL REVIEW
SME_0236,Agriculture,9266.11,29006.66,15179.94,122483.73,5119.66,496.55,2,0.1,1,0.754,0.154,1,5,1,3,0,0,2,1,0.776,1,0,13.21846276377034,3.1304031573119677,0.523326022368656,100.0,100.0,47.6673977631344,79.06695910525376,20.0,66.66666666666667,75.4,38.49999999999999,100.0,60.113333333333344,20.0,50.0,0,25.0,22.25,0.0,0,20.0,0,4.0,22.4,0,100,38.96,47.69442106490947,MODERATE,79.06695910525376,MODERATE
SME_0237,Manufacturing,9745.96,22357.27,2406.42,43060.79,5559.97,18009.26,5,0.131,6,0.714,0.31,1,0,1,0,0,0,2,1,0.897,0,0,4.418322053445736,2.294003874425916,0.10763478725264758,100.0,100.0,89.23652127473525,95.6946085098941,50.0,87.33333333333334,71.39999999999999,77.49999999999999,64.28571428571428,70.10380952380953,20.0,0.0,0,100.0,31.0,0.0,0,20.0,0,4.0,10.299999999999997,100,100,64.12,59.44633493392061,HIGH,95.6946085098941,CRITICAL REVIEW
SME_0238,Transport,29424.78,22959.37,15979.76,55115.24,2358.44,7884.0,9,0.124,2,0.919,0.173,1,0,1,4,3,0,1,1,0.504,1,1,1.873089280531579,0.7802732934621771,0.6960016760041761,93.65446402657895,39.013664673108856,30.399832399582394,51.9603715697393,90.0,82.66666666666667,91.9,43.24999999999999,92.85714285714286,80.1347619047619,20.0,0.0,0,0.0,6.0,60.0,0,10.0,0,14.0,49.6,0,0,19.840000000000003,40.90580194711227,MODERATE,80.1347619047619,MODERATE
SME_0239,Professional Services,31524.01,76452.73,30397.03,24052.89,3184.56,4522.6,5,0.054,2,0.891,0.133,1,3,0,4,0,0,0,1,0.623,0,0,0.7630022322667707,2.425222235369168,0.3975924731530189,38.15011161333853,100.0,60.24075268469811,65.5413345578808,50.0,36.0,89.1,33.25,92.85714285714286,60.24142857142857,20.0,30.0,100,0.0,37.0,0.0,0,0.0,0,0.0,37.7,100,100,75.08,49.630757510221386,MODERATE,75.08,MODERATE
SME_0240,Agriculture,20389.47,23831.3,15017.13,11858.62,3254.44,13401.49,4,0.09,3,0.748,0.165,0,4,1,3,1,0,1,1,0.876,0,1,0.5816051128352037,1.1688042896652044,0.6301431310923029,29.080255641760182,58.44021448326022,36.985686890769706,41.050415793814004,40.0,60.0,74.8,41.25,85.71428571428572,60.35285714285715,0.0,40.0,0,25.0,14.25,20.0,0,10.0,0,6.0,12.4,100,0,34.96,34.64933902385849,MODERATE,60.35285714285715,MODERATE
SME_0241,Construction,22175.18,14117.89,23355.98,32263.03,7674.45,10494.53,4,0.023,8,0.542,0.241,1,2,1,0,0,0,0,1,0.751,1,1,1.4549162622355263,0.6366527802705547,1.6543534480010824,72.74581311177631,31.832639013527736,0.0,31.37353563759121,40.0,15.333333333333336,54.2,60.24999999999999,50.0,43.95666666666666,20.0,20.0,0,100.0,35.0,0.0,0,0.0,0,0.0,24.9,0,0,9.96,28.39722735794403,LOW,43.95666666666666,LOW
SME_0242,Retail,38133.29,3766.52,60309.56,36179.51,12760.29,18966.96,4,0.08,3,0.274,0.4,4,5,1,3,1,0,2,0,0.552,1,0,0.9487644522672972,0.09877248986384338,16.012011087157376,47.438222613364864,4.938624493192169,0.0,15.71305413196711,40.0,53.333333333333336,27.400000000000002,100.0,85.71428571428572,61.289523809523814,80.0,50.0,0,25.0,40.25,20.0,0,20.0,100,38.0,44.8,0,100,47.92,38.57829719197109,MODERATE,61.289523809523814,MODERATE
SME_0243,Transport,48689.09,15769.1,21035.3,7506.5,14771.66,12626.89,3,0.035,7,0.563,0.197,0,1,1,4,1,1,3,1,0.658,1,0,0.1541721153547951,0.32387337697213076,1.3339569157402769,7.708605767739756,16.19366884860654,0.0,7.170682384903888,30.0,23.333333333333336,56.3,49.25,57.14285714285714,43.2052380952381,0.0,10.0,0,0.0,2.0,20.0,100,30.0,0,40.0,34.199999999999996,0,100,43.68,23.720514239280696,LOW,43.68,LOW
SME_0244,Retail,8650.74,51169.71,11134.13,66319.42,6327.33,4376.18,2,0.112,10,0.751,0.083,1,0,1,1,2,0,2,1,0.997,0,0,7.666329123288874,5.915067381518806,0.2175922044506408,100.0,100.0,78.24077955493591,91.29631182197437,20.0,74.66666666666667,75.1,20.75,35.71428571428571,45.24619047619048,20.0,0.0,0,75.0,24.75,40.0,0,20.0,0,12.0,0.30000000000000027,100,100,60.120000000000005,51.46244116563993,HIGH,91.29631182197437,CRITICAL REVIEW
SME_0245,Construction,18715.71,16733.9,40992.52,81265.54,6468.84,7141.8,2,0.079,14,0.861,0.065,1,3,1,1,0,1,0,1,0.819,1,0,4.34210297124715,0.8941098146957824,2.449669234308798,100.0,44.70549073478912,0.0,43.411647220436734,20.0,52.66666666666667,86.1,16.25,7.14285714285714,36.43190476190476,20.0,30.0,0,75.0,30.75,0.0,100,0.0,0,30.0,18.100000000000005,0,100,37.24,36.505470356607205,MODERATE,43.411647220436734,MODERATE
SME_0246,Retail,23646.24,2999.16,46257.2,14462.12,11177.25,6176.45,7,0.062,10,0.771,0.017,1,2,0,2,2,0,1,1,0.73,0,1,0.6116033669623585,0.1268345411363498,15.423385214526734,30.580168348117926,6.341727056817489,0.0,11.076568621480625,70.0,41.333333333333336,77.10000000000001,4.25,35.71428571428571,45.679523809523815,20.0,20.0,100,50.0,47.5,40.0,0,10.0,0,10.0,27.0,100,0,40.8,29.82285153882514,LOW,47.5,LOW
SME_0247,Manufacturing,36860.06,12081.58,46909.18,10789.92,2601.72,2560.17,4,0.04,9,0.266,0.224,1,2,1,4,1,0,2,1,0.88,0,1,0.29272659892577496,0.32776886418524553,3.8827024279936895,14.636329946288749,16.388443209262277,0.0,9.307431946665307,40.0,26.666666666666668,26.6,55.99999999999999,42.85714285714286,38.42476190476191,20.0,20.0,0,0.0,10.0,20.0,0,20.0,0,8.0,12.0,100,0,34.8,19.07842006019007,LOW,38.42476190476191,LOW
SME_0248,Transport,13473.73,39826.1,4890.52,22158.83,23714.38,3491.83,3,0.15,13,0.61,0.218,0,1,1,4,0,0,4,1,0.609,0,1,1.6445950750089249,2.9558333141602215,0.12279685934600677,82.22975375044625,100.0,87.72031406539932,89.7570517512936,30.0,100.0,61.0,54.49999999999999,14.28571428571429,51.95714285714286,0.0,10.0,0,0.0,2.0,0.0,0,40.0,0,8.0,39.1,100,0,45.64,46.0804012396738,MODERATE,89.7570517512936,MODERATE
SME_0249,Transport,23277.77,27855.36,2065.61,30725.49,31798.9,9923.89,1,0.011,8,0.382,0.082,1,2,1,3,0,0,4,1,0.965,1,1,1.3199498921073625,1.1966507100980892,0.07415484847440493,65.99749460536812,59.83253550490446,92.5845151525595,74.78281509410559,10.0,7.333333333333333,38.2,20.5,50.0,25.206666666666667,20.0,20.0,0,25.0,16.25,0.0,0,40.0,0,8.0,3.500000000000003,0,0,1.4000000000000012,33.326511194898345,MODERATE,74.78281509410559,MODERATE
SME_0250,Construction,25606.92,9193.23,4600.89,23035.27,5694.85,43219.22,1,0.007,1,0.108,0.278,2,2,1,2,1,0,1,0,0.686,0,1,0.8995720688001525,0.35901350103800067,0.500465016104242,44.978603440007625,17.950675051900035,49.9534983895758,38.86018290340262,10.0,4.666666666666667,10.8,69.5,100.0,38.99333333333333,40.0,20.0,0,50.0,28.5,20.0,0,10.0,100,36.0,31.399999999999995,100,0,42.56,36.76238820435412,MODERATE,42.56,MODERATE
SME_0251,Professional Services,14229.25,11451.77,16168.8,28227.02,6986.59,7410.55,2,0.033,7,0.27,0.296,2,5,1,2,1,0,1,1,0.529,0,0,1.9837321011297153,0.8048048913329937,1.411904011344971,99.18660505648576,40.240244566649686,0.0,41.828054886940635,20.0,22.000000000000004,27.0,73.99999999999999,57.14285714285714,40.02857142857143,40.0,50.0,0,50.0,34.5,20.0,0,10.0,0,6.0,47.099999999999994,100,100,78.84,38.239559323225045,MODERATE,78.84,MODERATE
SME_0252,Manufacturing,13960.39,12959.19,9380.19,37437.58,30617.33,6069.15,2,0.146,7,0.196,0.104,1,3,0,0,1,1,1,1,0.36,1,1,2.681700153075953,0.9282828058528452,0.7238253316758223,100.0,46.41414029264226,27.61746683241777,54.971228820759784,20.0,97.33333333333333,19.6,25.999999999999996,57.14285714285714,44.015238095238104,20.0,30.0,100,100.0,62.0,20.0,100,10.0,0,36.0,64.0,0,0,25.6,47.85517817003746,MODERATE,62.0,MODERATE
SME_0253,Agriculture,27055.02,10593.08,6507.53,7636.42,8951.66,4144.36,4,0.147,8,0.816,0.138,0,0,0,3,0,0,1,1,0.563,0,1,0.2822551970022569,0.39153842798859506,0.6143189704977211,14.112759850112845,19.576921399429754,38.56810295022789,25.534145554953938,40.0,98.0,81.6,34.5,50.0,60.82,0.0,0.0,100,25.0,31.25,0.0,0,10.0,0,2.0,43.7,100,0,47.480000000000004,34.16324366648618,MODERATE,60.82,MODERATE
SME_0254,Retail,22524.41,3548.88,14012.12,8566.86,16979.49,12334.37,3,0.098,10,0.32,0.396,0,4,0,1,0,0,4,0,0.698,1,1,0.3803367102623332,0.157557068087466,3.9483217240368793,19.01683551311666,7.8778534043733,0.0,8.068406675246987,30.0,65.33333333333334,32.0,99.0,35.71428571428571,52.409523809523805,0.0,40.0,100,75.0,51.75,0.0,0,40.0,100,38.0,30.200000000000003,0,0,12.080000000000002,32.780902954955046,MODERATE,52.409523809523805,MODERATE
SME_0255,Hospitality,37309.87,33156.69,1837.92,1971.75,9202.82,34682.67,4,0.132,5,0.342,0.15,1,1,1,0,3,0,3,1,0.792,0,0,0.05284794613328859,0.8886841471171033,0.055431347338953316,2.6423973066644293,44.434207355855165,94.45686526610467,51.905727505197746,40.0,88.00000000000001,34.2,37.49999999999999,71.42857142857143,54.22571428571429,20.0,10.0,0,100.0,33.0,60.0,0,30.0,0,18.0,20.799999999999997,100,100,68.32,45.2601468229879,MODERATE,68.32,MODERATE
SME_0256,Retail,10764.66,49206.2,9212.96,76995.16,40579.45,72771.26,6,0.032,10,0.916,0.304,1,5,0,2,0,0,1,0,0.913,1,1,7.152586333428088,4.571087242885516,0.18723169031544803,100.0,100.0,81.27683096845519,92.51073238738208,60.0,21.333333333333336,91.60000000000001,75.99999999999999,35.71428571428571,56.929523809523815,20.0,50.0,100,50.0,53.5,0.0,0,10.0,100,32.0,8.699999999999996,0,0,3.4799999999999986,57.83360066859558,HIGH,92.51073238738208,CRITICAL REVIEW
SME_0257,Retail,18884.29,5342.07,24481.05,30460.31,15543.72,15514.36,2,0.146,9,0.422,0.181,1,1,1,1,3,0,2,1,0.961,0,1,1.6129973644759745,0.282884344606019,4.582689856179346,80.64986822379872,14.144217230300951,0.0,28.4382256362299,20.0,97.33333333333333,42.199999999999996,45.24999999999999,42.85714285714286,49.52809523809523,20.0,10.0,0,75.0,26.75,60.0,0,20.0,0,16.0,3.9000000000000035,100,0,31.560000000000002,31.81949150039278,MODERATE,49.52809523809523,MODERATE
SME_0258,Agriculture,20811.44,48689.05,13856.54,85545.51,16370.41,13611.31,5,0.021,9,0.108,0.317,0,5,0,4,1,0,4,0,0.372,0,1,4.1105041265765365,2.339532968405839,0.284592531585644,100.0,100.0,71.54074684143559,88.61629873657424,50.0,14.000000000000002,10.8,79.25,42.85714285714286,39.38142857142857,0.0,50.0,100,0.0,35.0,20.0,0,40.0,100,42.0,62.8,100,0,55.120000000000005,55.242246763829414,HIGH,88.61629873657424,HIGH
SME_0259,Retail,47940.8,16575.96,15978.62,9616.3,16647.52,7357.95,1,0.015,8,0.341,0.308,1,1,0,3,1,0,1,1,0.721,1,1,0.2005869739345192,0.34575893602109264,0.9639634748153351,10.029348696725961,17.28794680105463,3.6036525184664936,9.636649656720774,10.0,10.0,34.1,76.99999999999999,50.0,36.22,20.0,10.0,100,25.0,39.25,20.0,0,10.0,0,6.0,27.900000000000002,0,0,11.160000000000002,21.81199489701623,LOW,39.25,LOW
SME_0260,Manufacturing,11781.67,47965.29,39520.29,30741.23,6067.72,8550.56,4,0.017,6,0.201,0.267,0,1,1,2,2,0,2,1,0.767,1,0,2.609242153277082,4.071179213133622,0.8239351831293004,100.0,100.0,17.606481687069962,67.04259267482799,40.0,11.333333333333334,20.1,66.75,64.28571428571428,40.493809523809524,0.0,10.0,0,50.0,14.5,40.0,0,20.0,0,12.0,23.299999999999997,0,100,39.32,38.868230183400776,MODERATE,67.04259267482799,MODERATE
SME_0261,Manufacturing,30162.44,18554.87,7487.97,37189.4,6590.77,21139.94,2,0.086,6,0.187,0.342,0,3,1,4,0,0,3,0,0.42,0,1,1.2329705421709916,0.6151647545755582,0.40355820331805076,61.64852710854958,30.75823772877791,59.64417966819493,51.57970131847622,20.0,57.333333333333336,18.7,85.5,64.28571428571428,49.163809523809526,0.0,30.0,0,0.0,6.0,0.0,0,30.0,100,36.0,58.00000000000001,100,0,53.2,39.684862776495244,MODERATE,53.2,MODERATE
SME_0262,Transport,30602.45,20061.6,4163.47,17105.75,19983.48,9038.73,5,0.117,1,0.166,0.376,2,1,1,2,1,0,0,1,0.682,0,1,0.5589666840400033,0.6555553558620306,0.20753429437333018,27.948334202000165,32.77776779310153,79.24657056266699,49.91645882359731,50.0,78.0,16.6,94.0,100.0,67.72,40.0,10.0,0,50.0,26.5,20.0,0,0.0,0,4.0,31.799999999999994,100,0,42.72,42.07693764707919,MODERATE,67.72,MODERATE
SME_0263,Construction,93316.19,24247.64,26283.9,6345.65,11204.96,10369.33,2,0.055,13,0.604,0.232,0,1,0,1,0,0,3,1,0.534,0,0,0.06800159757915533,0.2598438706080906,1.083977657207052,3.4000798789577664,12.992193530404531,0.0,4.917682022808689,20.0,36.66666666666667,60.4,57.99999999999999,14.28571428571429,37.8704761904762,0.0,10.0,100,75.0,45.75,0.0,0,30.0,0,6.0,46.599999999999994,100,100,78.64,28.856923654461657,LOW,78.64,LOW
SME_0264,Professional Services,11169.7,9566.99,25804.84,171926.79,3465.08,11729.35,4,0.147,6,0.261,0.095,1,2,1,0,0,0,1,0,0.354,0,1,15.392247777469404,0.856512708488142,2.697278872456227,100.0,42.825635424407096,0.0,42.84769062732213,40.0,98.0,26.1,23.75,64.28571428571428,50.427142857142854,20.0,20.0,0,100.0,35.0,0.0,0,10.0,100,32.0,64.60000000000001,100,0,55.84,42.84509290248235,MODERATE,55.84,MODERATE
SME_0265,Hospitality,14777.25,46810.67,13981.47,121568.84,53967.34,7050.94,2,0.065,14,0.407,0.159,3,3,0,1,1,0,2,1,0.346,0,1,8.226756669881066,3.1677524573246036,0.2986812621994088,100.0,100.0,70.13187378005912,88.05274951202365,20.0,43.333333333333336,40.699999999999996,39.75,7.14285714285714,30.18523809523809,60.0,30.0,100,75.0,67.75,20.0,0,20.0,0,8.0,65.4,100,0,56.160000000000004,54.32813437741662,HIGH,88.05274951202365,HIGH
SME_0266,Retail,11810.53,7339.47,6814.62,20476.24,24115.38,11216.94,6,0.023,4,0.833,0.303,3,1,1,3,0,0,1,1,0.831,0,0,1.7337274449156812,0.6214344318163537,0.9284893868358342,86.68637224578406,31.071721590817685,7.151061316416585,38.187852677547156,60.0,15.333333333333336,83.3,75.75,78.57142857142857,62.59095238095238,60.0,10.0,0,25.0,26.25,0.0,0,10.0,0,2.0,16.900000000000006,100,100,66.76,39.33009389850224,MODERATE,66.76,MODERATE
SME_0267,Retail,6573.54,13049.09,8011.04,49970.11,10344.44,1949.24,2,0.07,4,0.461,0.26,0,4,1,3,1,1,2,1,0.731,0,0,7.601704713137822,1.9850932678587185,0.613915606375617,100.0,99.25466339293592,38.6084393624383,75.2197747628561,20.0,46.66666666666667,46.1,65.0,78.57142857142857,51.26761904761905,0.0,40.0,0,25.0,14.25,20.0,100,20.0,0,38.0,26.900000000000002,100,100,70.76,51.0088371907616,HIGH,75.2197747628561,HIGH
SME_0268,Agriculture,102578.19,27379.2,2231.49,18474.78,7818.04,19665.36,0,0.102,14,0.878,0.071,1,0,1,2,2,0,1,1,0.801,0,1,0.1801043672149021,0.2669105391701686,0.08150311185133238,9.005218360745106,13.34552695850843,91.84968881486675,43.44509912172276,0.0,68.0,87.8,17.749999999999996,7.14285714285714,36.13857142857143,20.0,0.0,0,50.0,18.5,40.0,0,10.0,0,10.0,19.899999999999995,100,0,37.96,31.064172593659684,MODERATE,43.44509912172276,MODERATE
SME_0269,Construction,9259.73,11977.33,24346.5,11087.23,11957.91,99633.78,2,0.125,2,0.523,0.02,3,2,0,1,1,0,1,0,0.78,0,0,1.1973599662193175,1.2934858791779027,2.0327151376809356,59.86799831096587,64.67429395889513,0.0,37.3626876809583,20.0,83.33333333333334,52.300000000000004,5.0,92.85714285714286,50.698095238095235,60.0,20.0,100,75.0,65.75,20.0,0,10.0,100,36.0,21.999999999999996,100,100,68.8,49.3133301138113,MODERATE,68.8,MODERATE
SME_0270,Manufacturing,13011.47,33528.53,23502.17,186505.16,15932.37,7301.41,3,0.069,13,0.439,0.273,0,1,1,0,0,1,1,0,0.394,0,1,14.333903855598177,2.5768441229161656,0.7009603463080546,100.0,100.0,29.90396536919454,71.96158614767782,30.0,46.00000000000001,43.9,68.25,14.28571428571429,40.487142857142864,0.0,10.0,0,100.0,27.0,0.0,100,10.0,100,62.0,60.6,100,0,54.24,51.834261558589056,HIGH,71.96158614767782,HIGH
SME_0271,Hospitality,71628.21,54112.47,2154.93,5730.65,1604.62,16799.68,2,0.089,11,0.738,0.1,1,2,1,3,1,0,1,1,0.406,1,0,0.08000548945729621,0.7554631059466653,0.039823168301132805,4.0002744728648105,37.77315529733327,96.01768316988672,50.939102199014116,20.0,59.333333333333336,73.8,25.0,28.57142857142857,41.34095238095238,20.0,20.0,0,25.0,16.25,20.0,0,10.0,0,6.0,59.4,0,100,53.760000000000005,35.14296875494233,MODERATE,53.760000000000005,MODERATE
SME_0272,Transport,6149.62,40463.83,19050.12,22549.07,66933.52,25824.54,4,0.04,14,0.162,0.2,1,2,1,0,1,0,1,0,0.477,1,0,3.6667420100754193,6.57989111522338,0.4707937928762551,100.0,100.0,52.920620712374486,81.1682482849498,40.0,26.666666666666668,16.2,50.0,7.14285714285714,28.00190476190476,20.0,20.0,0,100.0,35.0,20.0,0,10.0,100,36.0,52.300000000000004,0,100,50.92,48.84295067596113,MODERATE,81.1682482849498,MODERATE
SME_0273,Manufacturing,45785.03,3824.7,11983.65,32639.43,4912.04,37981.55,2,0.097,4,0.176,0.299,2,2,1,4,2,0,2,0,0.579,0,1,0.7128843204864123,0.0835360378708936,3.1332261353831674,35.64421602432061,4.17680189354468,0.0,11.946305375359588,20.0,64.66666666666667,17.599999999999998,74.75,78.57142857142857,51.11761904761905,40.0,20.0,0,0.0,16.0,40.0,0,20.0,100,42.0,42.1,100,0,46.84,30.54729637451264,MODERATE,51.11761904761905,MODERATE
SME_0274,Construction,8072.44,19906.56,2879.07,156402.68,9982.86,9459.48,2,0.148,5,0.654,0.225,0,3,0,2,0,1,1,1,0.957,0,1,19.37489532285158,2.465990456417143,0.14462920765817902,100.0,100.0,85.5370792341821,94.21483169367283,20.0,98.66666666666667,65.4,56.25,71.42857142857143,62.34904761904762,0.0,30.0,100,50.0,43.5,0.0,100,10.0,0,32.0,4.300000000000004,100,0,31.720000000000002,60.52371141286376,HIGH,94.21483169367283,CRITICAL REVIEW
SME_0275,Professional Services,67777.59,40989.58,2395.14,73536.81,10318.78,2367.7,4,0.007,13,0.514,0.033,3,3,1,0,1,0,2,1,0.772,0,1,1.08497233377581,0.6047659705811317,0.05843289928806296,54.2486166887905,30.238298529056586,94.1567100711937,63.0087585938316,40.0,4.666666666666667,51.4,8.25,14.28571428571429,23.72047619047619,60.0,30.0,0,100.0,49.0,20.0,0,20.0,0,8.0,22.799999999999997,100,0,39.12,39.744746625768535,MODERATE,63.0087585938316,MODERATE
SME_0276,Transport,4406.03,6277.51,11622.41,5634.72,60325.22,15262.75,1,0.133,12,0.772,0.074,0,3,0,2,0,0,0,1,0.479,0,0,1.2788655547057102,1.4247542572338365,1.8514363179031175,63.943277735285506,71.23771286169183,0.0,40.5542971790932,10.0,88.66666666666667,77.2,18.499999999999996,21.42857142857143,43.15904761904762,0.0,30.0,100,50.0,43.5,0.0,0,0.0,0,0.0,52.1,100,100,80.84,39.74005105848987,MODERATE,80.84,MODERATE
SME_0277,Professional Services,6147.84,32112.98,5374.89,29917.61,9237.52,13472.8,1,0.084,5,0.879,0.088,0,2,0,4,3,0,3,0,0.339,0,0,4.86636119352488,5.223457344368103,0.1673743763425257,100.0,100.0,83.26256236574743,93.30502494629897,10.0,56.00000000000001,87.9,21.999999999999996,71.42857142857143,49.46571428571429,0.0,20.0,100,0.0,29.0,60.0,0,30.0,100,48.0,66.10000000000001,100,100,86.44,62.00193605531826,HIGH,93.30502494629897,CRITICAL REVIEW
SME_0278,Agriculture,16166.45,30702.39,49372.34,30638.51,41772.64,8791.69,4,0.038,5,0.43,0.103,0,4,1,0,1,0,4,1,0.779,0,0,1.89519096647687,1.8991423596398713,1.6080943535666115,94.7595483238435,94.95711798199356,0.0,56.914999891751116,40.0,25.333333333333336,43.0,25.749999999999996,71.42857142857143,41.10238095238095,0.0,40.0,0,100.0,33.0,20.0,0,40.0,0,12.0,22.099999999999998,100,100,68.84,42.63409520562057,MODERATE,68.84,MODERATE
SME_0279,Agriculture,54398.36,6825.73,20739.5,23875.65,14420.34,10641.33,3,0.143,4,0.607,0.226,2,3,0,0,0,0,2,0,0.738,1,1,0.4389038566603846,0.12547676069646216,3.038429589216099,21.94519283301923,6.2738380348231075,0.0,8.465709260352702,30.0,95.33333333333333,60.699999999999996,56.49999999999999,78.57142857142857,64.22095238095238,40.0,30.0,100,100.0,68.0,0.0,0,20.0,100,34.0,26.200000000000003,0,0,10.480000000000002,38.34295087334391,MODERATE,68.0,MODERATE
SME_0280,Retail,24388.44,35084.45,12847.31,55757.2,4207.58,13656.55,8,0.073,1,0.526,0.202,0,6,0,4,1,0,1,0,0.773,0,0,2.286214288408771,1.4385688465518909,0.36618245405015615,100.0,71.92844232759454,63.381754594984386,76.93123453627211,80.0,48.666666666666664,52.6,50.5,100.0,66.35333333333334,0.0,60.0,100,0.0,37.0,20.0,0,10.0,100,36.0,22.7,100,100,69.08,59.37570369421496,HIGH,76.93123453627211,HIGH
SME_0281,Professional Services,19111.76,22388.11,13497.72,7330.84,11288.92,16618.1,1,0.05,14,0.934,0.081,0,3,0,1,3,1,2,1,0.483,1,1,0.38357744132408533,1.1714310979208615,0.6028968054918437,19.178872066204267,58.571554896043075,39.71031945081563,39.20925586900046,10.0,33.333333333333336,93.4,20.25,7.14285714285714,32.8252380952381,0.0,30.0,100,75.0,49.75,60.0,100,20.0,0,46.0,51.7,0,0,20.680000000000003,38.88708628450966,MODERATE,49.75,MODERATE
SME_0282,Construction,73384.39,30285.75,30274.59,19936.68,8988.33,16002.35,4,0.027,10,0.806,0.027,2,1,0,0,1,1,5,1,0.662,0,1,0.27167467086665165,0.41270016688835326,0.9996315098685025,13.583733543332583,20.635008344417663,0.03684901314975342,10.280362171584976,40.0,18.0,80.60000000000001,6.749999999999999,35.71428571428571,36.212857142857146,40.0,10.0,100,100.0,64.0,20.0,100,50.0,0,44.0,33.8,100,0,43.519999999999996,35.889322937189775,MODERATE,64.0,MODERATE
SME_0283,Hospitality,140199.65,8308.86,18652.12,48425.0,3769.42,9864.96,2,0.037,8,0.875,0.069,1,2,1,0,0,0,3,1,0.553,0,0,0.345400291655507,0.05926448461176616,2.244847066865972,17.27001458277535,2.963224230588308,0.0,6.069971644009097,20.0,24.666666666666668,87.5,17.25,50.0,39.88333333333333,20.0,20.0,0,100.0,35.0,0.0,0,30.0,0,6.0,44.699999999999996,100,100,77.88,27.479824826536063,LOW,77.88,LOW
SME_0284,Transport,42806.14,20297.15,13186.69,59191.21,13798.16,16958.3,2,0.125,3,0.316,0.394,1,7,1,3,0,0,2,1,0.872,0,1,1.3827738263716374,0.47416445397786394,0.6496818518856096,69.13869131858186,23.7082226988932,35.03181481143904,41.86680012981814,20.0,83.33333333333334,31.6,98.5,85.71428571428572,63.82952380952381,20.0,70.0,0,25.0,26.25,0.0,0,20.0,0,4.0,12.8,100,0,35.120000000000005,37.8794209913264,MODERATE,63.82952380952381,MODERATE
SME_0285,Manufacturing,15189.32,4601.9,3001.7,34834.8,10200.92,9284.8,3,0.092,2,0.757,0.187,2,2,1,1,2,0,0,1,0.349,0,1,2.2933745552796307,0.30296945485380516,0.6522740607140529,100.0,15.148472742690258,34.77259392859471,48.45357939424496,30.0,61.33333333333334,75.7,46.75,92.85714285714286,61.328095238095244,40.0,20.0,0,75.0,34.75,40.0,0,0.0,0,8.0,65.10000000000001,100,0,56.040000000000006,43.6220976277973,MODERATE,61.328095238095244,MODERATE
SME_0286,Construction,17892.14,2911.82,170952.97,22484.03,16500.07,21385.85,4,0.137,9,0.326,0.347,0,1,0,0,1,0,2,1,0.493,0,0,1.2566428610551896,0.16274296981803185,58.710006113015226,62.832143052759484,8.137148490901593,0.0,21.290787463098322,40.0,91.33333333333334,32.6,86.75,42.85714285714286,58.70809523809524,0.0,10.0,100,100.0,52.0,20.0,0,20.0,0,8.0,50.7,100,100,80.28,40.692260048453306,MODERATE,80.28,MODERATE
SME_0287,Construction,8918.41,20146.58,2654.51,26609.18,11900.76,6822.38,3,0.035,7,0.277,0.34,1,5,0,4,1,0,1,1,0.722,1,1,2.983623762531662,2.2589878689138536,0.13175983218988035,100.0,100.0,86.82401678101198,94.7296067124048,30.0,23.333333333333336,27.700000000000003,85.0,57.14285714285714,44.6352380952381,20.0,50.0,100,0.0,41.0,20.0,0,10.0,0,6.0,27.800000000000004,0,0,11.120000000000003,49.78969153753097,MODERATE,94.7296067124048,CRITICAL REVIEW
SME_0288,Agriculture,27099.89,43416.95,5852.67,62903.67,5565.53,12815.55,4,0.018,9,0.903,0.205,2,3,1,2,0,0,1,0,0.444,1,0,2.3211780564422955,1.6021079790360773,0.1348015003356984,100.0,80.10539895180386,86.51984996643016,88.63955967211322,40.0,12.0,90.3,51.24999999999999,42.85714285714286,47.28142857142858,40.0,30.0,0,50.0,30.5,0.0,0,10.0,100,32.0,55.60000000000001,0,100,52.24000000000001,54.53622504449111,HIGH,88.63955967211322,HIGH
SME_0289,Professional Services,6788.31,22036.96,1529.15,31034.46,19967.1,2783.03,5,0.001,13,0.116,0.283,0,5,1,4,0,0,3,1,0.771,0,1,4.571750553525104,3.2463102009189324,0.06939024257429338,100.0,100.0,93.06097574257066,97.22439029702826,50.0,0.6666666666666667,11.600000000000001,70.74999999999999,14.28571428571429,29.46047619047619,0.0,50.0,0,0.0,10.0,0.0,0,30.0,0,6.0,22.9,100,0,39.16,43.34843613672752,MODERATE,97.22439029702826,CRITICAL REVIEW
SME_0290,Retail,38875.6,17109.18,13711.57,10584.07,5700.91,8601.94,5,0.076,2,0.921,0.077,0,2,1,1,0,0,1,1,0.396,1,1,0.2722548333659159,0.4401007315642717,0.8014159649965691,13.612741668295794,22.005036578213584,19.85840350034309,18.62869487409005,50.0,50.66666666666667,92.10000000000001,19.249999999999996,92.85714285714286,60.974761904761905,0.0,20.0,0,75.0,22.75,0.0,0,10.0,0,2.0,60.4,0,0,24.16,28.098298938417493,LOW,60.974761904761905,LOW
SME_0291,Retail,124379.21,15492.32,9305.0,8738.16,614.39,19998.28,2,0.15,9,0.227,0.275,1,0,0,3,0,1,4,0,0.316,0,1,0.07025418476287154,0.12455715066850802,0.600620178256065,3.512709238143577,6.227857533425401,39.937982174393504,18.897362901228096,20.0,100.0,22.7,68.75,42.85714285714286,50.861428571428576,20.0,0.0,100,25.0,37.25,0.0,100,40.0,100,68.0,68.39999999999999,100,0,57.36,41.770566013225576,MODERATE,68.0,MODERATE
SME_0292,Transport,44387.11,8468.21,17196.71,6763.63,11227.57,4732.93,5,0.104,10,0.797,0.109,1,0,1,3,0,0,3,1,0.904,0,1,0.1523782467477608,0.19078083704931453,2.0307373104823805,7.618912337388039,9.539041852465727,0.0,5.14738625695613,50.0,69.33333333333334,79.7,27.249999999999996,35.71428571428571,52.399523809523814,20.0,0.0,0,25.0,12.25,0.0,0,30.0,0,6.0,9.599999999999998,100,0,33.839999999999996,21.37809682946779,LOW,52.399523809523814,LOW
SME_0293,Agriculture,17176.77,15072.67,1405.48,128609.18,6073.4,8996.33,3,0.046,9,0.335,0.333,4,1,1,3,0,1,4,1,0.533,1,0,7.487390236930459,0.8775031627017187,0.09324691643882603,100.0,43.87515813508593,90.6753083561174,79.43267078297274,30.0,30.66666666666667,33.5,83.25,42.85714285714286,44.054761904761904,80.0,10.0,0,25.0,32.25,0.0,100,40.0,0,38.0,46.699999999999996,0,100,48.68,51.8614917110823,HIGH,79.43267078297274,HIGH
SME_0294,Construction,38108.06,25222.07,24345.5,67266.29,14104.62,1377.6,5,0.132,11,0.398,0.033,1,2,1,4,0,0,3,1,0.41,1,1,1.765146008482195,0.6618565731239009,0.9652459135986856,88.25730042410976,33.092828656195046,3.475408640131439,37.79520218014402,50.0,88.00000000000001,39.800000000000004,8.25,28.57142857142857,42.924285714285716,20.0,20.0,0,0.0,10.0,0.0,0,30.0,0,6.0,59.00000000000001,0,0,23.600000000000005,27.32963208261463,LOW,42.924285714285716,LOW
SME_0295,Hospitality,91405.22,12707.52,3568.0,26969.58,60435.08,3503.07,3,0.117,9,0.284,0.309,0,3,1,2,0,0,0,0,0.421,0,1,0.2950551401768958,0.1390240076004412,0.28077862556974137,14.75275700884479,6.95120038002206,71.92213744302587,35.28004219387041,30.0,78.0,28.4,77.25,42.85714285714286,51.30142857142857,0.0,30.0,0,50.0,18.5,0.0,0,0.0,100,30.0,57.9,100,0,53.16,36.92536980101826,MODERATE,53.16,MODERATE
SME_0296,Agriculture,87818.44,32813.54,6892.52,19056.44,62025.82,4433.01,6,0.002,10,0.598,0.04,0,2,1,2,2,0,2,1,0.92,0,1,0.2169981612062341,0.37365204847637923,0.21005109476149175,10.849908060311705,18.682602423818963,78.99489052385083,40.45770935477953,60.0,1.3333333333333335,59.8,10.0,35.71428571428571,33.36952380952381,0.0,20.0,0,50.0,16.5,40.0,0,20.0,0,12.0,7.9999999999999964,100,0,33.199999999999996,28.899693758814813,LOW,40.45770935477953,LOW
SME_0297,Transport,11199.5,21055.29,20307.96,16899.22,8619.05,13150.8,1,0.123,13,0.396,0.352,2,2,0,0,0,0,5,1,0.758,0,0,1.5089262913522927,1.8800205366310996,0.9645063069660877,75.44631456761464,94.00102683155498,3.5493693033912255,52.25395014110737,10.0,82.0,39.6,87.99999999999999,14.28571428571429,46.77714285714286,40.0,20.0,100,100.0,66.0,0.0,0,50.0,0,10.0,24.2,100,100,69.68,49.03847075661793,MODERATE,69.68,MODERATE
SME_0298,Transport,37604.09,23195.43,10388.59,89517.53,4752.74,16199.41,1,0.045,10,0.659,0.122,3,3,1,2,1,1,2,0,0.969,0,1,2.38052642677964,0.6168326370881466,0.4478722748403457,100.0,30.841631854407332,55.21277251596543,61.33759856270838,10.0,30.0,65.9,30.5,35.71428571428571,34.42285714285714,60.0,30.0,0,50.0,36.5,20.0,100,20.0,100,68.0,3.1000000000000028,100,0,31.240000000000002,47.6309938545268,MODERATE,68.0,MODERATE
SME_0299,Agriculture,22029.77,36645.91,11149.38,201468.07,16925.14,11409.62,4,0.022,4,0.113,0.262,1,1,0,2,1,0,3,1,0.86,1,0,9.145264340027154,1.6634722014800882,0.3042462310255087,100.0,83.17361007400442,69.57537689744913,82.78223378118098,40.0,14.666666666666666,11.3,65.5,78.57142857142857,42.00761904761905,20.0,10.0,100,50.0,45.5,20.0,0,30.0,0,10.0,14.000000000000002,0,100,35.6,49.49657489625906,MODERATE,82.78223378118098,MODERATE
SME_0300,Transport,47662.76,11810.25,17789.71,16375.8,7166.25,8504.31,3,0.034,10,0.155,0.195,0,7,1,0,0,0,1,1,0.837,0,0,0.3435764105981273,0.247787790719631,1.5062941089308015,17.178820529906368,12.38938953598155,0.0,8.870463019766376,30.0,22.666666666666668,15.5,48.75,35.71428571428571,30.526190476190475,0.0,70.0,0,100.0,39.0,0.0,0,10.0,0,2.0,16.300000000000004,100,100,66.52000000000001,25.044686524977532,LOW,66.52000000000001,LOW
SME_0301,Agriculture,33979.83,30504.56,12283.2,93654.54,14227.6,8531.07,7,0.07,3,0.185,0.147,1,2,1,4,0,0,1,1,0.65,1,1,2.7561803575827186,0.8977255036296532,0.4026676667357274,100.0,44.88627518148266,59.73323332642726,67.3591758850157,70.0,46.66666666666667,18.5,36.74999999999999,85.71428571428572,51.52619047619048,20.0,20.0,0,0.0,10.0,0.0,0,10.0,0,2.0,35.0,0,0,14.0,36.78930038455233,MODERATE,67.3591758850157,MODERATE
SME_0302,Manufacturing,3755.04,13212.86,5687.86,30852.27,5516.87,22859.07,2,0.064,6,0.456,0.258,0,6,1,4,0,0,0,1,0.875,1,0,8.216229387702928,3.5187002002641785,0.43047909385250427,100.0,100.0,56.95209061474957,82.78083624589983,20.0,42.66666666666667,45.6,64.5,64.28571428571428,47.41047619047619,0.0,60.0,0,0.0,12.0,0.0,0,0.0,0,0.0,12.5,0,100,35.0,42.586869921388995,MODERATE,82.78083624589983,MODERATE
SME_0303,Agriculture,18924.65,23617.39,6773.19,24258.53,12531.03,14533.33,0,0.043,3,0.793,0.379,3,1,0,1,1,1,2,1,0.589,0,0,1.281848277246871,1.247969711460978,0.28678825221584603,64.09241386234355,62.3984855730489,71.3211747784154,66.47573974198389,0.0,28.666666666666668,79.3,94.75,85.71428571428572,57.68619047619048,60.0,10.0,100,75.0,63.75,20.0,100,20.0,0,38.0,41.1,100,100,76.44,60.458269541642785,HIGH,76.44,HIGH
SME_0304,Professional Services,29303.96,10737.63,9887.98,135018.48,4815.35,8884.92,2,0.026,11,0.855,0.017,1,0,0,4,1,0,2,1,0.879,0,1,4.607516526776586,0.3664224903391896,0.9208717379905994,100.0,18.32112451695948,7.91282620094006,38.66146783546387,20.0,17.333333333333336,85.5,4.25,28.57142857142857,31.130952380952387,20.0,0.0,100,0.0,31.0,20.0,0,20.0,0,8.0,12.1,100,0,34.84,30.265178445877257,MODERATE,38.66146783546387,MODERATE
SME_0305,Agriculture,7935.8,8686.84,3267.04,29696.57,29032.42,38431.45,3,0.114,9,0.308,0.368,0,1,1,3,1,1,2,0,0.83,1,0,3.742101615464099,1.0946394818417802,0.3760907303461328,100.0,54.73197409208901,62.390926965386726,71.37596301378139,30.0,76.0,30.8,92.0,42.85714285714286,54.331428571428575,0.0,10.0,0,25.0,8.25,20.0,100,20.0,100,68.0,17.000000000000004,0,100,36.800000000000004,50.52564604699156,HIGH,71.37596301378139,HIGH
SME_0306,Transport,39793.1,19372.67,21659.63,40348.81,5880.28,69399.81,2,0.149,3,0.588,0.244,1,6,0,3,0,0,2,0,0.775,0,0,1.0139649838791147,0.48683490353855313,1.1180508417270312,50.69824919395573,24.341745176927656,0.0,22.511998311265017,20.0,99.33333333333333,58.8,61.0,85.71428571428572,64.96952380952382,20.0,60.0,100,25.0,49.25,0.0,0,20.0,100,34.0,22.499999999999996,100,100,69.0,44.84598044576046,MODERATE,69.0,MODERATE
SME_0307,Professional Services,7386.57,3983.7,10677.04,38454.33,18130.17,3910.79,3,0.117,2,0.753,0.323,0,2,1,1,1,0,4,1,0.531,0,0,5.205979229872594,0.539316624630918,2.6801817405929165,100.0,26.9658312315459,0.0,38.08974936946377,30.0,78.0,75.3,80.75,92.85714285714286,71.38142857142857,0.0,20.0,0,75.0,22.75,20.0,0,40.0,0,12.0,46.9,100,100,78.76,43.498281953696264,MODERATE,78.76,MODERATE
SME_0308,Transport,13198.78,14201.65,8621.14,5903.81,3203.66,19204.9,3,0.044,8,0.346,0.154,1,2,1,2,1,0,2,1,0.741,0,1,0.447299674666901,1.0759820225808747,0.6070519974791662,22.36498373334505,53.799101129043734,39.294800252083384,38.567145559549985,30.0,29.333333333333332,34.599999999999994,38.49999999999999,50.0,36.486666666666665,20.0,20.0,0,50.0,22.5,20.0,0,20.0,0,8.0,25.900000000000002,100,0,40.36,30.42781033453166,MODERATE,40.36,MODERATE
SME_0309,Retail,73107.09,4979.2,26362.38,40029.17,20199.17,193602.54,1,0.037,6,0.448,0.189,3,1,1,1,1,1,2,0,0.655,0,0,0.5475415585547174,0.06810830522730422,5.294501124678663,27.377077927735872,3.4054152613652113,0.0,9.234747956730324,10.0,24.666666666666668,44.800000000000004,47.25,64.28571428571428,38.20047619047619,60.0,10.0,0,75.0,38.75,20.0,100,20.0,100,68.0,34.5,100,100,73.8,37.650543434638145,MODERATE,73.8,MODERATE
SME_0310,Retail,12327.76,33574.24,7094.56,17090.2,4190.58,15442.01,4,0.033,8,0.545,0.348,1,1,0,0,2,1,2,1,0.623,0,1,1.3863183579174156,2.7234663880542773,0.21130962309198958,69.31591789587078,100.0,78.86903769080105,82.34239044508166,40.0,22.000000000000004,54.50000000000001,86.99999999999999,50.0,50.7,20.0,10.0,100,100.0,58.0,40.0,100,20.0,0,42.0,37.7,100,0,45.08,59.7857171335245,HIGH,82.34239044508166,HIGH
SME_0311,Professional Services,39569.13,41698.29,6666.0,7243.06,12649.84,13313.85,4,0.021,13,0.215,0.166,1,1,1,1,0,1,1,1,0.993,0,1,0.18304824998679528,1.053808612926289,0.15986267062750054,9.152412499339764,52.69043064631445,84.01373293724994,52.15834611859624,40.0,14.000000000000002,21.5,41.5,14.28571428571429,26.25714285714286,20.0,10.0,0,75.0,26.75,0.0,100,10.0,0,32.0,0.7000000000000006,100,0,30.28,35.38978954986459,MODERATE,52.15834611859624,MODERATE
SME_0312,Manufacturing,6147.32,9017.89,4927.41,17886.75,25115.02,11412.92,4,0.083,7,0.122,0.214,0,1,1,1,4,0,1,1,0.653,1,0,2.9096825933902903,1.4669628390908558,0.5464038705284717,100.0,73.34814195454278,45.359612947152826,70.14828776522397,40.0,55.333333333333336,12.2,53.49999999999999,57.14285714285714,43.6352380952381,0.0,10.0,0,75.0,20.75,80.0,0,10.0,0,18.0,34.699999999999996,0,100,43.879999999999995,43.191295853376715,MODERATE,70.14828776522397,MODERATE
SME_0313,Retail,132148.67,25356.17,11274.11,17739.76,8352.83,18654.18,3,0.091,3,0.23,0.008,1,2,1,3,0,0,3,1,0.322,1,0,0.13424092728288523,0.19187608925613853,0.4446298474887967,6.712046364144261,9.593804462806926,55.53701525112034,27.106561348533493,30.0,60.66666666666667,23.0,2.0,85.71428571428572,40.27619047619048,20.0,20.0,0,25.0,16.25,0.0,0,30.0,0,6.0,67.8,0,100,57.120000000000005,28.063016023607666,LOW,57.120000000000005,LOW
SME_0314,Agriculture,19594.19,36954.24,10890.51,84022.11,3960.36,23672.54,2,0.106,8,0.633,0.063,0,2,1,0,2,0,1,1,0.739,0,1,4.288113466287711,1.8859794663622227,0.29470258351950956,100.0,94.29897331811114,70.52974164804904,86.50158865465296,20.0,70.66666666666667,63.3,15.75,50.0,43.943333333333335,0.0,20.0,0,100.0,29.0,40.0,0,10.0,0,10.0,26.1,100,0,40.44,48.28030992972921,MODERATE,86.50158865465296,MODERATE
SME_0315,Transport,26980.99,37052.92,4108.91,10354.36,15638.2,3914.22,2,0.102,10,0.163,0.257,1,2,1,0,0,0,1,1,0.81,0,1,0.38376501381157624,1.3732972733765512,0.11089301463960195,19.188250690578812,68.66486366882756,88.9106985360398,61.92021372223783,20.0,68.0,16.3,64.25,35.71428571428571,40.85285714285715,20.0,20.0,0,100.0,35.0,0.0,0,10.0,0,2.0,18.999999999999993,100,0,37.599999999999994,39.84927840238563,MODERATE,61.92021372223783,MODERATE
SME_0316,Retail,28849.86,21368.81,6697.59,13617.42,4691.26,11717.36,2,0.044,1,0.261,0.287,0,0,1,1,1,0,0,1,0.92,0,0,0.472009916165971,0.740690249450084,0.31342830976549463,23.60049580829855,37.0345124725042,68.65716902345054,45.653370093621035,20.0,29.333333333333332,26.1,71.74999999999999,100.0,49.43666666666667,0.0,0.0,0,75.0,18.75,20.0,0,0.0,0,4.0,7.9999999999999964,100,100,63.199999999999996,36.72517769475298,MODERATE,63.199999999999996,MODERATE
SME_0317,Retail,40647.17,32388.89,4136.46,37962.0,6950.16,1556.37,0,0.05,1,0.387,0.233,1,1,1,0,0,0,1,1,0.743,0,0,0.9339395583997607,0.7968301360217698,0.12771231122770801,46.696977919988036,39.841506801088485,87.2287688772292,60.85305296721464,0.0,33.333333333333336,38.7,58.25,100.0,46.05666666666667,20.0,10.0,0,100.0,33.0,0.0,0,10.0,0,2.0,25.7,100,100,70.28,43.698082556831054,MODERATE,70.28,MODERATE
SME_0318,Manufacturing,7415.2,10707.1,3953.39,7967.76,12698.72,9939.55,4,0.102,13,0.166,0.057,2,4,0,0,3,0,4,1,0.314,1,1,1.0745172078972922,1.4439394756715935,0.3692306973877147,53.72586039486461,72.19697378357968,63.07693026122854,63.007622358024705,40.0,68.0,16.6,14.249999999999998,14.28571428571429,30.62714285714286,40.0,40.0,100,100.0,70.0,60.0,0,40.0,0,20.0,68.6,0,0,27.439999999999998,46.30307242169312,MODERATE,70.0,MODERATE
SME_0319,Professional Services,24893.5,19237.66,1418.42,15520.95,34028.33,5325.4,2,0.052,13,0.263,0.178,1,5,1,4,0,0,3,1,0.384,1,1,0.6234940848012533,0.7727985217024524,0.07373142055738588,31.174704240062667,38.639926085122624,92.6268579442614,57.99513227526015,20.0,34.66666666666667,26.3,44.49999999999999,14.28571428571429,27.95047619047619,20.0,50.0,0,0.0,16.0,0.0,0,30.0,0,6.0,61.6,0,0,24.64,30.95015873019709,MODERATE,57.99513227526015,MODERATE
SME_0320,Professional Services,14759.11,12387.51,6350.49,5678.69,10241.86,16283.73,4,0.032,10,0.875,0.142,0,2,1,0,1,1,2,1,0.413,0,0,0.384758295046246,0.8393128040918456,0.5126526638525417,19.2379147523123,41.96564020459228,48.73473361474583,37.854959932969706,40.0,21.333333333333336,87.5,35.49999999999999,35.71428571428571,44.00952380952381,0.0,20.0,0,100.0,29.0,20.0,100,20.0,0,38.0,58.699999999999996,100,100,83.48,42.20686893227187,MODERATE,83.48,MODERATE
SME_0321,Construction,6470.35,10007.57,1458.24,75279.57,10207.85,2702.46,2,0.056,13,0.116,0.198,0,4,1,2,0,1,2,1,0.448,1,1,11.634543726382654,1.5466814005424745,0.14571369473308707,100.0,77.33407002712373,85.4286305266913,87.37167321881364,20.0,37.333333333333336,11.600000000000001,49.5,14.28571428571429,26.543809523809525,0.0,40.0,0,50.0,20.5,0.0,100,20.0,0,34.0,55.2,0,0,22.080000000000002,44.25545434659647,MODERATE,87.37167321881364,MODERATE
SME_0322,Manufacturing,55068.26,18526.88,5036.07,22194.27,19420.84,7567.18,7,0.041,8,0.655,0.348,1,0,1,0,2,0,0,1,0.86,1,1,0.40303198248864225,0.3364348174429336,0.2718250455554308,20.151599124432114,16.82174087214668,72.81749544445692,40.21900017675641,70.0,27.333333333333336,65.5,86.99999999999999,50.0,59.96666666666667,20.0,0.0,0,100.0,31.0,40.0,0,0.0,0,8.0,14.000000000000002,0,0,5.600000000000001,35.0173667196936,MODERATE,59.96666666666667,MODERATE
SME_0323,Agriculture,18861.78,23769.33,4335.11,29526.25,10463.78,28639.77,5,0.013,13,0.427,0.31,1,3,0,3,0,0,1,1,0.517,0,0,1.5654010385021988,1.2601848818086099,0.18238250720571422,78.27005192510994,63.00924409043049,81.76174927942857,75.08848851643356,50.0,8.666666666666668,42.699999999999996,77.49999999999999,14.28571428571429,38.630476190476195,20.0,30.0,100,25.0,43.25,0.0,0,10.0,0,2.0,48.3,100,100,79.32,49.06616560254911,MODERATE,79.32,MODERATE
SME_0324,Professional Services,30352.9,45658.0,22904.57,74978.97,17717.67,6528.69,3,0.125,9,0.672,0.034,1,6,1,4,0,0,0,1,0.519,1,1,2.4702407348227022,1.504238474742117,0.5016551316308204,100.0,75.21192373710585,49.83448683691796,72.49737185589895,30.0,83.33333333333334,67.2,8.5,42.85714285714286,46.37809523809524,20.0,60.0,0,0.0,18.0,0.0,0,0.0,0,0.0,48.1,0,0,19.240000000000002,38.867735366293495,MODERATE,72.49737185589895,MODERATE
SME_0325,Transport,28868.53,22253.43,2899.41,14569.47,26397.39,2160.77,1,0.128,10,0.6,0.356,2,0,0,3,1,0,2,1,0.829,0,1,0.5046834736649216,0.7708542831934982,0.13029047656922998,25.23417368324608,38.542714159674915,86.970952343077,53.9214472901071,10.0,85.33333333333334,60.0,88.99999999999999,35.71428571428571,56.00952380952381,40.0,0.0,100,25.0,43.25,20.0,0,20.0,0,8.0,17.100000000000005,100,0,36.84,43.71281513941308,MODERATE,56.00952380952381,MODERATE
SME_0326,Manufacturing,19124.95,30081.68,3736.9,21959.73,7445.59,15130.11,4,0.033,6,0.29,0.189,0,6,0,3,1,0,4,1,0.589,1,0,1.148224178363865,1.5729024128167655,0.12422510976780553,57.411208918193246,78.64512064083827,87.57748902321944,75.84789447699723,40.0,22.000000000000004,28.999999999999996,47.25,64.28571428571428,40.50714285714286,0.0,60.0,100,25.0,43.25,20.0,0,40.0,0,12.0,41.1,0,100,46.44,47.97515405738488,MODERATE,75.84789447699723,MODERATE
SME_0327,Retail,121376.55,30356.12,5462.56,10431.91,524.7,7078.28,1,0.01,5,0.82,0.298,1,2,0,2,1,0,6,1,0.345,0,1,0.08594666762237022,0.25009872170530467,0.17994921617123666,4.297333381118511,12.504936085265234,82.00507838287633,37.84271219306566,10.0,6.666666666666667,82.0,74.49999999999999,71.42857142857143,48.91904761904762,20.0,20.0,100,50.0,47.5,20.0,0,60.0,0,16.0,65.5,100,0,56.2,41.102575562681594,MODERATE,56.2,MODERATE
SME_0328,Transport,24072.36,154531.7,4478.54,10409.24,4789.62,10151.38,2,0.111,2,0.518,0.056,0,3,1,4,2,0,3,1,0.71,0,1,0.43241460330437065,6.419466142912452,0.02898136757700847,21.620730165218532,100.0,97.10186324229916,75.32696434648523,20.0,74.0,51.800000000000004,13.999999999999998,92.85714285714286,50.53142857142858,0.0,30.0,0,0.0,6.0,40.0,0,30.0,0,14.0,29.000000000000004,100,0,41.6,42.69094644680271,MODERATE,75.32696434648523,MODERATE
SME_0329,Transport,7188.73,4230.61,31459.35,11948.6,29677.79,6221.58,2,0.032,11,0.799,0.268,0,3,1,1,3,0,1,0,0.391,1,1,1.6621294721042523,0.5885058974255536,7.436126232387292,83.10647360521261,29.42529487127768,0.0,33.75953054294709,20.0,21.333333333333336,79.9,67.0,28.57142857142857,43.360952380952384,0.0,30.0,0,75.0,24.75,60.0,0,10.0,100,44.0,60.9,0,0,24.36,34.95409725812222,MODERATE,44.0,MODERATE
SME_0330,Retail,18148.19,10381.49,2562.22,18333.08,9700.69,70942.08,4,0.059,9,0.445,0.095,0,0,1,0,1,1,3,0,0.7,0,1,1.010187792832233,0.5720399665200773,0.24680657593466832,50.50938964161165,28.601998326003862,75.31934240653317,53.86115335289792,40.0,39.33333333333333,44.5,23.75,42.85714285714286,38.088095238095235,0.0,0.0,0,100.0,25.0,20.0,100,30.0,100,70.0,30.000000000000004,100,0,42.0,45.38036981539319,MODERATE,70.0,MODERATE
SME_0331,Manufacturing,37287.79,58534.52,5474.15,20417.69,7369.63,2952.47,5,0.01,6,0.937,0.175,1,1,0,2,1,0,3,1,0.846,1,1,0.547570397709277,1.5698039492284201,0.09352002886501845,27.37851988546385,78.490197461421,90.64799711349816,68.01981404946471,50.0,6.666666666666667,93.7,43.74999999999999,64.28571428571428,51.68047619047619,20.0,10.0,100,50.0,45.5,20.0,0,30.0,0,10.0,15.400000000000002,0,0,6.160000000000001,44.54206326245846,MODERATE,68.01981404946471,MODERATE
SME_0332,Retail,38280.93,13582.22,11150.75,40038.02,28579.55,153707.69,2,0.034,8,0.755,0.007,1,1,1,2,0,0,2,1,0.951,0,1,1.0458998775630581,0.3548038148498482,0.8209814006841297,52.29499387815291,17.74019074249241,17.901859931587026,28.171299358828406,20.0,22.666666666666668,75.5,1.7499999999999998,50.0,33.983333333333334,20.0,10.0,0,50.0,20.5,0.0,0,20.0,0,4.0,4.900000000000004,100,0,31.96,24.84322314098186,LOW,33.983333333333334,LOW
SME_0333,Construction,10471.44,36562.18,19310.03,12304.69,9128.42,8442.97,2,0.119,9,0.921,0.061,2,1,1,1,1,0,2,1,0.347,1,0,1.1750714323913425,3.491609558952732,0.528142195022288,58.753571619567126,100.0,47.185780497771205,66.50038368497863,20.0,79.33333333333333,92.10000000000001,15.25,42.85714285714286,49.90809523809524,40.0,10.0,0,75.0,32.75,20.0,0,20.0,0,8.0,65.3,0,100,56.120000000000005,45.789138915017396,MODERATE,66.50038368497863,MODERATE
SME_0334,Transport,52586.63,21636.45,5469.57,41298.66,1520.9,14154.16,2,0.121,9,0.537,0.037,3,2,1,2,3,0,0,1,0.513,0,0,0.7853452484024933,0.41144393546420455,0.2527942430481895,39.267262420124666,20.572196773210226,74.72057569518104,47.840068036072886,20.0,80.66666666666666,53.7,9.249999999999998,42.85714285714286,41.29476190476191,60.0,20.0,0,50.0,34.5,60.0,0,0.0,0,12.0,48.699999999999996,100,100,79.48,41.32371088701234,MODERATE,79.48,MODERATE
SME_0335,Hospitality,6101.79,96982.8,1175.09,48725.31,2580.06,7153.42,3,0.031,8,0.503,0.096,2,6,0,1,0,0,2,0,0.757,1,1,7.985412477322228,15.894155649407796,0.01211647838585811,100.0,100.0,98.7883521614142,99.51534086456567,30.0,20.666666666666668,50.3,24.0,50.0,34.99333333333334,40.0,60.0,100,75.0,67.75,0.0,0,20.0,100,34.0,24.3,0,0,9.72,58.224935592703034,HIGH,99.51534086456567,CRITICAL REVIEW
SME_0336,Hospitality,62438.62,7388.53,6884.95,18790.95,14575.88,6889.07,4,0.05,12,0.742,0.04,0,2,0,1,1,0,2,1,0.521,0,1,0.3009507577201418,0.11833269217032663,0.9318430053068744,15.04753788600709,5.916634608516332,6.815699469312564,9.015531536082053,40.0,33.333333333333336,74.2,10.0,21.42857142857143,35.79238095238095,0.0,20.0,100,75.0,47.75,20.0,0,20.0,0,8.0,47.9,100,0,49.16,27.318754698919854,LOW,49.16,LOW
SME_0337,Agriculture,8700.65,47837.61,30922.07,13416.33,9415.74,5921.32,1,0.02,10,0.848,0.277,0,3,1,1,2,1,2,1,0.616,0,1,1.541991690276014,5.498165079620488,0.646396632273226,77.0995845138007,100.0,35.3603367726774,67.27401006321116,10.0,13.333333333333334,84.8,69.25,35.71428571428571,42.61952380952381,0.0,30.0,0,75.0,24.75,40.0,100,20.0,0,42.0,38.4,100,0,45.36,46.6230839713443,MODERATE,67.27401006321116,MODERATE
SME_0338,Professional Services,20860.96,72969.15,10608.22,32664.09,37031.76,20615.41,4,0.011,8,0.92,0.012,2,2,1,2,0,0,2,1,0.314,0,0,1.565799944010247,3.4978807303211354,0.14537951997522242,78.28999720051235,100.0,85.46204800247776,87.6718183611448,40.0,7.333333333333333,92.0,3.0,50.0,38.46666666666667,40.0,20.0,0,50.0,28.5,0.0,0,20.0,0,4.0,68.6,100,100,87.44,50.962212175010116,HIGH,87.6718183611448,HIGH
SME_0339,Retail,58588.05,7995.16,10133.63,24490.37,5168.81,3370.92,5,0.149,3,0.376,0.247,2,7,1,1,1,0,0,1,0.785,1,1,0.4180096453116292,0.13646400588515917,1.267470569694665,20.90048226558146,6.823200294257958,0.0,8.317104767951825,50.0,99.33333333333333,37.6,61.74999999999999,85.71428571428572,66.87952380952382,40.0,70.0,0,75.0,44.75,20.0,0,0.0,0,4.0,21.499999999999996,0,0,8.6,29.625012382766506,LOW,66.87952380952382,LOW
SME_0340,Retail,27510.3,33672.04,2763.29,37395.46,7568.8,16653.23,1,0.098,13,0.779,0.056,1,3,1,2,0,0,4,1,0.918,0,0,1.359325779798839,1.2239793822677325,0.08206482292133176,67.96628898994194,61.198969113386624,91.79351770786683,75.46698451414531,10.0,65.33333333333334,77.9,13.999999999999998,14.28571428571429,36.303809523809534,20.0,30.0,0,50.0,24.5,0.0,0,40.0,0,8.0,8.199999999999996,100,100,63.28,44.14404773519598,MODERATE,75.46698451414531,MODERATE
SME_0341,Agriculture,48049.64,8314.27,2493.71,144180.19,4511.06,1680.12,2,0.081,3,0.279,0.378,3,1,0,4,2,0,1,1,0.984,1,1,3.000650785312856,0.17303501129248836,0.2999313228942529,100.0,8.651750564624418,70.00686771057471,60.59827225361721,20.0,54.0,27.900000000000002,94.5,85.71428571428572,56.42285714285715,60.0,10.0,100,0.0,45.0,40.0,0,10.0,0,10.0,1.6000000000000014,0,0,0.6400000000000006,42.84919596179945,MODERATE,60.59827225361721,MODERATE
SME_0342,Agriculture,41009.57,18439.61,8145.64,32131.42,6259.19,15349.49,3,0.115,2,0.564,0.373,1,2,0,1,1,0,3,1,0.881,0,0,0.7835102879644922,0.44964163242872335,0.4417468699175308,39.17551439822461,22.482081621436166,55.825313008246916,40.827404009197,30.0,76.66666666666667,56.39999999999999,93.25,92.85714285714286,69.8347619047619,20.0,20.0,100,75.0,53.75,20.0,0,30.0,0,10.0,11.899999999999999,100,100,64.75999999999999,48.43291167894957,MODERATE,69.8347619047619,MODERATE
SME_0343,Agriculture,69957.7,14659.69,1921.42,15830.95,1821.88,25768.04,1,0.126,1,0.253,0.09,0,2,1,2,0,0,1,0,0.322,1,1,0.2262931743039008,0.20955077139471426,0.13106825587717066,11.31465871519504,10.477538569735714,86.89317441228293,41.2949289503924,10.0,84.00000000000001,25.3,22.499999999999996,100.0,48.36000000000001,0.0,20.0,0,50.0,16.5,0.0,0,10.0,100,32.0,67.8,0,0,27.12,35.290478685117726,MODERATE,48.36000000000001,MODERATE
SME_0344,Transport,58477.6,2633.12,17475.57,12308.72,7067.23,3810.8,3,0.121,4,0.395,0.246,2,2,1,2,1,0,2,1,0.756,1,0,0.21048606645963583,0.04502783971982434,6.636830072309656,10.524303322981792,2.251391985991217,0.0,3.832708592691903,30.0,80.66666666666666,39.5,61.5,78.57142857142857,58.047619047619044,40.0,20.0,0,50.0,28.5,20.0,0,20.0,0,8.0,24.4,0,100,39.76,26.53771733971233,LOW,58.047619047619044,LOW
SME_0345,Construction,17389.74,25273.57,3430.81,12794.25,9543.91,22104.36,4,0.002,2,0.892,0.011,0,1,0,2,2,0,3,0,0.647,1,0,0.7357355544131194,1.4533610048223837,0.13574694829420617,36.78677772065597,72.66805024111919,86.42530517057938,67.4065704567643,40.0,1.3333333333333335,89.2,2.7499999999999996,92.85714285714286,45.22809523809524,0.0,10.0,100,50.0,39.5,40.0,0,30.0,100,44.0,35.3,0,100,44.12,50.4409949465531,HIGH,67.4065704567643,HIGH
SME_0346,Retail,41480.74,20187.09,7805.15,6947.84,8845.31,12568.0,4,0.028,14,0.224,0.373,1,1,0,0,4,1,0,0,0.957,1,1,0.1674955654118032,0.4866617615789883,0.3866406698538521,8.37477827059016,24.333088078949412,61.335933014614795,34.34673311070779,40.0,18.666666666666668,22.400000000000002,93.25,7.14285714285714,36.29190476190477,20.0,10.0,100,100.0,58.0,80.0,100,0.0,100,76.0,4.300000000000004,0,0,1.7200000000000017,42.548996123688525,MODERATE,76.0,MODERATE
SME_0347,Transport,7371.6,58770.2,1213.7,76244.17,69212.61,50576.67,3,0.098,14,0.638,0.209,1,1,0,0,1,0,4,0,0.931,0,0,10.342960822616527,7.972516143035432,0.020651622761195303,100.0,100.0,97.93483772388048,99.1739350895522,30.0,65.33333333333334,63.800000000000004,52.25,7.14285714285714,43.7052380952381,20.0,10.0,100,100.0,58.0,20.0,0,40.0,100,42.0,6.899999999999995,100,100,62.76,64.85449005067518,HIGH,99.1739350895522,CRITICAL REVIEW
SME_0348,Agriculture,23868.32,29349.83,5395.9,3215.29,52076.89,5557.9,5,0.056,2,0.604,0.017,2,1,0,1,0,0,5,1,0.992,0,0,0.134709522915731,1.2296562975525718,0.18384774290004402,6.735476145786549,61.48281487762859,81.6152257099956,53.11157759102278,50.0,37.333333333333336,60.4,4.25,92.85714285714286,48.968095238095245,40.0,10.0,100,75.0,57.75,0.0,0,50.0,0,10.0,0.8000000000000007,100,100,60.32,47.25749708683064,MODERATE,60.32,MODERATE
SME_0349,Retail,48118.35,112514.14,2443.87,48876.77,5087.44,151304.44,1,0.147,13,0.203,0.137,0,2,1,4,2,0,3,1,0.903,0,0,1.0157615545836463,2.3382792635242065,0.021720558855980236,50.78807772918231,100.0,97.82794411440197,84.36760096451547,10.0,98.0,20.3,34.25,14.28571428571429,35.367142857142866,0.0,20.0,0,0.0,4.0,40.0,0,30.0,0,14.0,9.699999999999998,100,100,63.879999999999995,43.440066003640354,MODERATE,84.36760096451547,MODERATE
SME_0350,Transport,27825.53,19609.33,784.65,12592.9,1588.9,1395.43,4,0.1,11,0.377,0.031,2,2,0,1,1,0,2,1,0.683,0,0,0.45256640214939303,0.7047244023743664,0.04001411572960422,22.62832010746965,35.23622011871832,95.99858842703958,55.75879743867222,40.0,66.66666666666667,37.7,7.75,28.57142857142857,36.13761904761905,40.0,20.0,100,75.0,59.75,20.0,0,20.0,0,8.0,31.699999999999996,100,100,72.68,46.18004399350643,MODERATE,72.68,MODERATE
SME_0351,Construction,35737.04,16542.75,13753.37,17971.59,9145.89,8920.51,2,0.143,11,0.579,0.157,1,2,0,3,0,0,3,0,0.8,0,1,0.5028841224678933,0.46290207582944753,0.8313835365945808,25.144206123394664,23.145103791472376,16.861646340541924,21.231451510676884,20.0,95.33333333333333,57.9,39.24999999999999,28.57142857142857,48.210952380952385,20.0,20.0,100,25.0,41.25,0.0,0,30.0,100,36.0,19.999999999999996,100,0,38.0,35.87217354844116,MODERATE,48.210952380952385,MODERATE
SME_0352,Transport,21078.59,15531.75,41289.2,12221.66,14033.46,2601.78,1,0.03,5,0.259,0.268,1,0,0,3,2,0,1,0,0.975,0,1,0.5798139249352068,0.7368495710576466,2.6583739758881,28.99069624676034,36.842478552882326,0.0,19.749952439892798,10.0,20.0,25.900000000000002,67.0,71.42857142857143,38.86571428571428,20.0,0.0,100,25.0,37.25,40.0,0,10.0,100,40.0,2.500000000000002,100,0,31.0,32.19141430339641,MODERATE,40.0,MODERATE
SME_0353,Construction,61690.59,12663.21,24752.22,127365.64,4609.64,63488.29,4,0.13,4,0.781,0.188,0,2,1,4,0,0,4,1,0.705,0,1,2.0645878082864826,0.2052697177965067,1.9546560469264904,100.0,10.263485889825336,0.0,33.0790457669476,40.0,86.66666666666667,78.10000000000001,47.0,78.57142857142857,66.06761904761905,0.0,20.0,0,0.0,4.0,0.0,0,40.0,0,8.0,29.500000000000004,100,0,41.800000000000004,32.62061849198904,MODERATE,66.06761904761905,MODERATE
SME_0354,Agriculture,23442.33,3077.66,15817.74,30493.48,4819.68,9481.82,3,0.048,1,0.926,0.153,1,5,0,4,1,0,1,1,0.888,0,0,1.3007870804651243,0.1312864378242265,5.139534581467738,65.03935402325621,6.564321891211325,0.0,21.481102774340258,30.0,32.0,92.60000000000001,38.24999999999999,100.0,58.57,20.0,50.0,100,0.0,41.0,20.0,0,10.0,0,6.0,11.2,100,100,64.47999999999999,36.63483083230208,MODERATE,64.47999999999999,MODERATE
SME_0355,Construction,17227.65,15092.77,5287.37,66126.92,41549.46,10281.95,2,0.148,9,0.283,0.048,4,2,1,4,3,0,1,1,0.96,1,1,3.8384178921675325,0.876078281135268,0.35032469188889775,100.0,43.803914056763396,64.96753081111022,69.12818654147311,20.0,98.66666666666667,28.299999999999997,12.0,42.85714285714286,40.364761904761906,80.0,20.0,0,0.0,28.0,60.0,0,10.0,0,14.0,4.0000000000000036,0,0,1.6000000000000014,38.68964643863241,MODERATE,69.12818654147311,MODERATE
SME_0356,Retail,50809.83,3442.12,17909.51,110136.91,7931.08,17882.47,2,0.024,14,0.259,0.098,1,2,1,0,2,0,3,1,0.699,0,0,2.1676299645167085,0.06774515876160184,5.20304637839471,100.0,3.387257938080092,0.0,31.01617738142403,20.0,16.0,25.900000000000002,24.5,7.14285714285714,18.708571428571428,20.0,20.0,0,100.0,35.0,40.0,0,30.0,0,14.0,30.100000000000005,100,100,72.04,30.285996071570068,MODERATE,72.04,MODERATE
SME_0357,Agriculture,8123.39,25841.93,27202.12,35325.42,18148.91,11948.22,1,0.077,4,0.487,0.04,0,2,1,0,0,0,2,0,0.411,0,1,4.348605692943463,3.181175592948264,1.0526350005591687,100.0,100.0,0.0,60.0,10.0,51.33333333333333,48.699999999999996,10.0,78.57142857142857,39.72095238095238,0.0,20.0,0,100.0,29.0,0.0,0,20.0,100,34.0,58.9,100,0,53.56,44.186238095238096,MODERATE,60.0,MODERATE
SME_0358,Retail,37326.46,6674.7,9172.99,9075.46,4328.88,7032.35,2,0.119,5,0.736,0.323,1,2,1,3,2,0,3,0,0.409,1,1,0.24313744191118042,0.17881952909544596,1.3742924775645347,12.15687209555902,8.940976454772297,0.0,6.329354565099395,20.0,79.33333333333333,73.6,80.75,71.42857142857143,65.02238095238096,20.0,20.0,0,25.0,16.25,40.0,0,30.0,100,44.0,59.099999999999994,0,0,23.64,30.368401607625056,MODERATE,65.02238095238096,MODERATE
SME_0359,Hospitality,10857.85,8801.35,2447.53,24060.09,9500.45,3872.59,4,0.065,7,0.339,0.054,3,2,1,4,0,0,3,1,0.381,0,1,2.21591659490599,0.8105978623760689,0.27808574820908155,100.0,40.52989311880344,72.19142517909185,71.03553800727778,40.0,43.333333333333336,33.900000000000006,13.499999999999998,57.14285714285714,37.5752380952381,60.0,20.0,0,0.0,22.0,0.0,0,30.0,0,6.0,61.9,100,0,54.760000000000005,41.480470925992854,MODERATE,71.03553800727778,MODERATE
SME_0360,Manufacturing,69492.39,10536.48,4855.23,14281.28,7388.17,13965.2,4,0.07,2,0.117,0.238,1,4,1,2,1,0,5,1,0.633,0,1,0.20550854561197276,0.15162063069064108,0.4608018996856635,10.275427280598638,7.581031534532054,53.91981003143365,26.924861657112668,40.0,46.66666666666667,11.700000000000001,59.5,92.85714285714286,50.14476190476191,20.0,40.0,0,50.0,26.5,20.0,0,50.0,0,14.0,36.7,100,0,44.68,32.48164897332428,MODERATE,50.14476190476191,MODERATE
SME_0361,Construction,20288.5,15278.15,43909.82,18132.27,5445.28,16875.4,6,0.148,8,0.56,0.137,1,4,0,3,1,1,4,1,0.636,0,1,0.8937215664046134,0.7530448283510363,2.8740272873351813,44.68607832023067,37.652241417551814,0.0,24.701495921334747,60.0,98.66666666666667,56.00000000000001,34.25,50.0,59.78333333333334,20.0,40.0,100,25.0,45.25,20.0,100,40.0,0,42.0,36.4,100,0,44.56,42.16228210973376,MODERATE,59.78333333333334,MODERATE
SME_0362,Manufacturing,27850.85,18099.18,7423.85,27291.45,28285.67,22437.78,1,0.064,11,0.913,0.09,1,3,0,4,2,0,2,1,0.732,1,1,0.9799144370818127,0.6498609557697521,0.41017604112451506,48.99572185409063,32.49304778848761,58.9823958875485,48.039589247792875,10.0,42.66666666666667,91.3,22.499999999999996,28.57142857142857,39.00761904761905,20.0,30.0,100,0.0,37.0,40.0,0,20.0,0,12.0,26.8,0,0,10.72,34.43578153624262,MODERATE,48.039589247792875,MODERATE
SME_0363,Manufacturing,34776.16,42860.7,287.85,26233.62,2865.08,67111.86,4,0.091,2,0.433,0.256,0,2,0,2,1,1,2,0,0.638,0,1,0.7543564326826192,1.232473625610188,0.00671594257676613,37.717821634130964,61.6236812805094,99.32840574232338,69.53381317132147,40.0,60.66666666666667,43.3,64.0,92.85714285714286,60.1647619047619,0.0,20.0,100,50.0,41.5,20.0,100,20.0,100,68.0,36.199999999999996,100,0,44.48,58.84933442758692,HIGH,69.53381317132147,HIGH
SME_0364,Construction,5339.48,11340.13,1841.39,45299.98,13100.31,1696.41,0,0.008,11,0.457,0.183,1,1,1,4,1,0,0,0,0.981,0,0,8.48396847633103,2.123826664768854,0.16237820906815004,100.0,100.0,83.762179093185,93.504871637274,0.0,5.333333333333334,45.7,45.74999999999999,28.57142857142857,25.07095238095238,20.0,10.0,0,0.0,8.0,20.0,0,0.0,100,34.0,1.9000000000000017,100,100,60.760000000000005,47.0951995864203,MODERATE,93.504871637274,CRITICAL REVIEW
SME_0365,Agriculture,14856.06,26429.71,5233.04,52378.79,7264.33,11290.49,2,0.126,10,0.924,0.16,1,1,0,1,2,0,3,1,0.504,0,1,3.5257524538807736,1.7790524540153985,0.19799838893427132,100.0,88.95262270076992,80.20016110657286,88.76585125286013,20.0,84.00000000000001,92.4,40.0,35.71428571428571,54.42285714285714,20.0,10.0,100,75.0,51.75,40.0,0,30.0,0,14.0,49.6,100,0,49.84,57.66946966157233,HIGH,88.76585125286013,HIGH
SME_0366,Hospitality,57610.94,159982.68,22539.44,26233.89,14525.81,35074.37,2,0.097,5,0.69,0.237,0,2,1,2,0,0,0,1,0.912,0,1,0.4553629918206507,2.776949655742468,0.14088675099079476,22.768149591032536,100.0,85.91132490092053,71.19497483767798,20.0,64.66666666666667,69.0,59.24999999999999,71.42857142857143,56.86904761904762,0.0,20.0,0,50.0,16.5,0.0,0,0.0,0,0.0,8.799999999999997,100,0,33.519999999999996,42.22775435606529,MODERATE,71.19497483767798,MODERATE
SME_0367,Retail,50053.27,24343.19,6088.0,44910.26,7353.42,10727.78,2,0.061,13,0.711,0.197,1,3,1,1,0,0,3,1,0.37,1,0,0.897249270627074,0.48634564734731617,0.25009047704922815,44.862463531353704,24.31728236736581,74.99095229507718,50.750304687646725,20.0,40.666666666666664,71.1,49.25,14.28571428571429,39.060476190476194,20.0,30.0,0,75.0,30.75,0.0,0,30.0,0,6.0,63.0,0,100,55.2,37.560210453913065,MODERATE,55.2,MODERATE
SME_0368,Transport,31352.74,15579.87,22962.75,17319.58,21825.06,1463.09,1,0.002,12,0.578,0.121,1,2,1,0,0,0,1,0,0.721,1,1,0.5524104113388495,0.4969221190875183,1.4738730169122078,27.620520566942474,24.846105954375915,0.0,15.739987956395517,10.0,1.3333333333333335,57.8,30.25,21.42857142857143,24.162380952380957,20.0,20.0,0,100.0,35.0,0.0,0,10.0,100,32.0,27.900000000000002,0,0,11.160000000000002,23.678591625013894,LOW,35.0,LOW
SME_0369,Retail,8493.53,9650.89,4726.95,111717.93,4292.43,3754.56,3,0.089,2,0.928,0.224,0,2,0,3,0,0,3,1,0.754,1,1,13.153297863197043,1.1362637207380204,0.4897942055085075,100.0,56.81318603690102,51.02057944914925,67.45218759073,30.0,59.333333333333336,92.80000000000001,55.99999999999999,92.85714285714286,66.19809523809523,0.0,20.0,100,25.0,35.25,0.0,0,30.0,0,6.0,24.6,0,0,9.840000000000002,45.71918008674281,MODERATE,67.45218759073,MODERATE
SME_0370,Transport,39936.02,15408.3,1122.04,17042.09,28343.08,16129.01,5,0.002,2,0.686,0.268,0,2,1,4,1,0,2,1,0.841,0,1,0.4267348123323256,0.3858246264900709,0.0728204928512555,21.33674061661628,19.291231324503542,92.71795071487445,49.275571868285724,50.0,1.3333333333333335,68.60000000000001,67.0,92.85714285714286,55.95809523809524,0.0,20.0,0,0.0,4.0,20.0,0,20.0,0,8.0,15.900000000000002,100,0,36.36,34.40819537000953,MODERATE,55.95809523809524,MODERATE
SME_0371,Retail,44238.5,8858.66,4893.37,99323.67,9744.11,15609.57,1,0.0,4,0.861,0.011,0,4,1,3,0,0,1,1,0.652,1,1,2.245186206584762,0.2002477480023057,0.5523826402638774,100.0,10.012387400115283,44.76173597361226,50.90841060947949,10.0,0.0,86.1,2.7499999999999996,78.57142857142857,35.48428571428572,0.0,40.0,0,25.0,14.25,0.0,0,10.0,0,2.0,34.8,0,0,13.92,28.685594611415276,LOW,50.90841060947949,LOW
SME_0372,Construction,25958.25,22315.93,11295.3,6856.04,3025.07,21980.91,2,0.092,4,0.694,0.186,1,4,1,4,0,0,3,0,0.438,0,1,0.2641179586451321,0.8596854564541139,0.5061541239822852,13.205897932256605,42.98427282270569,49.38458760177148,36.61088626719729,20.0,61.33333333333334,69.39999999999999,46.5,78.57142857142857,55.16095238095239,20.0,40.0,0,0.0,14.0,0.0,0,30.0,100,36.0,56.2,100,0,52.480000000000004,38.22150397539728,MODERATE,55.16095238095239,MODERATE
SME_0373,Hospitality,66514.01,19554.53,10395.7,20507.49,18444.74,5941.72,5,0.028,13,0.725,0.023,1,4,1,1,1,0,2,1,0.558,0,1,0.3083183527801136,0.293991145624809,0.5316261756227331,15.41591763900568,14.69955728124045,46.837382437726696,27.769595451164516,50.0,18.666666666666668,72.5,5.75,14.28571428571429,32.240476190476194,20.0,40.0,0,75.0,32.75,20.0,0,20.0,0,8.0,44.199999999999996,100,0,47.68,28.908997682968405,LOW,47.68,LOW
SME_0374,Transport,14470.76,3191.84,2280.36,21546.63,8361.35,15162.14,2,0.029,8,0.347,0.075,0,4,0,2,1,1,2,1,0.491,0,1,1.488977082060652,0.2205716907750526,0.7144343074840844,74.4488541030326,11.02858453875263,28.556569251591558,37.065859293172196,20.0,19.333333333333336,34.699999999999996,18.749999999999996,50.0,28.556666666666665,0.0,40.0,100,50.0,45.5,20.0,100,20.0,0,38.0,50.9,100,0,50.36,38.09492445461833,MODERATE,50.36,MODERATE
SME_0375,Professional Services,16626.37,17734.74,5630.77,39653.89,2150.14,5122.43,2,0.098,13,0.358,0.224,1,1,0,2,2,0,3,1,0.593,1,1,2.384999852643722,1.0666633787170623,0.31749943895427846,100.0,53.33316893585312,68.25005610457215,73.29997312258479,20.0,65.33333333333334,35.8,55.99999999999999,14.28571428571429,38.28380952380953,20.0,10.0,100,50.0,45.5,40.0,0,30.0,0,14.0,40.7,0,0,16.28,44.38894431772782,MODERATE,73.29997312258479,MODERATE
SME_0376,Agriculture,3425.29,42575.92,117227.42,71023.74,13488.08,15163.16,4,0.008,6,0.766,0.346,2,1,1,4,0,0,1,1,0.671,1,1,20.735102721229445,12.429873091037546,2.7533737380190493,100.0,100.0,0.0,60.0,40.0,5.333333333333334,76.6,86.49999999999999,64.28571428571428,54.54380952380952,40.0,10.0,0,0.0,14.0,0.0,0,10.0,0,2.0,32.9,0,0,13.16,36.05195238095238,MODERATE,60.0,MODERATE
SME_0377,Retail,52182.01,13079.97,2330.71,8600.34,24742.47,12588.68,2,0.047,10,0.352,0.353,1,0,1,1,1,1,3,0,0.738,0,1,0.16481427219840708,0.2506605245754236,0.1781892466114219,8.240713609920354,12.53302622877118,82.18107533885781,39.10455208715059,20.0,31.333333333333336,35.199999999999996,88.25,35.71428571428571,42.0995238095238,20.0,0.0,0,75.0,24.75,20.0,100,30.0,100,70.0,26.200000000000003,100,0,40.480000000000004,41.75424657852612,MODERATE,70.0,MODERATE
SME_0378,Retail,32135.63,10676.6,15489.54,9906.73,31706.04,5732.39,2,0.022,8,0.578,0.028,0,1,1,4,0,0,3,1,0.892,1,1,0.30827869252913354,0.33223559021559557,1.4507933237172883,15.413934626456676,16.61177951077978,0.0,9.607714241170935,20.0,14.666666666666666,57.8,6.999999999999999,50.0,29.89333333333333,0.0,10.0,0,0.0,2.0,0.0,0,30.0,0,6.0,10.799999999999999,0,0,4.319999999999999,12.087647605684614,LOW,29.89333333333333,LOW
SME_0379,Transport,6510.52,5978.75,982.91,7383.81,7114.03,48777.64,3,0.087,13,0.312,0.168,0,2,0,4,1,0,2,1,0.937,1,1,1.1341352150058674,0.9183214244023519,0.16440058540664854,56.70676075029337,45.916071220117594,83.55994145933514,64.21082617485735,30.0,57.99999999999999,31.2,42.0,14.28571428571429,35.09714285714286,0.0,20.0,100,0.0,29.0,20.0,0,20.0,0,8.0,6.2999999999999945,0,0,2.519999999999998,35.289533566742925,MODERATE,64.21082617485735,MODERATE
SME_0380,Agriculture,6122.66,4071.36,18977.11,112323.33,11397.24,2585.28,4,0.099,7,0.794,0.233,1,4,1,4,1,0,2,1,0.624,0,0,18.345511591367153,0.6649658808426403,4.661123064528806,100.0,33.24829404213202,0.0,39.974488212639606,40.0,66.0,79.4,58.25,57.14285714285714,60.158571428571435,20.0,40.0,0,0.0,14.0,20.0,0,20.0,0,8.0,37.6,100,100,75.03999999999999,38.53598932093474,MODERATE,75.03999999999999,MODERATE
SME_0381,Agriculture,12438.19,35003.61,3277.62,40398.89,10465.33,10563.96,4,0.108,13,0.194,0.059,0,2,1,2,3,0,2,1,0.362,1,0,3.2479717708123124,2.814204478304319,0.09363662776496481,100.0,100.0,90.63633722350352,96.25453488940141,40.0,72.0,19.400000000000002,14.75,14.28571428571429,32.08714285714286,0.0,20.0,0,50.0,16.5,60.0,0,20.0,0,16.0,63.800000000000004,0,100,55.52,48.15014618110613,MODERATE,96.25453488940141,CRITICAL REVIEW
SME_0382,Construction,47172.08,15567.56,11959.55,10143.43,38221.85,5619.78,4,0.038,10,0.805,0.306,1,2,1,4,1,1,2,0,0.858,0,0,0.21503037389913696,0.3300163995312481,0.7682353560866314,10.751518694956848,16.500819976562404,23.17646439133686,17.44628735799052,40.0,25.333333333333336,80.5,76.49999999999999,35.71428571428571,51.60952380952381,20.0,20.0,0,0.0,10.0,20.0,100,20.0,100,68.0,14.200000000000001,100,100,65.68,36.90426715977811,MODERATE,68.0,MODERATE
SME_0383,Professional Services,19660.03,33381.07,2198.81,19261.39,4821.79,62532.63,5,0.013,4,0.612,0.298,0,4,1,2,0,0,1,1,0.634,1,0,0.9797233269735601,1.6979155169142672,0.06586996761937229,48.986166348678005,84.89577584571336,93.41300323806277,77.52978395354252,50.0,8.666666666666668,61.199999999999996,74.49999999999999,78.57142857142857,54.58761904761905,0.0,40.0,0,50.0,20.5,0.0,0,10.0,0,2.0,36.6,0,100,44.64,45.76983994796751,MODERATE,77.52978395354252,MODERATE
SME_0384,Construction,13131.93,61278.6,10700.54,97803.34,6582.35,20562.41,2,0.012,2,0.259,0.361,0,1,1,0,3,0,1,0,0.683,1,0,7.447750635283618,4.666381864661173,0.1746211564885621,100.0,100.0,82.53788435114379,93.01515374045752,20.0,8.0,25.900000000000002,90.25,92.85714285714286,47.401428571428575,0.0,10.0,0,100.0,27.0,60.0,0,10.0,100,44.0,31.699999999999996,0,100,42.68,56.0229032649944,HIGH,93.01515374045752,CRITICAL REVIEW
SME_0385,Construction,11178.4,37613.76,3224.54,22716.2,4717.77,6689.42,0,0.064,9,0.561,0.003,1,1,1,1,3,0,3,1,0.717,0,1,2.032151291776999,3.3648608029771707,0.08572766987400356,100.0,100.0,91.42723301259964,96.57089320503985,0.0,42.66666666666667,56.10000000000001,0.75,42.85714285714286,28.47476190476191,20.0,10.0,0,75.0,26.75,60.0,0,30.0,0,18.0,28.300000000000004,100,0,41.32,48.27195843770244,MODERATE,96.57089320503985,CRITICAL REVIEW
SME_0386,Construction,10784.89,11663.61,3913.35,21413.24,2713.8,9329.33,3,0.142,2,0.34,0.087,2,3,1,0,3,0,7,1,0.768,1,1,1.9854852483428207,1.0814769552587,0.3355179056912911,99.27426241714103,54.073847762935,66.44820943087089,72.58371682637117,30.0,94.66666666666667,34.0,21.749999999999996,92.85714285714286,54.65476190476191,40.0,30.0,0,100.0,43.0,60.0,0,70.0,0,26.0,23.2,0,0,9.28,48.86680552410183,MODERATE,72.58371682637117,MODERATE
SME_0387,Construction,5322.45,20211.79,12446.35,13734.36,12498.31,64073.98,3,0.033,1,0.375,0.331,0,1,1,4,2,0,6,1,0.923,0,1,2.5804582476115323,3.797459816437919,0.6157965227226287,100.0,100.0,38.42034772773712,75.36813909109485,30.0,22.000000000000004,37.5,82.75,100.0,54.45,0.0,10.0,0,0.0,2.0,40.0,0,60.0,0,20.0,7.699999999999996,100,0,33.08,42.93094172732845,MODERATE,75.36813909109485,MODERATE
SME_0388,Construction,9515.85,11007.24,5202.07,10763.98,42256.31,5120.53,2,0.039,8,0.399,0.268,1,2,0,2,2,0,1,1,0.967,1,1,1.131163269702654,1.156726934535538,0.47260439492552175,56.558163485132695,57.8363467267769,52.73956050744783,55.41417726655201,20.0,26.0,39.900000000000006,67.0,50.0,40.58,20.0,20.0,100,50.0,47.5,40.0,0,10.0,0,10.0,3.300000000000003,0,0,1.3200000000000012,37.9012531799656,MODERATE,55.41417726655201,MODERATE
SME_0389,Hospitality,10616.54,10213.81,11702.74,97956.27,8364.1,2452.0,3,0.015,10,0.154,0.358,0,1,1,1,1,0,0,1,0.958,0,1,9.226760319275394,0.9620657954474808,1.145776159924651,100.0,48.10328977237404,0.0,44.43098693171221,30.0,10.0,15.4,89.49999999999999,35.71428571428571,36.12285714285714,0.0,10.0,0,75.0,20.75,20.0,0,0.0,0,4.0,4.200000000000004,100,0,31.68,30.27801036522795,MODERATE,44.43098693171221,MODERATE
SME_0390,Agriculture,43162.6,23679.84,6610.11,159988.03,4521.66,15592.86,5,0.091,9,0.938,0.023,0,0,1,3,1,0,2,1,0.867,1,0,3.7066356058254137,0.5486194066159129,0.279145044898952,100.0,27.430970330795645,72.0854955101048,67.06348930328062,50.0,60.66666666666667,93.8,5.75,42.85714285714286,50.614761904761906,0.0,0.0,0,25.0,6.25,20.0,0,20.0,0,8.0,13.3,0,100,35.32,38.75473726717466,MODERATE,67.06348930328062,MODERATE
SME_0391,Construction,21895.86,9249.2,8558.59,11201.0,11831.42,15913.74,1,0.102,1,0.127,0.239,0,4,0,1,1,0,4,1,0.922,0,0,0.5115578926792553,0.422417753858492,0.9253330017731263,25.577894633962767,21.1208876929246,7.466699822687373,16.99631462714116,10.0,68.0,12.7,59.74999999999999,100.0,50.09,0.0,40.0,100,75.0,51.75,20.0,0,40.0,0,12.0,7.799999999999995,100,100,63.12,36.08339438814235,MODERATE,63.12,MODERATE
SME_0392,Agriculture,12915.24,3074.22,12485.0,122258.75,16992.83,21852.99,2,0.096,7,0.663,0.228,2,1,0,1,3,1,0,0,0.335,1,1,9.466239109764897,0.2380304198760534,4.061192757837761,100.0,11.90152099380267,0.0,33.5704562981408,20.0,64.0,66.3,56.99999999999999,57.14285714285714,52.88857142857143,40.0,10.0,100,75.0,57.75,60.0,100,0.0,100,72.0,66.5,0,0,26.6,48.30327974658509,MODERATE,72.0,MODERATE
SME_0393,Agriculture,158642.62,8845.01,5637.4,18426.83,8687.27,21983.01,4,0.129,2,0.416,0.014,2,2,1,4,3,0,4,1,0.894,0,1,0.11615308673041332,0.05575431116808333,0.6373537169545314,5.807654336520666,2.787715558404167,36.26462830454686,17.084462290296194,40.0,86.00000000000001,41.6,3.4999999999999996,92.85714285714286,52.79142857142858,40.0,20.0,0,0.0,16.0,60.0,0,40.0,0,20.0,10.599999999999998,100,0,34.24,27.947195829946,LOW,52.79142857142858,LOW
SME_0394,Manufacturing,14698.69,14081.57,2954.68,51154.24,35366.57,59059.28,2,0.073,6,0.649,0.205,2,0,0,0,0,0,0,1,0.351,1,1,3.4801904115264692,0.95801530612592,0.20982603502308336,100.0,47.900765306296,79.01739649769166,75.97718819096546,20.0,48.666666666666664,64.9,51.24999999999999,64.28571428571428,49.82047619047619,40.0,0.0,100,100.0,62.0,0.0,0,0.0,0,0.0,64.9,0,0,25.960000000000004,50.244275504908686,HIGH,75.97718819096546,HIGH
SME_0395,Hospitality,63596.48,60793.97,4697.96,122904.94,4813.67,2556.36,0,0.02,13,0.403,0.244,0,1,1,0,1,0,2,0,0.822,0,0,1.9325745701648895,0.9559329384267808,0.07727674307172241,96.62872850824448,47.79664692133904,92.27232569282776,80.23654290600615,0.0,13.333333333333334,40.300000000000004,61.0,14.28571428571429,25.783809523809527,0.0,10.0,0,100.0,27.0,20.0,0,20.0,100,38.0,17.800000000000004,100,100,67.12,48.32891525275423,MODERATE,80.23654290600615,MODERATE
SME_0396,Construction,91447.28,12153.56,26432.14,25948.68,7723.85,4064.88,5,0.043,11,0.673,0.077,0,1,0,3,3,1,1,0,0.419,0,0,0.2837556240054379,0.13290236735308036,2.1748475343849867,14.187781200271896,6.645118367654018,0.0,6.249869870377774,50.0,28.666666666666668,67.30000000000001,19.249999999999996,28.57142857142857,38.75761904761905,0.0,10.0,100,25.0,33.25,60.0,100,10.0,100,74.0,58.099999999999994,100,100,83.24,37.6383657230181,MODERATE,83.24,MODERATE
SME_0397,Retail,7120.0,27110.23,8985.52,21612.15,13052.43,21777.77,0,0.099,5,0.72,0.109,2,0,0,4,1,0,3,1,0.552,0,1,3.0354143258426967,3.807616573033708,0.3314438866804155,100.0,100.0,66.85561133195846,86.74224453278339,0.0,66.0,72.0,27.249999999999996,71.42857142857143,47.33571428571428,40.0,0.0,100,0.0,37.0,20.0,0,30.0,0,10.0,44.8,100,0,47.92,51.54860193126358,HIGH,86.74224453278339,HIGH
SME_0398,Transport,26523.9,15732.45,3436.81,66838.44,14242.81,4436.4,2,0.092,1,0.687,0.256,1,0,1,1,1,0,1,0,0.429,1,0,2.519932589098888,0.5931424111838757,0.2184535784318399,100.0,29.657120559193785,78.15464215681601,70.15899303048454,20.0,61.33333333333334,68.7,64.0,100.0,62.80666666666667,20.0,0.0,0,75.0,24.75,20.0,0,10.0,100,36.0,57.099999999999994,0,100,52.84,52.383364575812024,HIGH,70.15899303048454,HIGH
SME_0399,Professional Services,16524.58,48014.16,11953.24,9887.24,10434.22,3234.83,3,0.08,2,0.197,0.187,1,4,1,0,2,0,2,1,0.61,0,0,0.5983353283411741,2.9056205967110813,0.24895239237758193,29.916766417058703,100.0,75.10476076224181,69.01693423001433,30.0,53.333333333333336,19.7,46.75,92.85714285714286,48.52809523809525,20.0,40.0,0,100.0,39.0,40.0,0,20.0,0,12.0,39.0,100,100,75.6,49.99710407852811,MODERATE,75.6,MODERATE
SME_0400,Retail,15482.9,45424.38,12778.41,94467.77,3164.54,64339.05,2,0.102,2,0.658,0.343,0,1,1,0,0,0,1,0,0.588,0,1,6.101426089427692,2.9338418513327604,0.2813117097030273,100.0,100.0,71.86882902969727,88.74753161187891,20.0,68.0,65.8,85.75,92.85714285714286,66.48142857142858,0.0,10.0,0,100.0,27.0,0.0,0,10.0,100,32.0,41.2,100,0,46.480000000000004,58.09261662642082,HIGH,88.74753161187891,HIGH
SME_0401,Hospitality,38985.01,46123.0,13456.21,34605.3,82006.24,2792.56,6,0.096,10,0.338,0.137,3,0,1,2,2,0,1,1,0.334,1,1,0.887656563381669,1.183095759113567,0.29174620037725213,44.382828169083446,59.154787955678344,70.82537996227478,59.39143682233845,60.0,64.0,33.800000000000004,34.25,35.71428571428571,45.55285714285715,60.0,0.0,0,50.0,30.5,40.0,0,10.0,0,10.0,66.6,0,0,26.64,39.46964533241582,MODERATE,59.39143682233845,MODERATE
SME_0402,Transport,15189.12,4495.99,3008.99,16834.78,8086.63,8747.45,5,0.132,10,0.124,0.107,0,0,1,1,2,0,2,0,0.881,1,0,1.1083446572283318,0.2960006899675557,0.6692608302064729,55.417232861416586,14.800034498377784,33.07391697935272,34.2947469996794,50.0,88.00000000000001,12.4,26.749999999999996,35.71428571428571,42.572857142857146,0.0,0.0,0,75.0,18.75,40.0,0,20.0,100,42.0,11.899999999999999,0,100,34.76,34.45763838561811,MODERATE,42.572857142857146,MODERATE
SME_0403,Hospitality,16812.13,21237.13,4043.26,16395.87,11043.32,11375.66,3,0.088,6,0.453,0.394,1,4,0,4,0,0,3,1,0.898,0,0,0.9752404959990196,1.2632028184412087,0.19038636576599569,48.76202479995098,63.160140922060435,80.96136342340043,65.9611950859636,30.0,58.666666666666664,45.300000000000004,98.5,64.28571428571428,59.35047619047619,20.0,40.0,100,0.0,39.0,0.0,0,30.0,0,6.0,10.199999999999998,100,100,64.08,49.73397757340813,MODERATE,65.9611950859636,MODERATE
SME_0404,Agriculture,21854.0,33033.51,4065.81,7521.27,17420.89,38983.15,4,0.117,11,0.469,0.364,1,4,1,0,2,0,5,1,0.851,0,1,0.34415987919831614,1.5115544065159696,0.12308138008949093,17.207993959915807,75.57772032579848,87.6918619910509,62.912459082134646,40.0,78.0,46.9,90.99999999999999,28.57142857142857,56.89428571428572,20.0,40.0,0,100.0,39.0,40.0,0,50.0,0,18.0,14.900000000000002,100,0,35.96,47.19330915321183,MODERATE,62.912459082134646,MODERATE
SME_0405,Transport,18544.19,24424.89,5577.8,17549.5,5639.13,2232.19,5,0.037,12,0.497,0.012,2,2,1,4,1,0,1,1,0.893,0,1,0.9463610974650282,1.3171181917355248,0.2283654092198573,47.318054873251405,65.85590958677624,77.16345907801427,64.817572969214,50.0,24.666666666666668,49.7,3.0,21.42857142857143,29.75904761904762,40.0,20.0,0,0.0,16.0,20.0,0,10.0,0,6.0,10.7,100,0,34.28,34.413033795526104,MODERATE,64.817572969214,MODERATE
SME_0406,Agriculture,9776.87,29953.58,13713.23,23038.34,10525.69,17441.18,2,0.102,1,0.699,0.308,1,2,1,1,2,0,3,1,0.826,1,1,2.356412635127602,3.0637187566163813,0.4578160607179509,100.0,100.0,54.21839392820491,81.68735757128196,20.0,68.0,69.89999999999999,76.99999999999999,100.0,66.97999999999999,20.0,20.0,0,75.0,28.75,40.0,0,30.0,0,14.0,17.400000000000006,0,0,6.960000000000003,49.797207271384586,MODERATE,81.68735757128196,MODERATE
SME_0407,Retail,47257.01,18860.18,10757.75,10380.24,5436.38,5384.73,2,0.135,11,0.363,0.044,1,1,1,1,1,1,2,1,0.956,1,0,0.21965503107369677,0.3990980385767106,0.570394874280097,10.982751553684839,19.95490192883553,42.96051257199029,26.46550107355223,20.0,90.00000000000001,36.3,10.999999999999998,28.57142857142857,37.174285714285716,20.0,10.0,0,75.0,26.75,20.0,100,20.0,0,38.0,4.400000000000004,0,100,31.76,31.4592217506371,MODERATE,38.0,MODERATE
SME_0408,Retail,57841.16,9919.92,11642.46,28666.59,14535.31,21110.21,4,0.058,13,0.368,0.011,2,1,1,0,3,0,3,1,0.703,1,1,0.4956088363373072,0.1715027845223021,1.1736445455205282,24.78044181686536,8.575139226115105,0.0,10.00667431289414,40.0,38.66666666666667,36.8,2.7499999999999996,14.28571428571429,26.500476190476192,40.0,10.0,0,100.0,39.0,60.0,0,30.0,0,18.0,29.700000000000003,0,0,11.880000000000003,21.315121341487288,LOW,39.0,LOW
SME_0409,Transport,32909.81,4630.63,30983.68,48140.05,7800.32,5305.69,4,0.117,4,0.151,0.109,1,1,1,3,0,0,1,1,0.708,1,1,1.4627872357816714,0.14070667682371915,6.691029082435867,73.13936178908357,7.035333841185958,0.0,24.052408689080856,40.0,78.0,15.1,27.249999999999996,78.57142857142857,47.784285714285716,20.0,10.0,0,25.0,14.25,0.0,0,10.0,0,2.0,29.200000000000003,0,0,11.680000000000001,23.479794035295686,LOW,47.784285714285716,LOW
SME_0410,Transport,18497.47,10739.37,15932.04,24233.24,12735.99,49401.57,7,0.109,12,0.684,0.108,0,5,0,4,1,0,5,1,0.902,0,1,1.310084027707573,0.5805858855292102,1.483517189555812,65.50420138537865,29.02929427646051,0.0,28.36004869855175,70.0,72.66666666666667,68.4,26.999999999999996,21.42857142857143,51.89904761904762,0.0,50.0,100,0.0,35.0,20.0,0,50.0,0,14.0,9.799999999999997,100,0,33.92,33.97477651432743,MODERATE,51.89904761904762,MODERATE
SME_0411,Construction,14220.82,153370.97,6942.35,58202.2,3898.93,5333.64,6,0.009,10,0.583,0.328,1,0,1,4,1,1,3,1,0.545,0,1,4.0927457066470145,10.784959657741256,0.04526508504184332,100.0,100.0,95.47349149581567,98.18939659832627,60.0,6.0,58.3,82.0,35.71428571428571,48.402857142857144,20.0,0.0,0,0.0,6.0,20.0,100,30.0,0,40.0,45.49999999999999,100,0,48.2,53.57753326521217,HIGH,98.18939659832627,CRITICAL REVIEW
SME_0412,Hospitality,14238.93,12205.06,2448.7,13383.97,4742.48,1308.82,4,0.087,11,0.397,0.284,2,5,0,2,0,0,3,1,0.335,0,1,0.9399561624363628,0.8571613175990049,0.20062990267970823,46.99780812181814,42.858065879950246,79.93700973202917,58.931566093342184,40.0,57.99999999999999,39.7,70.99999999999999,28.57142857142857,47.45428571428572,40.0,50.0,100,50.0,59.5,0.0,0,30.0,0,6.0,66.5,100,0,56.6,48.00304125657408,MODERATE,59.5,MODERATE
SME_0413,Construction,164807.3,3754.14,3915.31,81824.78,2926.94,5899.94,3,0.02,5,0.699,0.393,1,1,1,1,2,1,0,1,0.825,0,1,0.49648759490629363,0.022778966708392166,1.0429312705439862,24.82437974531468,1.1389483354196084,0.0,7.788998424220287,30.0,13.333333333333334,69.89999999999999,98.25,71.42857142857143,56.58238095238095,20.0,10.0,0,75.0,26.75,40.0,100,0.0,0,38.0,17.500000000000004,100,0,37.0,31.232294765361324,MODERATE,56.58238095238095,MODERATE
SME_0414,Hospitality,52939.33,32346.03,6157.9,33886.34,5275.68,9485.24,5,0.145,2,0.557,0.285,2,1,0,1,1,0,3,1,0.478,1,1,0.6400976362942258,0.6110018770543564,0.19037575863251224,32.00488181471129,30.55009385271782,80.96242413674878,51.15146235492824,50.0,96.66666666666667,55.7,71.24999999999999,92.85714285714286,73.29476190476191,40.0,10.0,100,75.0,57.75,20.0,0,30.0,0,10.0,52.2,0,0,20.880000000000003,48.80712918266895,MODERATE,73.29476190476191,MODERATE
SME_0415,Construction,12766.03,35685.33,18330.59,140675.32,986.51,31785.97,2,0.122,2,0.499,0.167,2,0,0,0,2,0,1,1,0.632,0,0,11.019504105818331,2.795334963179626,0.5136729855097318,100.0,100.0,48.63270144902682,79.45308057961073,20.0,81.33333333333333,49.9,41.75,92.85714285714286,57.16809523809523,40.0,0.0,100,100.0,62.0,40.0,0,10.0,0,10.0,36.8,100,100,74.72,59.499947983407026,HIGH,79.45308057961073,HIGH
SME_0416,Agriculture,28520.81,50412.1,7784.31,335430.47,7585.17,3866.44,6,0.016,7,0.535,0.28,3,1,1,0,0,0,3,1,0.468,1,1,11.760902653185514,1.7675549887959001,0.15441352373735673,100.0,88.37774943979501,84.55864762626433,90.33678388244424,60.0,10.666666666666668,53.5,70.0,57.14285714285714,50.261904761904766,60.0,10.0,0,100.0,45.0,0.0,0,30.0,0,6.0,53.2,0,0,21.28,51.694511355209464,HIGH,90.33678388244424,CRITICAL REVIEW
SME_0417,Transport,18706.07,26236.58,4150.57,18745.5,6182.79,3935.84,2,0.018,7,0.641,0.4,1,2,1,0,0,0,2,0,0.879,1,1,1.0021078719367564,1.402570395598862,0.15819782913779157,50.10539359683782,70.1285197799431,84.18021708622085,69.74226084752262,20.0,12.0,64.1,100.0,57.14285714285714,50.64857142857143,20.0,20.0,0,100.0,35.0,0.0,0,20.0,100,34.0,12.1,0,0,4.84,46.168821111399645,MODERATE,69.74226084752262,MODERATE
SME_0418,Retail,39881.64,35405.0,3844.14,19533.55,11454.76,28486.4,6,0.089,6,0.661,0.284,0,2,1,2,1,0,4,1,0.971,1,0,0.4897880327890227,0.8877518577470737,0.10857618980370004,24.489401639451135,44.387592887353684,89.14238101963,56.32005076589344,60.0,59.333333333333336,66.10000000000001,70.99999999999999,64.28571428571428,64.14380952380952,0.0,20.0,0,50.0,16.5,20.0,0,40.0,0,12.0,2.9000000000000026,0,100,31.16,41.14796761072041,MODERATE,64.14380952380952,MODERATE
SME_0419,Hospitality,38616.32,78456.59,7462.3,23451.99,10409.64,3480.6,3,0.052,1,0.346,0.305,0,0,0,3,0,1,4,1,0.339,0,1,0.6073077393185058,2.0316951485796677,0.09511374379131186,30.36538696592529,100.0,90.48862562086882,75.30506633812512,30.0,34.66666666666667,34.599999999999994,76.25,100.0,55.10333333333333,0.0,0.0,100,25.0,31.25,0.0,100,40.0,0,38.0,66.10000000000001,100,0,56.440000000000005,53.96135323477087,HIGH,75.30506633812512,HIGH
SME_0420,Hospitality,59487.34,9914.45,19480.79,54429.14,30999.06,10214.64,2,0.005,12,0.22,0.375,2,3,1,0,0,0,3,1,0.463,0,1,0.9149701432271136,0.16666487356805668,1.964888622162601,45.748507161355676,8.333243678402834,0.0,16.224525251927552,20.0,3.3333333333333335,22.0,93.75,21.42857142857143,32.102380952380955,40.0,30.0,0,100.0,43.0,0.0,0,30.0,0,6.0,53.69999999999999,100,0,51.48,27.540952813673503,LOW,51.48,LOW
SME_0421,Retail,12659.79,8459.51,39270.0,112975.09,103282.12,10403.27,5,0.081,13,0.233,0.045,3,3,1,0,2,0,4,1,0.433,0,1,8.923930807699021,0.6682188251147926,4.642112841051078,100.0,33.41094125573963,0.0,40.02328237672189,50.0,54.0,23.3,11.249999999999998,14.28571428571429,30.56714285714286,60.0,30.0,0,100.0,49.0,40.0,0,40.0,0,16.0,56.699999999999996,100,0,52.68,37.116770427302285,MODERATE,52.68,MODERATE
SME_0422,Construction,27184.97,7498.5,6512.17,15617.45,27837.12,14595.72,3,0.058,12,0.643,0.282,1,3,1,0,1,0,0,1,0.771,1,0,0.5744884029667864,0.2758325648326998,0.8684630259385211,28.72442014833932,13.79162824163499,13.153697406147892,18.016293479451452,30.0,38.66666666666667,64.3,70.49999999999999,21.42857142857143,44.97904761904761,20.0,30.0,0,100.0,37.0,20.0,0,0.0,0,4.0,22.9,0,100,39.16,28.565649948597343,LOW,44.97904761904761,LOW
SME_0423,Hospitality,6172.09,14552.4,7649.94,43923.16,6651.14,6110.71,2,0.015,3,0.842,0.34,1,1,0,2,2,1,1,0,0.6,0,0,7.116415995230141,2.357775081050341,0.5256823616723014,100.0,100.0,47.43176383276986,78.97270553310794,20.0,10.0,84.2,85.0,85.71428571428572,56.98285714285715,20.0,10.0,100,50.0,45.5,40.0,100,10.0,100,70.0,40.0,100,100,76.0,65.13752594564667,HIGH,78.97270553310794,HIGH
SME_0424,Professional Services,9143.14,56662.33,2376.19,26187.18,6414.32,5210.17,2,0.12,9,0.448,0.382,1,1,1,4,1,0,3,0,0.619,0,1,2.864134203348084,6.197250616309058,0.041935974041307514,100.0,100.0,95.80640259586924,98.3225610383477,20.0,80.0,44.800000000000004,95.5,42.85714285714286,56.63142857142857,20.0,10.0,0,0.0,8.0,20.0,0,30.0,100,40.0,38.1,100,0,45.24,55.77862545436145,HIGH,98.3225610383477,CRITICAL REVIEW
SME_0425,Agriculture,50711.69,27462.64,55625.08,55662.49,21853.95,16221.08,1,0.137,10,0.244,0.084,1,2,1,3,1,0,2,1,0.41,1,0,1.0976264052726303,0.5415445629991822,2.025481891034511,54.881320263631515,27.077228149959108,0.0,24.587564524077187,10.0,91.33333333333334,24.4,21.0,35.71428571428571,36.48952380952381,20.0,20.0,0,25.0,16.25,20.0,0,20.0,0,8.0,59.00000000000001,0,100,53.60000000000001,26.30865030960411,LOW,53.60000000000001,LOW
SME_0426,Transport,11685.27,26611.02,1970.8,135728.3,2198.06,5357.57,4,0.113,1,0.743,0.202,0,0,1,4,6,0,3,1,0.59,1,0,11.615332807885482,2.277313232813619,0.07405954375292642,100.0,100.0,92.59404562470735,97.03761824988294,40.0,75.33333333333334,74.3,50.5,100.0,68.02666666666667,0.0,0.0,0,0.0,0.0,100.0,0,30.0,0,26.0,41.0,0,100,46.400000000000006,54.65795214163155,HIGH,97.03761824988294,CRITICAL REVIEW
SME_0427,Retail,12757.88,4199.33,25818.82,23591.09,7530.06,3528.72,2,0.123,2,0.808,0.272,0,2,1,1,2,0,4,1,0.512,1,1,1.8491387283780691,0.32915578450338145,6.14831889849095,92.45693641890345,16.457789225169073,0.0,32.674417693221756,20.0,82.0,80.80000000000001,68.0,92.85714285714286,68.73142857142858,0.0,20.0,0,75.0,22.75,40.0,0,40.0,0,16.0,48.8,0,0,19.52,35.88718245082367,MODERATE,68.73142857142858,MODERATE
SME_0428,Transport,24834.99,10337.96,5551.71,5648.16,8070.76,36231.42,3,0.032,8,0.848,0.099,0,2,1,1,0,0,3,1,0.728,0,0,0.22742751255386048,0.416265921588855,0.537021810879516,11.371375627693023,20.81329607944275,46.297818912048406,28.174529076960095,30.0,21.333333333333336,84.8,24.75,50.0,42.17666666666667,0.0,20.0,0,75.0,22.75,0.0,0,30.0,0,6.0,27.200000000000003,100,100,70.88,31.534525389754695,MODERATE,70.88,MODERATE
SME_0429,Professional Services,43583.76,4144.76,4393.28,63123.87,16916.74,18619.18,2,0.04,7,0.616,0.24,1,1,1,0,1,0,6,0,0.452,1,1,1.448334654926514,0.09509872484613535,1.059960045937521,72.41673274632569,4.754936242306767,0.0,23.151500696589736,20.0,26.666666666666668,61.6,60.0,57.14285714285714,45.08190476190477,20.0,10.0,0,100.0,33.0,20.0,0,60.0,100,46.0,54.800000000000004,0,0,21.92,33.90792639945311,MODERATE,46.0,MODERATE
SME_0430,Hospitality,10699.69,45941.48,2636.46,13046.14,17375.56,58889.26,3,0.031,9,0.832,0.103,1,0,0,4,1,1,0,0,0.73,1,1,1.219300746096382,4.293720659196668,0.05738735452144772,60.965037304819106,100.0,94.26126454785523,85.99401701058781,30.0,20.666666666666668,83.2,25.749999999999996,42.85714285714286,40.4947619047619,20.0,0.0,100,0.0,31.0,20.0,100,0.0,100,64.0,27.0,0,0,10.8,52.80189557936682,HIGH,85.99401701058781,HIGH
SME_0431,Hospitality,1543.77,64000.38,89076.02,25999.61,5116.55,24300.03,2,0.115,10,0.113,0.133,1,3,0,2,1,1,0,1,0.564,1,1,16.841634440363528,41.45719893507452,1.3918045486604924,100.0,100.0,0.0,60.0,20.0,76.66666666666667,11.3,33.25,35.71428571428571,35.38619047619048,20.0,30.0,100,50.0,49.5,20.0,100,0.0,0,34.0,43.60000000000001,0,0,17.440000000000005,43.59054761904762,MODERATE,60.0,MODERATE
SME_0432,Professional Services,12462.16,33583.17,9983.49,65905.92,6887.1,3832.73,0,0.142,12,0.191,0.177,0,2,0,3,1,0,3,1,0.542,0,0,5.288482895421018,2.6948113328668546,0.2972765822880925,100.0,100.0,70.27234177119075,88.1089367084763,0.0,94.66666666666667,19.1,44.24999999999999,21.42857142857143,35.889047619047616,0.0,20.0,100,25.0,35.25,20.0,0,30.0,0,10.0,45.8,100,100,78.32,51.78694291730479,HIGH,88.1089367084763,HIGH
SME_0433,Retail,65587.05,8173.87,8172.07,40390.4,14927.11,13087.26,2,0.108,12,0.179,0.212,2,1,1,4,1,0,2,1,0.514,1,1,0.615828886952531,0.12462627912064957,0.9997797860744053,30.791444347626552,6.231313956032478,0.02202139255946811,11.115636048121495,20.0,72.0,17.9,52.99999999999999,21.42857142857143,36.86571428571428,40.0,10.0,0,0.0,14.0,20.0,0,20.0,0,8.0,48.6,0,0,19.44,18.495119385865017,LOW,36.86571428571428,LOW
SME_0434,Agriculture,32897.08,58908.76,19417.48,27098.47,4872.25,4810.69,3,0.132,4,0.706,0.18,1,1,0,4,3,0,3,1,0.772,1,1,0.8237348117218914,1.790698748946715,0.3296195676160897,41.18674058609457,89.53493744733575,67.03804323839103,66.03172070538551,30.0,88.00000000000001,70.6,44.99999999999999,78.57142857142857,62.43428571428572,20.0,10.0,100,0.0,33.0,60.0,0,30.0,0,18.0,22.799999999999997,0,0,9.12,45.630087640187085,MODERATE,66.03172070538551,MODERATE
SME_0435,Manufacturing,72094.35,14698.83,4172.89,16866.27,29609.39,2714.09,1,0.096,4,0.159,0.197,2,1,1,3,1,0,3,0,0.694,0,1,0.2339471817139623,0.20388324466480381,0.2838926635657396,11.697359085698116,10.19416223324019,71.61073364342604,35.21174985305191,10.0,64.0,15.9,49.25,78.57142857142857,43.54428571428572,40.0,10.0,0,25.0,20.25,20.0,0,30.0,100,40.0,30.600000000000005,100,0,42.24,35.723596384487,MODERATE,43.54428571428572,MODERATE
SME_0436,Retail,10108.97,6812.81,8014.78,1650.87,17302.36,8023.92,2,0.058,7,0.522,0.119,1,0,1,4,1,0,1,1,0.896,0,1,0.16330743883897172,0.673937107341302,1.1764279350224063,8.165371941948587,33.6968553670651,0.0,12.558668192704104,20.0,38.66666666666667,52.2,29.75,57.14285714285714,39.551904761904765,20.0,0.0,0,0.0,6.0,20.0,0,10.0,0,6.0,10.399999999999999,100,0,34.16,19.17157664828742,LOW,39.551904761904765,LOW
SME_0437,Manufacturing,6735.28,8321.55,8463.63,60311.22,11669.09,29028.74,3,0.064,1,0.502,0.064,1,3,0,4,2,0,1,1,0.469,1,0,8.954523048781937,1.235516563528168,1.017073742271572,100.0,61.775828176408396,0.0,48.53274845292252,30.0,42.66666666666667,50.2,16.0,100.0,47.77333333333334,20.0,30.0,100,0.0,37.0,40.0,0,10.0,0,10.0,53.1,0,100,51.24,40.52715786921009,MODERATE,51.24,MODERATE
SME_0438,Professional Services,36194.77,12759.12,4793.67,23295.16,14216.9,15368.62,1,0.011,10,0.364,0.019,1,3,0,3,2,1,1,0,0.328,1,1,0.6436056922035974,0.35251280778963373,0.37570537780034985,32.18028461017987,17.625640389481685,62.42946221996502,39.913562387884475,10.0,7.333333333333333,36.4,4.749999999999999,35.71428571428571,18.839523809523808,20.0,30.0,100,25.0,43.25,40.0,100,10.0,100,70.0,67.19999999999999,0,0,26.879999999999995,38.521949668746295,MODERATE,70.0,MODERATE
SME_0439,Construction,30292.31,18728.28,26551.32,136255.75,6569.14,3431.86,4,0.005,12,0.84,0.078,1,2,1,2,0,0,4,1,0.427,1,1,4.498031018433391,0.6182519589955338,1.41771267836662,100.0,30.91259794977669,0.0,39.27377938493301,40.0,3.3333333333333335,84.0,19.499999999999996,21.42857142857143,33.65238095238095,20.0,20.0,0,50.0,22.5,0.0,0,40.0,0,8.0,57.3,0,0,22.92,28.18722905357514,LOW,39.27377938493301,LOW
SME_0440,Manufacturing,31922.76,15820.34,6428.8,44666.57,5691.21,7774.11,1,0.104,9,0.245,0.233,0,2,0,3,2,0,1,1,0.54,0,1,1.3992076499651034,0.49558183565581426,0.40636294795181394,69.96038249825517,24.77909178279071,59.36370520481861,52.16732436624121,10.0,69.33333333333334,24.5,58.25,42.85714285714286,40.98809523809524,0.0,20.0,100,25.0,35.25,40.0,0,10.0,0,10.0,46.0,100,0,48.400000000000006,39.28722111939618,MODERATE,52.16732436624121,MODERATE
SME_0441,Agriculture,52734.67,5813.82,1692.67,17462.78,6823.24,10552.12,5,0.066,2,0.4,0.314,1,1,0,0,1,0,7,1,0.426,0,1,0.33114419792519795,0.11024663660548174,0.2911459247104314,16.5572098962599,5.512331830274087,70.88540752895686,34.97502552954294,50.0,44.00000000000001,40.0,78.49999999999999,92.85714285714286,61.07142857142857,20.0,10.0,100,100.0,58.0,20.0,0,70.0,0,18.0,57.400000000000006,100,0,52.96000000000001,45.35636480172003,MODERATE,61.07142857142857,MODERATE
SME_0442,Construction,35030.66,47514.02,5917.68,87188.07,15682.65,2624.01,1,0.083,1,0.758,0.068,0,6,1,0,1,1,4,1,0.358,0,1,2.488907431375829,1.3563552613624748,0.12454597611399752,100.0,67.81776306812374,87.54540238860025,85.36348987587724,10.0,55.333333333333336,75.8,17.0,100.0,51.626666666666665,0.0,60.0,0,100.0,37.0,20.0,100,40.0,0,42.0,64.2,100,0,55.68000000000001,57.78371362942984,HIGH,85.36348987587724,HIGH
SME_0443,Manufacturing,34583.27,15956.83,10263.77,94852.85,11983.12,22800.03,1,0.084,7,0.126,0.043,0,1,1,0,1,0,1,1,0.612,1,0,2.742738034893751,0.46140315823228983,0.6432211159735362,100.0,23.07015791161449,35.67788840264639,51.1922027345429,10.0,56.00000000000001,12.6,10.749999999999998,57.14285714285714,29.298571428571428,0.0,10.0,0,100.0,27.0,20.0,0,10.0,0,6.0,38.800000000000004,0,100,45.52,33.534303677505726,MODERATE,51.1922027345429,MODERATE
SME_0444,Professional Services,44295.43,10169.25,3273.79,24098.88,6835.59,9767.35,5,0.042,6,0.672,0.3,0,3,0,0,5,0,2,1,0.774,1,1,0.5440489007556761,0.2295778593863972,0.32193032917865133,27.202445037783807,11.47889296931986,67.80696708213488,38.72718823498505,50.0,28.000000000000004,67.2,74.99999999999999,64.28571428571428,56.89714285714285,0.0,30.0,100,100.0,56.0,100.0,0,20.0,0,24.0,22.599999999999998,0,0,9.04,41.54644218478123,MODERATE,56.89714285714285,MODERATE
SME_0445,Construction,37367.79,43755.34,3542.55,98972.52,19632.94,3432.78,0,0.071,12,0.794,0.122,3,1,1,1,1,1,1,0,0.826,0,1,2.648605122218895,1.1709373232936706,0.08096268935403085,100.0,58.54686616468353,91.90373106459691,84.32555227524382,0.0,47.333333333333336,79.4,30.5,21.42857142857143,35.73238095238096,60.0,10.0,0,75.0,38.75,20.0,100,10.0,100,66.0,17.400000000000006,100,0,36.96,55.576760920668384,HIGH,84.32555227524382,HIGH
SME_0446,Professional Services,49641.77,6984.17,4632.9,17216.86,8550.87,3262.36,2,0.071,3,0.892,0.381,2,2,1,2,0,0,1,1,0.579,1,1,0.34682204119635546,0.14069139758715293,0.6633429598649517,17.34110205981777,7.0345698793576465,33.66570401350483,20.77898318715456,20.0,47.333333333333336,89.2,95.25,85.71428571428572,67.49952380952382,40.0,20.0,0,50.0,28.5,0.0,0,10.0,0,2.0,42.1,0,0,16.84,30.792575908527322,MODERATE,67.49952380952382,MODERATE
SME_0447,Manufacturing,56019.09,4890.33,27131.01,35192.93,5358.08,32314.12,2,0.058,1,0.845,0.286,1,1,0,1,1,0,6,1,0.635,1,0,0.6282310191043804,0.0872975623131329,5.547889406236389,31.41155095521902,4.364878115656645,0.0,10.7329287212627,20.0,38.66666666666667,84.5,71.49999999999999,100.0,62.93333333333334,20.0,10.0,100,75.0,51.75,20.0,0,60.0,0,16.0,36.5,0,100,44.6,36.16321194971214,MODERATE,62.93333333333334,MODERATE
SME_0448,Professional Services,85134.03,49817.27,4914.96,53122.78,12572.26,8517.94,4,0.123,12,0.371,0.131,1,0,1,4,2,0,1,0,0.829,0,1,0.6239899603014212,0.5851628308914778,0.09865976196608124,31.199498015071057,29.25814154457389,90.13402380339187,54.19090138925023,40.0,82.0,37.1,32.75,21.42857142857143,42.65571428571429,20.0,0.0,0,0.0,6.0,40.0,0,10.0,100,40.0,17.100000000000005,100,0,36.84,37.80519898820364,MODERATE,54.19090138925023,MODERATE
SME_0449,Agriculture,14872.63,81734.98,33400.09,65757.84,4018.3,35030.65,2,0.068,5,0.598,0.116,0,2,1,4,3,1,1,1,0.547,0,0,4.421399577613374,5.495664183133716,0.40863887163121587,100.0,100.0,59.13611283687841,83.65444513475137,20.0,45.333333333333336,59.8,28.999999999999996,71.42857142857143,45.11238095238096,0.0,20.0,0,0.0,4.0,60.0,100,10.0,0,44.0,45.3,100,100,78.12,51.586428778520656,HIGH,83.65444513475137,HIGH
SME_0450,Manufacturing,36720.14,12437.24,4325.34,55852.78,2190.4,49394.87,4,0.091,10,0.166,0.209,1,1,1,3,1,0,0,0,0.849,0,1,1.5210394078018221,0.33870350167510255,0.34777330018557173,76.0519703900911,16.935175083755126,65.22266998144282,53.985211634730994,40.0,60.66666666666667,16.6,52.25,35.71428571428571,41.046190476190475,20.0,10.0,0,25.0,14.25,20.0,0,0.0,100,34.0,15.100000000000001,100,0,36.04,38.01111110946692,MODERATE,53.985211634730994,MODERATE
SME_0451,Manufacturing,18589.88,17350.06,11072.4,21510.48,9954.16,30117.61,5,0.134,14,0.319,0.032,0,2,1,0,1,1,4,1,0.977,0,0,1.1571069850908127,0.9333067238734193,0.6381764674012654,57.855349254540634,46.66533619367097,36.18235325987346,45.82914693841286,50.0,89.33333333333334,31.900000000000002,8.0,7.14285714285714,37.2752380952381,0.0,20.0,0,100.0,29.0,20.0,100,40.0,0,42.0,2.300000000000002,100,100,60.92,41.25955360533338,MODERATE,60.92,MODERATE
SME_0452,Manufacturing,12833.11,7192.51,5120.23,89558.77,5534.01,7424.74,2,0.13,4,0.18,0.047,1,1,0,3,1,1,2,1,0.916,0,1,6.978726902520122,0.5604650782234392,0.7118836122577514,100.0,28.02325391117196,28.811638774224857,49.93163168304153,20.0,86.66666666666667,18.0,11.75,78.57142857142857,42.997619047619054,20.0,10.0,100,25.0,39.25,20.0,100,20.0,0,38.0,8.399999999999997,100,0,33.36,42.614894266817224,MODERATE,49.93163168304153,MODERATE
SME_0453,Retail,14400.22,18079.27,17005.29,26490.07,7955.36,1267.24,3,0.134,5,0.368,0.07,1,3,0,4,2,0,0,1,0.618,1,0,1.8395600900541798,1.2554856800798877,0.9405960528273543,91.97800450270898,62.77428400399438,5.940394717264574,48.80184443891684,30.0,89.33333333333334,36.8,17.5,71.42857142857143,49.01238095238096,20.0,30.0,100,0.0,37.0,40.0,0,0.0,0,8.0,38.2,0,100,45.28,40.02164856977029,MODERATE,49.01238095238096,MODERATE
SME_0454,Retail,37145.41,12302.56,2614.75,16982.27,4189.27,15904.52,4,0.041,1,0.844,0.31,0,1,1,0,2,0,2,1,0.706,1,1,0.45718353896214897,0.3312000055996151,0.21253706545629528,22.85917694810745,16.560000279980756,78.74629345437047,43.32427055017465,40.0,27.333333333333336,84.39999999999999,77.49999999999999,100.0,65.84666666666666,0.0,10.0,0,100.0,27.0,40.0,0,20.0,0,12.0,29.400000000000006,0,0,11.760000000000003,37.83494783171906,MODERATE,65.84666666666666,MODERATE
SME_0455,Retail,34934.6,16587.83,16815.5,17233.57,29684.47,78832.5,5,0.005,1,0.395,0.206,2,2,0,2,0,0,6,0,0.801,0,1,0.49330949831971743,0.4748252448861588,1.0137251225748032,24.66547491598587,23.74126224430794,0.0,14.522021148088143,50.0,3.3333333333333335,39.5,51.49999999999999,100.0,48.86666666666667,40.0,20.0,100,50.0,53.5,0.0,0,60.0,100,42.0,19.899999999999995,100,0,37.96,37.36927301109311,MODERATE,53.5,MODERATE
SME_0456,Agriculture,34439.54,24972.58,8964.85,208760.11,5513.73,11623.81,2,0.039,5,0.578,0.004,2,3,0,4,0,0,3,1,0.545,0,1,6.061640486487334,0.7251136339219397,0.35898773775076503,100.0,36.255681696096985,64.1012262249235,66.51719499879849,20.0,26.0,57.8,1.0,71.42857142857143,35.245714285714286,40.0,30.0,100,0.0,43.0,0.0,0,30.0,0,6.0,45.49999999999999,100,0,48.2,43.08658707106812,MODERATE,66.51719499879849,MODERATE
SME_0457,Construction,20869.84,7477.18,4218.37,14285.06,6778.7,2001.85,4,0.042,6,0.468,0.269,2,6,1,3,0,0,1,1,0.859,1,0,0.6844834459679614,0.358276824355146,0.5641659021181782,34.224172298398074,17.9138412177573,43.58340978818218,33.07476797011948,40.0,28.000000000000004,46.800000000000004,67.25,64.28571428571428,49.26714285714286,40.0,60.0,0,25.0,30.25,0.0,0,10.0,0,2.0,14.100000000000001,0,100,35.64,32.15321610532156,MODERATE,49.26714285714286,MODERATE
SME_0458,Professional Services,25068.39,13476.17,6774.87,109161.96,14050.81,6537.25,4,0.136,5,0.49,0.169,0,4,0,3,0,0,1,1,0.606,0,1,4.3545660491160385,0.5375762065294182,0.5027296331227641,100.0,26.87881032647091,49.72703668772359,57.95445777303071,40.0,90.66666666666667,49.0,42.25,71.42857142857143,58.669047619047625,0.0,40.0,100,25.0,39.25,0.0,0,10.0,0,2.0,39.4,100,0,45.76,44.77959923667112,MODERATE,58.669047619047625,MODERATE
SME_0459,Hospitality,48090.18,4251.82,37088.11,9638.16,2896.87,10171.06,2,0.097,2,0.924,0.204,0,2,1,4,1,0,1,1,0.893,1,0,0.20041846381111486,0.08841347651433203,8.722878673132918,10.020923190555743,4.420673825716602,0.0,4.3324791048817035,20.0,64.66666666666667,92.4,50.99999999999999,92.85714285714286,64.18476190476191,0.0,20.0,0,0.0,4.0,20.0,0,10.0,0,6.0,10.7,0,100,34.28,22.473934207654988,LOW,64.18476190476191,LOW
SME_0460,Manufacturing,7594.02,13549.94,9182.38,48867.02,2710.38,4467.0,3,0.012,9,0.352,0.086,0,2,1,1,3,1,1,0,0.478,0,0,6.434934329906953,1.7842907972325592,0.6776694214144121,100.0,89.21453986162796,32.23305785855879,69.6575851019119,30.0,8.0,35.199999999999996,21.499999999999996,42.85714285714286,27.51142857142857,0.0,20.0,0,75.0,22.75,60.0,100,10.0,100,74.0,52.2,100,100,80.88,51.51313267343071,HIGH,80.88,HIGH
SME_0461,Professional Services,25497.73,16703.6,3961.86,40377.83,14089.68,1194.05,0,0.02,5,0.633,0.221,0,0,1,2,0,1,3,0,0.308,0,1,1.5835852838664461,0.655101454129446,0.23718599583323358,79.17926419332231,32.7550727064723,76.28140041667663,64.09286123660904,0.0,13.333333333333334,63.3,55.25,71.42857142857143,40.66238095238096,0.0,0.0,0,50.0,12.5,0.0,100,30.0,100,66.0,69.19999999999999,100,0,57.67999999999999,47.56145360907795,MODERATE,66.0,MODERATE
SME_0462,Manufacturing,26865.44,21618.68,2398.27,151778.81,6700.17,10988.41,7,0.023,11,0.457,0.392,2,2,0,4,1,0,4,1,0.743,1,0,5.649593306493398,0.8047022494327285,0.11093508021766361,100.0,40.23511247163643,88.90649197823363,77.63313053278438,70.0,15.333333333333336,45.7,98.0,28.57142857142857,51.52095238095239,40.0,20.0,100,0.0,41.0,20.0,0,40.0,0,12.0,25.7,0,100,40.28,50.19817725507341,HIGH,77.63313053278438,HIGH
SME_0463,Agriculture,45673.54,21802.68,13261.24,15592.59,4442.6,5921.08,0,0.095,11,0.152,0.029,1,4,1,4,2,0,0,1,0.616,1,1,0.34139219337936144,0.47735910113382934,0.6082389871336918,17.069609668968074,23.867955056691468,39.17610128663082,27.95170993235019,0.0,63.33333333333334,15.2,7.249999999999999,28.57142857142857,22.870952380952385,20.0,40.0,0,0.0,14.0,40.0,0,0.0,0,8.0,38.4,0,0,15.36,19.639251074943154,LOW,27.95170993235019,LOW
SME_0464,Manufacturing,8488.2,37096.03,9730.71,11828.75,17212.24,59164.94,0,0.11,5,0.516,0.114,0,1,0,3,1,1,2,1,0.342,0,0,1.3935522254423787,4.370305836337503,0.26231135784610915,69.67761127211894,100.0,73.76886421538909,80.41082906779133,0.0,73.33333333333334,51.6,28.499999999999996,71.42857142857143,44.97238095238096,0.0,10.0,100,25.0,33.25,20.0,100,20.0,0,38.0,65.8,100,100,86.32,56.348343958432636,HIGH,86.32,HIGH
SME_0465,Retail,82680.42,5252.16,16030.0,26700.63,4815.58,13142.31,1,0.129,10,0.791,0.097,0,2,0,0,1,1,3,1,0.641,0,0,0.3229377644670891,0.06352362506141115,3.0520776213976726,16.146888223354456,3.1761812530705575,0.0,5.796920842927504,10.0,86.00000000000001,79.10000000000001,24.25,35.71428571428571,47.01285714285714,0.0,20.0,100,100.0,54.0,20.0,100,30.0,0,40.0,35.9,100,100,74.36,37.72829053859254,MODERATE,74.36,MODERATE
SME_0466,Hospitality,29659.43,5481.34,1853.76,158538.78,7810.93,18311.47,1,0.141,9,0.184,0.099,0,1,1,0,0,0,0,1,0.418,1,0,5.345307714949343,0.18480935068543125,0.3381946750247202,100.0,9.240467534271563,66.18053249752798,59.24435325929266,10.0,94.0,18.4,24.75,42.85714285714286,38.001428571428576,0.0,10.0,0,100.0,27.0,0.0,0,0.0,0,0.0,58.20000000000001,0,100,53.28,38.00166312064494,MODERATE,59.24435325929266,MODERATE
SME_0467,Transport,30942.8,27482.19,2477.33,12391.85,4464.1,10780.39,0,0.03,3,0.159,0.151,1,3,1,0,1,0,4,1,0.741,0,1,0.4004760396602764,0.8881610584691754,0.09014310722689858,20.02380198301382,44.40805292345877,90.98568927731014,55.723832182865834,0.0,20.0,15.9,37.74999999999999,85.71428571428572,31.872857142857143,20.0,30.0,0,100.0,37.0,20.0,0,40.0,0,12.0,25.900000000000002,100,0,40.36,37.92136394057403,MODERATE,55.723832182865834,MODERATE
SME_0468,Manufacturing,18133.7,3522.61,25186.82,2254.17,13140.23,13056.25,1,0.046,5,0.231,0.327,2,4,1,3,3,0,0,0,0.612,0,0,0.12430833200063969,0.19425765287834254,7.1500449950462865,6.215416600031984,9.712882643917126,0.0,4.778489773184733,10.0,30.66666666666667,23.1,81.75,71.42857142857143,43.38904761904762,40.0,40.0,0,25.0,26.25,60.0,0,0.0,100,42.0,38.800000000000004,100,100,75.52000000000001,31.38280883671733,MODERATE,75.52000000000001,MODERATE
SME_0469,Professional Services,38447.5,20842.87,11142.68,31847.7,33163.63,2712.41,5,0.036,13,0.75,0.365,0,1,1,0,1,0,4,1,0.42,1,1,0.8283425450289356,0.5421124910592366,0.5346039197097138,41.41712725144678,27.10562455296183,46.53960802902862,39.17266875293403,50.0,24.0,75.0,91.25,14.28571428571429,50.90714285714286,0.0,10.0,0,100.0,27.0,20.0,0,40.0,0,12.0,58.00000000000001,0,0,23.200000000000003,33.99858634016593,MODERATE,50.90714285714286,MODERATE
SME_0470,Retail,25977.72,7001.59,13637.76,77534.29,1873.2,4705.62,0,0.054,12,0.715,0.081,3,1,1,4,1,0,2,1,0.588,1,1,2.9846456886901542,0.26952288345551495,1.947808997670529,100.0,13.476144172775747,0.0,34.04284325183272,0.0,36.0,71.5,20.25,21.42857142857143,29.83571428571429,60.0,10.0,0,0.0,20.0,20.0,0,20.0,0,8.0,41.2,0,0,16.48,24.519781546978386,LOW,34.04284325183272,LOW
SME_0471,Transport,65763.26,63346.74,3054.92,10885.06,11067.1,31965.59,6,0.137,5,0.58,0.217,1,2,1,1,2,1,5,1,0.463,1,1,0.16551886265978907,0.9632542547312892,0.048225370397908404,8.275943132989454,48.16271273656446,95.17746296020916,55.00258194494983,60.0,91.33333333333334,57.99999999999999,54.25,71.42857142857143,67.00238095238096,20.0,20.0,0,75.0,28.75,40.0,100,50.0,0,48.0,53.69999999999999,0,0,21.479999999999997,48.34936982158018,MODERATE,67.00238095238096,MODERATE
SME_0472,Hospitality,7890.67,21993.21,2999.53,70044.42,21617.75,14489.47,3,0.086,2,0.498,0.255,3,3,1,1,1,1,1,1,0.757,0,1,8.87686596955645,2.7872424014690766,0.1363843659020216,100.0,100.0,86.36156340979784,94.54462536391914,30.0,57.333333333333336,49.8,63.74999999999999,92.85714285714286,58.748095238095246,60.0,30.0,0,75.0,42.75,20.0,100,10.0,0,36.0,24.3,100,0,39.72,60.97241141869955,HIGH,94.54462536391914,CRITICAL REVIEW
SME_0473,Transport,28769.4,15105.32,21556.99,10647.09,6843.2,8383.37,4,0.111,11,0.855,0.209,1,1,1,1,0,0,1,1,0.507,0,0,0.3700838390790214,0.525048141428045,1.42711243455948,18.50419195395107,26.25240707140225,0.0,13.426979707605994,40.0,74.0,85.5,52.25,28.57142857142857,56.064285714285724,20.0,10.0,0,75.0,26.75,0.0,0,10.0,0,2.0,49.3,100,100,79.72,31.666165340853233,MODERATE,79.72,MODERATE
SME_0474,Retail,34663.45,48064.72,22597.05,25910.26,3613.39,18586.97,0,0.074,4,0.752,0.174,0,3,1,0,0,0,3,1,0.875,0,1,0.7474807037383757,1.3866109691908914,0.4701379723006812,37.37403518691879,69.33054845954457,52.98620276993188,53.20585620191176,0.0,49.333333333333336,75.2,43.49999999999999,78.57142857142857,49.320952380952384,0.0,30.0,0,100.0,31.0,0.0,0,30.0,0,6.0,12.5,100,0,35.0,38.891994955811626,MODERATE,53.20585620191176,MODERATE
SME_0475,Construction,21537.12,7687.92,2694.26,63680.58,14606.29,18919.3,7,0.004,11,0.79,0.077,1,5,0,1,2,0,3,1,0.31,1,0,2.956782522454256,0.35696137645144754,0.3504536987897897,100.0,17.848068822572376,64.95463012102103,61.33627269518013,70.0,2.666666666666667,79.0,19.249999999999996,28.57142857142857,39.89761904761905,20.0,50.0,100,75.0,59.75,40.0,0,30.0,0,14.0,69.0,0,100,57.6,48.1852865704588,MODERATE,61.33627269518013,MODERATE
SME_0476,Construction,18086.09,8949.92,2225.7,9149.8,24632.66,72003.29,4,0.01,11,0.791,0.195,1,4,0,0,1,0,0,1,0.582,1,0,0.5059026024972783,0.49485101533830694,0.24868378711765018,25.295130124863913,24.742550766915347,75.13162128823498,45.06395278282777,40.0,6.666666666666667,79.10000000000001,48.75,28.57142857142857,40.61761904761905,20.0,40.0,100,100.0,64.0,20.0,0,0.0,0,4.0,41.800000000000004,0,100,46.72,41.7455905967531,MODERATE,64.0,MODERATE
SME_0477,Transport,18699.75,6561.43,7176.76,35970.92,22288.15,13896.91,0,0.081,2,0.646,0.16,1,1,0,4,0,0,1,1,0.732,0,0,1.9236043262610463,0.3508833005788848,1.0937798620117871,96.18021631305231,17.54416502894424,0.0,34.117314402598964,0.0,54.0,64.60000000000001,40.0,92.85714285714286,50.291428571428575,20.0,10.0,100,0.0,33.0,0.0,0,10.0,0,2.0,26.8,100,100,70.72,36.78005146363684,MODERATE,70.72,MODERATE
SME_0478,Agriculture,28748.55,9010.05,3596.97,101106.14,13900.2,4611.95,2,0.108,5,0.489,0.318,0,2,1,4,2,1,2,0,0.316,0,0,3.516912679074249,0.3134088501854876,0.3992175404132053,100.0,15.670442509274379,60.078245958679474,58.73243113625411,20.0,72.0,48.9,79.5,71.42857142857143,58.36571428571428,0.0,20.0,0,0.0,4.0,40.0,100,20.0,100,72.0,68.39999999999999,100,100,87.36,52.5471579123048,HIGH,87.36,HIGH
SME_0479,Professional Services,5876.19,18901.93,3522.83,48189.03,10921.22,10813.33,8,0.032,10,0.835,0.305,0,1,1,3,1,0,2,0,0.451,1,0,8.20072700167966,3.2166982347405377,0.18637408984161935,100.0,100.0,81.36259101583806,92.54503640633523,80.0,21.333333333333336,83.5,76.25,35.71428571428571,59.35952380952381,0.0,10.0,0,25.0,8.25,20.0,0,20.0,100,38.0,54.89999999999999,0,100,51.959999999999994,55.14939187428152,HIGH,92.54503640633523,CRITICAL REVIEW
SME_0480,Professional Services,54102.9,26723.23,2288.88,14593.43,4452.54,20732.77,3,0.108,13,0.887,0.054,1,2,0,3,1,0,3,1,0.529,0,1,0.2697347092300043,0.49393341207218094,0.08565132283784559,13.486735461500215,24.696670603609046,91.43486771621544,48.02896890601896,30.0,72.0,88.7,13.499999999999998,14.28571428571429,43.697142857142865,20.0,20.0,100,25.0,41.25,20.0,0,30.0,0,10.0,47.099999999999994,100,0,48.84,39.9669763860914,MODERATE,48.84,MODERATE
SME_0481,Transport,17026.49,38842.27,5007.86,136991.07,21786.83,29400.15,2,0.122,12,0.12,0.035,1,1,0,2,0,0,0,0,0.315,0,1,8.04576104646348,2.2812846335328065,0.1289280981775782,100.0,100.0,87.10719018224218,94.84287607289687,20.0,81.33333333333333,12.0,8.75,21.42857142857143,28.70238095238095,20.0,10.0,100,50.0,45.5,0.0,0,0.0,100,30.0,68.5,100,0,57.400000000000006,54.968458059964306,HIGH,94.84287607289687,CRITICAL REVIEW
SME_0482,Manufacturing,27691.29,4181.18,2521.23,57950.54,20729.26,2804.93,3,0.062,2,0.144,0.363,0,1,1,4,0,0,1,1,0.683,0,1,2.09273529691105,0.15099260453377217,0.6029948483442473,100.0,7.549630226688608,39.70051516557527,48.14509513423669,30.0,41.333333333333336,14.399999999999999,90.75,92.85714285714286,53.868095238095236,0.0,10.0,0,0.0,2.0,0.0,0,10.0,0,2.0,31.699999999999996,100,0,42.68,32.878552349794816,MODERATE,53.868095238095236,MODERATE
SME_0483,Manufacturing,33533.93,15687.77,2675.24,4668.09,3590.65,15078.09,4,0.112,10,0.915,0.214,1,5,1,0,0,1,1,0,0.742,1,1,0.13920497836072301,0.46781781914616033,0.1705302920682799,6.960248918036151,23.390890957308017,82.94697079317201,42.28413027987205,40.0,74.66666666666667,91.5,53.49999999999999,35.71428571428571,59.076190476190476,20.0,50.0,0,100.0,41.0,0.0,100,10.0,100,62.0,25.8,0,0,10.32,45.98628670300923,MODERATE,62.0,MODERATE
SME_0484,Professional Services,16415.59,7417.49,10781.52,71196.31,13882.33,5351.5,1,0.061,14,0.336,0.343,2,1,1,2,0,0,1,1,0.459,1,1,4.337115510316717,0.4518564364728895,1.4535267320886176,100.0,22.592821823644474,0.0,36.77784654709334,10.0,40.666666666666664,33.6,85.75,7.14285714285714,35.43190476190476,40.0,10.0,0,50.0,26.5,0.0,0,10.0,0,2.0,54.099999999999994,0,0,21.64,27.655330154604194,LOW,36.77784654709334,LOW
SME_0485,Professional Services,22511.92,15273.85,7570.38,16942.46,17995.59,7206.17,5,0.102,9,0.842,0.023,1,3,0,4,0,0,2,1,0.68,0,0,0.7525995117253438,0.6784783350331736,0.49564320718090066,37.629975586267186,33.92391675165868,50.43567928190993,41.64043941414173,50.0,68.0,84.2,5.75,42.85714285714286,50.16142857142857,20.0,30.0,100,0.0,37.0,0.0,0,20.0,0,4.0,31.999999999999996,100,100,72.8,40.31248896709966,MODERATE,72.8,MODERATE
SME_0486,Construction,4907.1,116478.02,12991.82,36516.38,22120.12,25691.55,1,0.115,10,0.43,0.211,0,3,1,0,0,1,2,1,0.999,0,1,7.4415398096635474,23.736630596482648,0.11153881221538621,100.0,100.0,88.84611877846137,95.53844751138456,10.0,76.66666666666667,43.0,52.75,35.71428571428571,43.62619047619047,0.0,30.0,0,100.0,31.0,0.0,100,20.0,0,34.0,0.10000000000000009,100,0,30.04,53.872081872462985,HIGH,95.53844751138456,CRITICAL REVIEW
SME_0487,Agriculture,44906.15,22733.99,1537.89,82203.79,9347.36,23488.96,5,0.149,6,0.201,0.216,1,4,1,4,1,0,0,1,0.921,0,1,1.8305686414889717,0.5062556019609786,0.06764716620355687,91.52843207444859,25.312780098048933,93.2352833796443,72.34647700360699,50.0,99.33333333333333,20.1,53.99999999999999,64.28571428571428,57.54380952380952,20.0,40.0,0,0.0,14.0,20.0,0,0.0,0,4.0,7.899999999999996,100,0,33.16,42.80589548203448,MODERATE,72.34647700360699,MODERATE
SME_0488,Retail,59319.08,36963.97,8079.44,17315.34,4621.75,6518.01,2,0.052,8,0.168,0.344,0,7,0,4,0,0,3,1,0.341,0,1,0.2919016950364031,0.6231379515663426,0.21857608909432616,14.595084751820156,31.15689757831713,78.14239109056739,44.98255113526814,20.0,34.66666666666667,16.8,85.99999999999999,50.0,41.49333333333333,0.0,70.0,100,0.0,39.0,0.0,0,30.0,0,6.0,65.9,100,0,56.36,38.20409867391378,MODERATE,56.36,MODERATE
SME_0489,Manufacturing,6411.42,86394.57,63757.01,5786.95,6364.15,10410.85,1,0.062,9,0.233,0.039,2,2,1,0,0,0,2,1,0.39,0,1,0.9026003599826559,13.475106918592138,0.7379747361437182,45.1300179991328,100.0,26.20252638562818,54.020015953991106,10.0,41.333333333333336,23.3,9.749999999999998,42.85714285714286,25.44809523809524,40.0,20.0,0,100.0,41.0,0.0,0,20.0,0,4.0,61.0,100,0,54.400000000000006,36.80802859572114,MODERATE,54.400000000000006,MODERATE
SME_0490,Professional Services,18059.67,44356.46,5513.33,135198.3,4039.25,7407.06,0,0.025,13,0.312,0.096,3,4,1,4,0,0,1,1,0.646,0,0,7.486199913951916,2.4561057870935628,0.12429598755175683,100.0,100.0,87.57040124482431,95.02816049792972,0.0,16.666666666666668,31.2,24.0,14.28571428571429,17.230476190476192,60.0,40.0,0,0.0,26.0,0.0,0,10.0,0,2.0,35.4,100,100,74.16,45.73206719699796,MODERATE,95.02816049792972,CRITICAL REVIEW
SME_0491,Construction,9346.3,12579.14,18250.46,96137.63,9550.85,161974.57,2,0.031,8,0.515,0.163,1,2,1,4,1,0,2,1,0.472,1,0,10.286169928206885,1.3458951670714614,1.4508511710657486,100.0,67.29475835357307,0.0,50.18842750607192,20.0,20.666666666666668,51.5,40.75,50.0,36.583333333333336,20.0,20.0,0,0.0,10.0,20.0,0,20.0,0,8.0,52.800000000000004,0,100,51.120000000000005,32.51436158515491,MODERATE,51.120000000000005,MODERATE
SME_0492,Hospitality,21686.36,6486.39,18091.61,27493.27,8007.58,15416.36,1,0.104,5,0.696,0.346,4,2,1,4,2,0,1,1,0.357,0,0,1.2677678503907526,0.2990999872731062,2.7891646971582036,63.38839251953763,14.954999363655311,0.0,23.503017564957883,10.0,69.33333333333334,69.6,86.49999999999999,71.42857142857143,61.37238095238095,80.0,20.0,0,0.0,28.0,40.0,0,10.0,0,10.0,64.3,100,100,85.72,38.06600050758261,MODERATE,85.72,MODERATE
SME_0493,Construction,42004.84,17571.11,19003.82,70429.97,68931.82,5637.12,2,0.138,5,0.938,0.376,0,2,1,3,1,0,2,1,0.478,1,1,1.6767108266571187,0.41831155647777735,1.0815378197507157,83.83554133285594,20.915577823888867,0.0,31.42533574702344,20.0,92.00000000000001,93.8,94.0,71.42857142857143,74.2457142857143,0.0,20.0,0,25.0,10.25,20.0,0,20.0,0,8.0,52.2,0,0,20.880000000000003,33.32702929553561,MODERATE,74.2457142857143,MODERATE
SME_0494,Manufacturing,55076.49,11429.61,9450.84,20734.74,22371.65,39443.02,0,0.059,6,0.475,0.397,0,1,1,1,1,0,0,1,0.343,1,1,0.376471703262136,0.20752248373126175,0.8268733578836023,18.823585163106802,10.376124186563088,17.31266421163977,15.684978489556876,0.0,39.33333333333333,47.5,99.25,64.28571428571428,50.07380952380952,0.0,10.0,0,75.0,20.75,20.0,0,0.0,0,4.0,65.7,0,0,26.28,24.601945927819443,LOW,50.07380952380952,LOW
SME_0495,Manufacturing,61335.47,5316.18,14090.88,33054.83,23931.09,40716.03,3,0.027,14,0.54,0.384,1,1,1,4,1,1,1,1,0.671,0,1,0.5389186713658508,0.08667382837369633,2.650564879293026,26.945933568292542,4.3336914186848166,0.0,9.383887496093207,30.0,18.0,54.0,96.0,7.14285714285714,41.02857142857143,20.0,10.0,0,0.0,8.0,20.0,100,10.0,0,36.0,32.9,100,0,43.16,24.38830910597082,LOW,43.16,LOW
SME_0496,Construction,71329.56,21826.21,16094.14,25969.15,15283.94,60184.23,6,0.043,1,0.544,0.002,1,6,0,0,0,0,2,1,0.643,0,0,0.36407276310130054,0.30599109261293633,0.7373767594099021,18.20363815506503,15.299554630646817,26.26232405900979,20.555887459317468,60.0,28.666666666666668,54.400000000000006,0.5,100.0,48.71333333333334,20.0,60.0,100,100.0,68.0,0.0,0,20.0,0,4.0,35.699999999999996,100,100,74.28,39.97309957112857,MODERATE,74.28,MODERATE
SME_0497,Retail,20925.02,22266.44,15102.91,21590.5,7185.03,78578.72,2,0.068,13,0.559,0.019,3,2,0,4,3,1,0,1,0.304,1,1,1.0318030759349335,1.064106031917771,0.6782813058576046,51.59015379674668,53.20530159588856,32.17186941423954,44.30738438348639,20.0,45.333333333333336,55.900000000000006,4.749999999999999,14.28571428571429,28.053809523809527,60.0,20.0,100,0.0,47.0,60.0,100,0.0,0,42.0,69.6,0,0,27.84,38.78966769599829,MODERATE,47.0,MODERATE
SME_0498,Transport,9987.25,74118.5,2616.99,42969.9,7804.76,22688.32,0,0.044,11,0.54,0.059,0,1,1,3,0,0,2,1,0.638,1,1,4.302475656461989,7.421312173020601,0.035308188913699,100.0,100.0,96.4691811086301,98.58767244345205,0.0,29.333333333333332,54.0,14.75,28.57142857142857,25.330952380952382,0.0,10.0,0,25.0,8.25,0.0,0,20.0,0,4.0,36.199999999999996,0,0,14.479999999999999,39.607039828273706,MODERATE,98.58767244345205,CRITICAL REVIEW
SME_0499,Manufacturing,22810.1,13476.69,1450.72,8962.23,8474.85,8758.64,2,0.035,8,0.107,0.14,2,1,1,3,0,0,1,1,0.664,0,1,0.3929062125988049,0.5908211713232296,0.10764661055496565,19.645310629940248,29.54105856616148,89.23533894450344,50.4500463366319,20.0,23.333333333333336,10.7,35.0,50.0,27.80666666666667,40.0,10.0,0,25.0,20.25,0.0,0,10.0,0,2.0,33.599999999999994,100,0,43.44,30.78068056765624,MODERATE,50.4500463366319,MODERATE
SME_0500,Construction,41491.55,22521.47,1691.91,23327.12,11846.06,9999.66,1,0.11,2,0.101,0.332,0,6,0,4,4,0,3,0,0.724,0,1,0.5622137519567236,0.5427965453206737,0.075124314709475,28.110687597836183,27.139827266033684,92.4875685290525,53.570181870781965,10.0,73.33333333333334,10.100000000000001,83.0,92.85714285714286,53.858095238095245,0.0,60.0,100,0.0,37.0,80.0,0,30.0,100,52.0,27.6,100,0,41.04,48.839578370758396,MODERATE,53.858095238095245,MODERATE
SME_0501,Professional Services,9365.83,10569.62,6106.06,41086.39,14194.26,9226.12,6,0.001,6,0.183,0.357,0,4,1,2,3,0,1,0,0.979,1,1,4.386839180296888,1.1285299861304339,0.5776991036574636,100.0,56.42649930652169,42.230089634253645,63.819985645657965,60.0,0.6666666666666667,18.3,89.25,64.28571428571428,46.500476190476185,0.0,40.0,0,50.0,20.5,60.0,0,10.0,100,44.0,2.100000000000002,0,0,0.8400000000000007,41.555114741316444,MODERATE,63.819985645657965,MODERATE
SME_0502,Construction,94347.56,36194.5,14488.69,188537.72,10006.38,8343.87,4,0.081,14,0.186,0.075,3,2,1,1,2,0,2,1,0.988,0,0,1.9983317003640582,0.3836294229548703,0.40030087444224954,99.91658501820291,19.181471147743515,59.96991255577504,59.71738187209394,40.0,54.0,18.6,18.749999999999996,7.14285714285714,27.69857142857143,60.0,20.0,0,75.0,40.75,40.0,0,20.0,0,12.0,1.200000000000001,100,100,60.480000000000004,40.83785741877104,MODERATE,60.480000000000004,MODERATE
SME_0503,Agriculture,51274.15,16292.05,2651.25,9334.0,7698.66,36629.35,1,0.119,14,0.699,0.248,2,1,1,0,1,0,2,1,0.669,0,0,0.18204104797446666,0.31774393139622986,0.16273274388428713,9.102052398723332,15.887196569811493,83.72672561157128,40.98746493518897,10.0,79.33333333333333,69.89999999999999,62.0,7.14285714285714,45.67523809523809,40.0,10.0,0,100.0,39.0,20.0,0,20.0,0,8.0,33.099999999999994,100,100,73.24,40.03904900436621,MODERATE,73.24,MODERATE
SME_0504,Transport,21191.96,7044.86,20154.19,50488.74,5858.43,12007.79,2,0.04,9,0.274,0.367,3,2,1,0,4,1,0,1,0.892,1,1,2.3824478717400375,0.3324307897900902,2.8608361273325515,100.0,16.62153948950451,0.0,34.986461846851356,20.0,26.666666666666668,27.400000000000002,91.75,42.85714285714286,41.73476190476191,60.0,20.0,0,100.0,47.0,80.0,100,0.0,0,46.0,10.799999999999999,0,0,4.319999999999999,37.661629030245884,MODERATE,47.0,MODERATE
SME_0505,Hospitality,14156.56,17807.05,4841.22,56336.7,2855.37,28765.78,5,0.09,13,0.861,0.185,0,0,1,0,0,1,2,1,0.36,1,1,3.979547291149827,1.2578656114197235,0.27187097245192215,100.0,62.89328057098618,72.81290275480778,77.99314527321897,50.0,60.0,86.1,46.25,14.28571428571429,51.32714285714286,0.0,0.0,0,100.0,25.0,0.0,100,20.0,0,34.0,64.0,0,0,25.6,48.88972929625141,MODERATE,77.99314527321897,MODERATE
SME_0506,Retail,14637.39,24601.07,4887.53,4592.75,31741.54,22060.12,2,0.1,3,0.889,0.041,2,0,0,0,1,0,3,1,0.672,1,1,0.3137683699074767,1.6807005893810305,0.19867143990078479,15.688418495373835,84.03502946905152,80.13285600992153,61.97017679329622,20.0,66.66666666666667,88.9,10.25,85.71428571428572,54.30619047619048,40.0,0.0,100,100.0,62.0,20.0,0,30.0,0,10.0,32.8,0,0,13.12,47.379600657036484,MODERATE,62.0,MODERATE
SME_0507,Hospitality,26529.06,22078.19,3467.16,45228.59,72788.77,4464.32,3,0.098,2,0.93,0.183,1,5,1,3,1,0,2,1,0.775,0,0,1.70486967875982,0.832226622428386,0.1570400472140153,85.243483937991,41.6113311214193,84.29599527859847,71.77484262926248,30.0,65.33333333333334,93.0,45.74999999999999,92.85714285714286,65.38809523809525,20.0,50.0,0,25.0,22.25,20.0,0,20.0,0,8.0,22.499999999999996,100,100,69.0,50.429476598302564,HIGH,71.77484262926248,HIGH
SME_0508,Transport,20808.34,41557.96,1214.89,72347.61,29429.22,2558.57,2,0.067,10,0.898,0.15,2,0,0,1,2,0,2,1,0.695,0,0,3.4768563950800497,1.9971780545685047,0.029233629369680325,100.0,99.85890272842524,97.07663706303197,98.78832564374036,20.0,44.66666666666667,89.8,37.49999999999999,35.71428571428571,45.536190476190484,40.0,0.0,100,75.0,55.75,40.0,0,20.0,0,12.0,30.500000000000004,100,100,72.2,61.190545312169725,HIGH,98.78832564374036,CRITICAL REVIEW
SME_0509,Transport,53478.41,5651.53,10061.9,54046.79,3220.14,3942.87,1,0.052,5,0.331,0.231,1,0,1,4,1,0,5,0,0.462,1,0,1.0106282142644105,0.10567872156258945,1.7803851346449546,50.531410713220524,5.283936078129472,0.0,16.744604037404997,10.0,34.66666666666667,33.1,57.75,71.42857142857143,41.38904761904762,20.0,0.0,0,0.0,6.0,20.0,0,50.0,100,44.0,53.800000000000004,0,100,51.52,28.322643115983404,LOW,51.52,LOW
SME_0510,Transport,19001.07,9172.2,44349.85,27584.94,20305.67,8173.29,5,0.125,11,0.533,0.175,1,4,0,4,3,1,1,1,0.344,1,1,1.451757190516113,0.4827201836528154,4.835246723795818,72.58785952580565,24.13600918264077,0.0,29.017160612533928,50.0,83.33333333333334,53.300000000000004,43.74999999999999,28.57142857142857,51.79095238095238,20.0,40.0,100,0.0,39.0,60.0,100,10.0,0,44.0,65.60000000000001,0,0,26.240000000000006,38.676886278998275,MODERATE,51.79095238095238,MODERATE
SME_0511,Hospitality,37460.13,30030.14,7514.07,41864.47,25128.03,13542.08,3,0.114,9,0.249,0.007,2,1,1,2,1,0,3,1,0.571,0,0,1.1175740714193998,0.8016560540499993,0.25021761470309495,55.87870357096999,40.08280270249996,74.9782385296905,58.77974729391718,30.0,76.0,24.9,1.7499999999999998,42.85714285714286,35.10142857142858,40.0,10.0,0,50.0,26.5,20.0,0,30.0,0,10.0,42.900000000000006,100,100,77.16,40.9252813310323,MODERATE,77.16,MODERATE
SME_0512,Professional Services,24428.14,10076.0,1257.1,35553.62,6955.21,6695.5,3,0.048,6,0.785,0.398,0,2,1,4,1,0,2,1,0.753,1,0,1.4554370492391153,0.4124751209056441,0.12476181024215958,72.77185246195576,20.623756045282203,87.52381897578404,63.02821014248501,30.0,32.0,78.5,99.5,64.28571428571428,60.857142857142854,0.0,20.0,0,0.0,4.0,20.0,0,20.0,0,8.0,24.7,0,100,39.88,40.11074875703122,MODERATE,63.02821014248501,MODERATE
SME_0513,Transport,31019.35,21818.29,17457.76,5538.59,15527.61,22593.57,2,0.015,14,0.855,0.217,1,3,1,1,0,0,2,0,0.994,0,0,0.17855274207873473,0.7033767632139294,0.8001433659558104,8.927637103936735,35.16883816069647,19.985663404418965,21.223207941157547,20.0,10.0,85.5,54.25,7.14285714285714,35.37857142857143,20.0,30.0,0,75.0,30.75,0.0,0,20.0,100,34.0,0.6000000000000005,100,100,60.24,32.48560523949013,MODERATE,60.24,MODERATE
SME_0514,Construction,20797.46,2597.57,1575.61,36398.14,6632.04,7463.24,5,0.011,8,0.824,0.189,2,3,1,4,2,0,4,1,0.466,0,1,1.7501242940243664,0.12489842509614156,0.6065707565147426,87.50621470121833,6.244921254807078,39.34292434852574,43.86251052621792,50.0,7.333333333333333,82.39999999999999,47.25,50.0,47.39666666666667,40.0,30.0,0,0.0,18.0,40.0,0,40.0,0,16.0,53.400000000000006,100,0,51.36,36.14391982453204,MODERATE,51.36,MODERATE
SME_0515,Hospitality,44037.8,158084.39,2387.88,20782.83,39591.77,15122.27,2,0.014,8,0.468,0.382,1,2,0,3,0,0,4,0,0.942,0,0,0.47193161329585037,3.5897431297657922,0.015105096714482688,23.59658066479252,100.0,98.48949032855174,76.47477033085845,20.0,9.333333333333334,46.800000000000004,95.5,50.0,44.32666666666667,20.0,20.0,100,25.0,41.25,0.0,0,40.0,100,38.0,5.800000000000005,100,100,62.32,54.2060977659242,HIGH,76.47477033085845,HIGH
SME_0516,Transport,44563.18,14506.5,6303.49,14825.89,13893.47,13339.51,2,0.087,7,0.745,0.062,2,5,1,4,1,0,2,0,0.348,1,0,0.3326937171000813,0.32552658943998164,0.43452865956640124,16.634685855004065,16.27632947199908,56.54713404335987,32.49215821544489,20.0,57.99999999999999,74.5,15.5,57.14285714285714,45.02857142857143,40.0,50.0,0,0.0,22.0,20.0,0,20.0,100,38.0,65.2,0,100,56.08,36.712790321776325,MODERATE,56.08,MODERATE
SME_0517,Construction,36119.0,46783.79,9045.66,360022.79,4380.42,57162.41,2,0.008,5,0.183,0.076,3,3,1,0,2,0,3,1,0.952,1,1,9.967684321271353,1.2952681414214127,0.19335030359874647,100.0,64.76340707107063,80.66496964012535,81.69500997737133,20.0,5.333333333333334,18.3,18.999999999999996,71.42857142857143,26.812380952380952,60.0,30.0,0,100.0,49.0,40.0,0,30.0,0,14.0,4.800000000000004,0,0,1.9200000000000017,43.30359823130664,MODERATE,81.69500997737133,MODERATE
SME_0518,Professional Services,40645.47,13747.45,2917.65,104984.54,18272.78,4988.77,0,0.051,2,0.134,0.323,1,0,1,0,3,0,3,1,0.883,1,1,2.5829333502601886,0.33822834377361116,0.21223208667789298,100.0,16.91141718868056,78.7767913322107,66.58414168948845,0.0,34.0,13.4,80.75,92.85714285714286,44.20142857142858,20.0,0.0,0,100.0,31.0,60.0,0,30.0,0,18.0,11.7,0,0,4.68,40.39359964970369,MODERATE,66.58414168948845,MODERATE
SME_0519,Agriculture,11744.45,25081.5,6062.52,9497.47,25932.26,87573.97,3,0.113,14,0.74,0.104,2,5,0,0,1,0,3,1,0.315,0,0,0.8086772901242714,2.1356044770082887,0.24171281621912566,40.43386450621357,100.0,75.82871837808743,72.46164670309903,30.0,75.33333333333334,74.0,25.999999999999996,7.14285714285714,42.49523809523811,40.0,50.0,100,100.0,72.0,20.0,0,30.0,0,10.0,68.5,100,100,87.4,57.00230353473924,HIGH,87.4,HIGH
SME_0520,Professional Services,32377.78,59377.03,16356.15,42429.06,11952.06,7028.63,5,0.044,10,0.462,0.32,1,2,1,0,1,0,2,0,0.509,1,0,1.3104375902239127,1.833882063563345,0.275462582079299,65.52187951119564,91.69410317816725,72.45374179207009,76.1462915236369,50.0,29.333333333333332,46.2,80.0,35.71428571428571,48.24952380952381,20.0,20.0,0,100.0,35.0,20.0,0,20.0,100,38.0,49.1,0,100,49.64,52.57026840947202,HIGH,76.1462915236369,HIGH
SME_0521,Transport,67913.66,45741.98,18758.0,128923.95,15395.61,3592.53,2,0.114,10,0.946,0.109,0,3,0,3,0,1,0,0,0.336,0,0,1.8983507883391941,0.6735313632043981,0.41008281670360575,94.91753941695971,33.67656816021991,58.99171832963943,62.17491960500966,20.0,76.0,94.6,27.249999999999996,35.71428571428571,50.712857142857146,0.0,30.0,100,25.0,37.25,0.0,100,0.0,100,60.0,66.39999999999999,100,100,86.56,56.436690167217186,HIGH,86.56,HIGH
SME_0522,Hospitality,37040.04,15284.02,27963.44,6719.4,9391.52,9871.81,2,0.112,5,0.183,0.013,1,1,0,3,2,1,1,1,0.997,0,1,0.18140909135087327,0.41263508354742595,1.829586718677416,9.070454567543663,20.6317541773713,0.0,8.910662623474488,20.0,74.66666666666667,18.3,3.2499999999999996,71.42857142857143,37.529047619047624,20.0,10.0,100,25.0,39.25,40.0,100,10.0,0,40.0,0.30000000000000027,100,0,30.12,28.917460691804255,LOW,40.0,LOW
SME_0523,Manufacturing,10960.54,16154.01,53993.31,32400.72,3602.88,221635.0,4,0.037,12,0.827,0.207,1,2,0,3,1,1,1,1,0.599,1,0,2.9561244245265286,1.4738334060183165,3.3424090984220016,100.0,73.69167030091582,0.0,52.107501090274745,40.0,24.666666666666668,82.69999999999999,51.74999999999999,21.42857142857143,44.109047619047615,20.0,20.0,100,25.0,41.25,20.0,100,10.0,0,36.0,40.1,0,100,46.040000000000006,44.91351223184432,MODERATE,52.107501090274745,MODERATE
SME_0524,Transport,24024.22,40174.2,17981.27,33962.95,8723.54,26858.74,5,0.109,7,0.508,0.079,3,0,1,4,1,1,0,1,0.764,0,1,1.4136962615227464,1.6722374337231343,0.44758252809016735,70.68481307613732,83.61187168615672,55.24174719098327,68.38570430508152,50.0,72.66666666666667,50.8,19.749999999999996,57.14285714285714,50.07190476190476,60.0,0.0,0,0.0,18.0,20.0,100,0.0,0,34.0,23.599999999999998,100,0,39.44,45.67768748200065,MODERATE,68.38570430508152,MODERATE
SME_0525,Manufacturing,33745.87,116392.4,6441.14,8387.18,16011.72,20647.09,4,0.112,12,0.803,0.303,0,2,1,0,0,0,6,1,0.464,0,0,0.24853945090169552,3.449085769606769,0.05533986755148962,12.426972545084777,100.0,94.46601324485104,71.51449706146585,40.0,74.66666666666667,80.30000000000001,75.75,21.42857142857143,58.42904761904762,0.0,20.0,0,100.0,29.0,0.0,0,60.0,0,12.0,53.6,100,100,81.44,51.80561102320166,HIGH,81.44,HIGH
SME_0526,Construction,13639.31,20993.19,18892.32,43848.81,8911.66,24546.64,2,0.06,12,0.795,0.256,2,1,1,2,2,0,2,0,0.954,0,1,3.214884770563907,1.5391680370927854,0.8999261188985571,100.0,76.95840185463926,10.007388110144289,57.0904758004495,20.0,40.0,79.5,64.0,21.42857142857143,44.98571428571429,40.0,10.0,0,50.0,26.5,40.0,0,20.0,100,42.0,4.600000000000004,100,0,31.840000000000003,43.157571311563416,MODERATE,57.0904758004495,MODERATE
SME_0527,Agriculture,8433.9,86144.2,12757.99,91601.15,20558.49,6003.08,2,0.032,7,0.879,0.369,0,2,0,2,3,0,6,1,0.492,0,1,10.861066647695608,10.214040953769905,0.14810039445487916,100.0,100.0,85.18996055451208,94.07598422180484,20.0,21.333333333333336,87.9,92.25,57.14285714285714,55.7252380952381,0.0,20.0,100,50.0,41.5,60.0,0,60.0,0,24.0,50.8,100,0,50.32,59.08610479035099,HIGH,94.07598422180484,CRITICAL REVIEW
SME_0528,Retail,19414.06,14838.72,13274.02,135537.04,7026.03,16092.39,2,0.078,11,0.353,0.313,0,3,0,0,0,1,0,0,0.482,0,1,6.9813856555506675,0.7643285330322456,0.8945528994414613,100.0,38.21642665161228,10.544710055853868,45.68281201782523,20.0,52.0,35.3,78.25,28.57142857142857,42.824285714285715,0.0,30.0,100,100.0,56.0,0.0,100,0.0,100,60.0,51.800000000000004,100,0,50.72,49.682915033919,MODERATE,60.0,MODERATE
SME_0529,Professional Services,13821.29,38549.38,9551.14,23378.89,7453.27,12027.06,2,0.138,13,0.907,0.072,0,2,1,1,0,0,0,1,0.52,0,0,1.691512876149766,2.789130392315044,0.24776377726438142,84.5756438074883,100.0,75.22362227356186,85.46214205167124,20.0,92.00000000000001,90.7,17.999999999999996,14.28571428571429,46.99714285714287,0.0,20.0,0,75.0,22.75,0.0,0,0.0,0,0.0,48.0,100,100,79.2,49.857928329787086,MODERATE,85.46214205167124,MODERATE
SME_0530,Agriculture,24715.85,43436.34,3213.59,366076.53,21127.87,61133.91,2,0.096,2,0.229,0.32,0,2,0,4,3,0,0,1,0.624,0,1,14.811407659457394,1.7574285327026988,0.07398390380036625,100.0,87.87142663513494,92.60160961996337,93.40207183852583,20.0,64.0,22.900000000000002,80.0,92.85714285714286,55.95142857142858,0.0,20.0,100,0.0,29.0,60.0,0,0.0,0,12.0,37.6,100,0,45.04,54.11247869441488,HIGH,93.40207183852583,CRITICAL REVIEW
SME_0531,Transport,6998.89,12966.94,2861.5,3831.4,12209.96,10881.76,3,0.026,7,0.17,0.257,2,1,1,2,3,1,1,1,0.313,0,0,0.5474296638466957,1.8527137874720134,0.2206765821388855,27.371483192334782,92.63568937360067,77.93234178611145,67.17508848422521,30.0,17.333333333333336,17.0,64.25,57.14285714285714,37.1452380952381,40.0,10.0,0,50.0,26.5,60.0,100,10.0,0,44.0,68.7,100,100,87.48,50.086836069077094,HIGH,87.48,HIGH
SME_0532,Manufacturing,39276.9,9901.73,7259.59,42837.51,6903.55,8537.41,5,0.102,6,0.467,0.268,4,2,1,3,0,0,0,1,0.718,1,1,1.0906540485628957,0.2521005985706611,0.7331638006691761,54.53270242814479,12.605029928533055,26.68361993308239,30.814767680236308,50.0,68.0,46.7,67.0,64.28571428571428,59.19714285714286,80.0,20.0,0,25.0,34.25,0.0,0,0.0,0,0.0,28.200000000000003,0,0,11.280000000000001,32.02171601835661,MODERATE,59.19714285714286,MODERATE
SME_0533,Professional Services,15047.2,45000.93,9284.55,7307.51,25355.86,4206.32,3,0.064,7,0.804,0.333,2,2,1,1,0,0,1,1,0.322,0,1,0.4856391886862672,2.9906514168749,0.20631906940589892,24.28195943431336,100.0,79.3680930594101,69.03182505405805,30.0,42.66666666666667,80.4,83.25,57.14285714285714,58.691904761904766,40.0,20.0,0,75.0,34.75,0.0,0,10.0,0,2.0,67.8,100,0,57.120000000000005,48.34452370669361,MODERATE,69.03182505405805,MODERATE
SME_0534,Manufacturing,55449.77,11764.97,4055.2,32831.22,5380.19,13611.56,3,0.089,11,0.502,0.23,3,4,0,3,1,0,1,1,0.677,1,1,0.5920893810740785,0.21217346798733341,0.34468426183832174,29.604469053703923,10.60867339936667,65.53157381616784,38.276572262388314,30.0,59.333333333333336,50.2,57.49999999999999,28.57142857142857,45.12095238095238,60.0,40.0,100,25.0,57.25,20.0,0,10.0,0,6.0,32.3,0,0,12.92,36.40520977395459,MODERATE,57.25,MODERATE
SME_0535,Hospitality,20032.52,8801.23,12216.45,17801.64,5198.3,15620.17,5,0.11,8,0.805,0.186,1,1,0,1,0,0,1,1,0.621,1,1,0.8886370761142381,0.43934712158031036,1.3880389445566133,44.43185380571191,21.967356079015516,0.0,19.91976296541823,50.0,73.33333333333334,80.5,46.5,50.0,60.06666666666668,20.0,10.0,100,75.0,51.75,0.0,0,10.0,0,2.0,37.9,0,0,15.16,33.15859555629214,MODERATE,60.06666666666668,MODERATE
SME_0536,Manufacturing,24497.34,10414.55,64084.82,49802.98,783.55,4069.33,4,0.077,4,0.72,0.255,0,3,0,1,0,0,3,1,0.47,1,1,2.0329954190944814,0.425129830422405,6.153393089475782,100.0,21.25649152112025,0.0,36.376947456336076,40.0,51.33333333333333,72.0,63.74999999999999,78.57142857142857,61.13095238095238,0.0,30.0,100,75.0,49.75,0.0,0,30.0,0,6.0,53.0,0,0,21.200000000000003,39.165822332138916,MODERATE,61.13095238095238,MODERATE
SME_0537,Hospitality,21768.15,11726.85,1398.1,26425.16,6073.98,18042.93,1,0.122,1,0.278,0.119,0,1,0,4,0,0,3,1,0.531,1,0,1.2139368756646751,0.5387159680542444,0.11922212699915151,60.69684378323375,26.93579840271222,88.07778730008485,61.52090757581773,10.0,81.33333333333333,27.800000000000004,29.75,100.0,49.77666666666667,0.0,10.0,100,0.0,27.0,0.0,0,30.0,0,6.0,46.9,0,100,48.760000000000005,42.076438939411986,MODERATE,61.52090757581773,MODERATE
SME_0538,Construction,14416.14,35718.38,14320.41,13134.12,32473.69,14802.09,2,0.108,8,0.907,0.073,2,2,1,3,0,0,1,0,0.794,0,1,0.9110705084717546,2.477666004908387,0.4009255178986281,45.55352542358773,100.0,59.90744821013718,67.6290369111312,20.0,72.0,90.7,18.249999999999996,50.0,50.19,40.0,20.0,0,25.0,22.25,0.0,0,10.0,100,32.0,20.599999999999994,100,0,38.239999999999995,45.910211073339354,MODERATE,67.6290369111312,MODERATE
SME_0539,Professional Services,180674.92,27177.95,7489.24,14025.91,1548.86,29874.58,1,0.092,8,0.152,0.247,1,2,0,3,0,0,3,1,0.307,0,1,0.07763064181791252,0.15042458576984563,0.27556309434670384,3.8815320908956257,7.521229288492282,72.44369056532962,32.39830463994822,10.0,61.33333333333334,15.2,61.74999999999999,50.0,39.656666666666666,20.0,20.0,100,25.0,41.25,0.0,0,30.0,0,6.0,69.30000000000001,100,0,57.720000000000006,34.55565805865113,MODERATE,57.720000000000006,MODERATE
SME_0540,Professional Services,16813.51,31909.33,12554.73,207194.27,4245.49,35731.69,5,0.023,3,0.864,0.094,0,0,1,2,1,0,3,1,0.522,1,1,12.323082449768075,1.8978387023292582,0.39345012884946184,100.0,94.89193511646292,60.654987115053814,82.7295753809604,50.0,15.333333333333336,86.4,23.5,85.71428571428572,52.18952380952381,0.0,0.0,0,50.0,12.5,20.0,0,30.0,0,10.0,47.8,0,0,19.12,43.77825356666907,MODERATE,82.7295753809604,MODERATE
SME_0541,Retail,56695.4,25215.92,5200.35,46745.65,14846.24,13062.66,0,0.125,3,0.359,0.032,1,1,0,0,1,0,1,1,0.776,1,1,0.8245051626763371,0.4447613033861653,0.20623280847972236,41.22525813381686,22.238065169308268,79.37671915202776,50.789684651748644,0.0,83.33333333333334,35.9,8.0,85.71428571428572,42.58952380952381,20.0,10.0,100,100.0,58.0,20.0,0,10.0,0,6.0,22.4,0,0,8.959999999999999,39.280286347905545,MODERATE,58.0,MODERATE
SME_0542,Transport,10422.56,11193.12,6912.85,5468.85,1326.05,4721.74,5,0.14,5,0.525,0.0,1,3,0,0,2,1,2,1,0.407,0,1,0.5247127385210544,1.073931932269999,0.6175981317094786,26.23563692605272,53.69659661349995,38.240186829052135,39.27574479348665,50.0,93.33333333333334,52.5,0.0,71.42857142857143,53.452380952380956,20.0,30.0,100,100.0,62.0,40.0,100,20.0,0,42.0,59.3,100,0,53.72,49.21781867614123,MODERATE,62.0,MODERATE
SME_0543,Hospitality,33669.11,31439.15,9106.08,52038.57,6315.18,5682.25,4,0.021,14,0.459,0.243,0,3,1,2,1,0,5,1,0.692,0,0,1.5455879291136594,0.9337683710677235,0.28964141842257185,77.27939645568297,46.68841855338617,71.03585815774281,65.60468776581786,40.0,14.000000000000002,45.9,60.74999999999999,7.14285714285714,33.558571428571426,0.0,30.0,0,50.0,18.5,20.0,0,50.0,0,14.0,30.800000000000004,100,100,72.32,41.103049186888214,MODERATE,72.32,MODERATE
SME_0544,Retail,36670.53,46355.26,5916.87,24693.02,27920.52,58605.09,3,0.073,3,0.246,0.145,1,2,1,1,0,1,1,0,0.418,1,1,0.6733750507560158,1.2641011733400092,0.1276418253289918,33.66875253780079,63.20505866700046,87.23581746710082,63.9564703482807,30.0,48.666666666666664,24.6,36.24999999999999,85.71428571428572,45.04619047619048,20.0,20.0,0,75.0,28.75,0.0,100,10.0,100,62.0,58.20000000000001,0,0,23.280000000000005,47.82648872353183,MODERATE,63.9564703482807,MODERATE
SME_0545,Manufacturing,24521.11,28730.93,1748.75,30138.35,62885.04,13927.25,3,0.039,14,0.404,0.301,0,1,1,2,4,0,1,1,0.408,1,0,1.2290777211961448,1.1716814614020328,0.0608664599440394,61.45388605980724,58.58407307010164,93.91335400559606,73.57672934121109,30.0,26.0,40.400000000000006,75.25,7.14285714285714,35.75857142857143,0.0,10.0,0,50.0,14.5,80.0,0,10.0,0,18.0,59.20000000000001,0,100,53.68000000000001,41.98066165950619,MODERATE,73.57672934121109,MODERATE
SME_0546,Manufacturing,15832.61,25792.83,6331.43,68107.38,12985.16,57768.58,3,0.113,5,0.264,0.15,2,1,0,2,1,0,6,1,0.841,1,0,4.301715257307545,1.6290952660363642,0.24547248208126057,100.0,81.45476330181822,75.45275179187394,84.61752970729503,30.0,75.33333333333334,26.400000000000002,37.49999999999999,71.42857142857143,48.132380952380956,40.0,10.0,100,50.0,51.5,20.0,0,60.0,0,16.0,15.900000000000002,0,100,36.36,53.754354150283746,HIGH,84.61752970729503,HIGH
SME_0547,Retail,20251.29,9744.74,1940.62,97946.81,4343.87,18796.13,1,0.108,8,0.273,0.194,0,0,1,3,1,0,4,0,0.487,0,1,4.836571398661517,0.4811910747414115,0.19914538510006424,100.0,24.059553737070573,80.08546148999358,69.2520507171186,10.0,72.0,27.3,48.5,50.0,41.56,0.0,0.0,0,25.0,6.25,20.0,0,40.0,100,42.0,51.300000000000004,100,0,50.52,43.76761521513558,MODERATE,69.2520507171186,MODERATE
SME_0548,Professional Services,18106.02,21323.83,15373.34,12709.94,4214.24,23647.77,1,0.021,1,0.259,0.163,2,1,1,2,1,0,1,1,0.563,0,1,0.7019731558895881,1.1777204487789146,0.720946471623531,35.09865779447941,58.88602243894573,27.9053528376469,39.3575452050863,10.0,14.000000000000002,25.900000000000002,40.75,100.0,38.13,40.0,10.0,0,50.0,26.5,20.0,0,10.0,0,6.0,43.7,100,0,47.480000000000004,32.28776356152589,MODERATE,47.480000000000004,MODERATE
SME_0549,Manufacturing,170800.61,9338.81,1238.49,29120.89,11393.04,27931.58,2,0.132,2,0.516,0.26,5,2,0,1,3,0,4,0,0.811,0,1,0.17049640513578962,0.05467667826244883,0.1326175390654698,8.52482025678948,2.733833913122442,86.73824609345301,38.07289468835478,20.0,88.00000000000001,51.6,65.0,92.85714285714286,63.49142857142857,100.0,20.0,100,75.0,77.75,60.0,0,40.0,100,50.0,18.899999999999995,100,0,37.56,54.100725549363574,HIGH,77.75,HIGH
SME_0550,Construction,24552.0,17657.3,22378.39,17375.94,12877.12,3991.16,3,0.027,2,0.778,0.142,2,0,1,0,0,0,1,0,0.426,0,1,0.7077199413489735,0.7191797002280873,1.267373267713637,35.38599706744868,35.958985011404366,0.0,21.403494623655913,30.0,18.0,77.8,35.49999999999999,92.85714285714286,50.831428571428575,40.0,0.0,0,100.0,37.0,0.0,0,10.0,100,32.0,57.400000000000006,100,0,52.96000000000001,36.62490552995392,MODERATE,52.96000000000001,MODERATE
SME_0551,Construction,38045.65,4846.02,12292.69,54492.31,53235.26,15818.22,3,0.12,12,0.584,0.386,0,3,1,4,0,0,2,1,0.672,1,0,1.4322875282719574,0.12737382591702337,2.5366568854441374,71.61437641359787,6.3686912958511686,0.0,23.39492031283471,30.0,80.0,58.4,96.5,21.42857142857143,57.26571428571429,0.0,30.0,0,0.0,6.0,0.0,0,20.0,0,4.0,32.8,0,100,43.12,27.446904665278986,LOW,57.26571428571429,LOW
SME_0552,Retail,103977.64,4876.0,12339.8,23781.14,23958.17,3941.68,3,0.069,4,0.859,0.374,1,2,1,2,0,1,4,1,0.942,0,0,0.2287139811982653,0.04689469774463048,2.5307219031993435,11.435699059913265,2.344734887231524,0.0,4.134130184143437,30.0,46.00000000000001,85.9,93.5,78.57142857142857,66.7942857142857,20.0,20.0,0,50.0,22.5,0.0,100,40.0,0,38.0,5.800000000000005,100,100,62.32,34.37081048381446,MODERATE,66.7942857142857,MODERATE
SME_0553,Hospitality,12401.54,15448.84,918.63,30890.51,10786.34,9285.79,4,0.049,9,0.641,0.339,0,4,1,2,1,0,4,1,0.688,0,0,2.4908608124474862,1.2457194832254703,0.05946271694185453,100.0,62.285974161273515,94.05372830581454,86.30728357070788,40.0,32.66666666666667,64.1,84.75,42.85714285714286,52.87476190476191,0.0,40.0,0,50.0,20.5,20.0,0,40.0,0,12.0,31.200000000000006,100,100,72.48,52.25887554740284,HIGH,86.30728357070788,HIGH
SME_0554,Hospitality,25764.67,11607.14,5759.45,22895.05,7395.7,21350.16,5,0.024,2,0.686,0.368,4,1,0,3,1,1,0,1,0.334,0,0,0.8886218996789014,0.45050606120707154,0.4961988913720348,44.431094983945066,22.525303060353576,50.38011086279652,40.238963758408204,50.0,16.0,68.60000000000001,92.0,92.85714285714286,63.89142857142858,80.0,10.0,100,25.0,57.25,20.0,100,0.0,0,34.0,66.6,100,100,86.64,53.25854627037961,HIGH,86.64,HIGH
SME_0555,Retail,20156.5,19605.33,25355.74,26979.51,150780.57,4768.85,2,0.025,12,0.667,0.18,0,4,1,3,1,0,4,1,0.713,1,1,1.3385017240096246,0.9726554709398955,1.2933085033508744,66.92508620048123,48.63277354699477,0.0,34.6673579242428,20.0,16.666666666666668,66.7,44.99999999999999,21.42857142857143,33.95904761904762,0.0,40.0,0,25.0,14.25,20.0,0,40.0,0,12.0,28.700000000000003,0,0,11.480000000000002,24.687969282034746,LOW,34.6673579242428,LOW
SME_0556,Hospitality,23335.25,16160.29,4762.79,164983.98,17575.76,19852.11,2,0.099,14,0.482,0.215,1,2,1,2,1,0,7,1,0.363,0,0,7.070161236755553,0.6925269709988109,0.29472181501693345,100.0,34.626348549940545,70.52781849830664,68.59903196430483,20.0,66.0,48.199999999999996,53.75,7.14285714285714,39.018571428571434,20.0,20.0,0,50.0,22.5,20.0,0,70.0,0,18.0,63.7,100,100,85.48,46.082352446434314,MODERATE,85.48,MODERATE
SME_0557,Professional Services,21664.31,18440.04,2722.03,327655.76,5477.83,3115.45,3,0.083,11,0.686,0.297,1,1,1,2,1,0,0,0,0.497,1,0,15.12421858808335,0.8511713504838142,0.14761518955490335,100.0,42.55856752419071,85.23848104450965,76.86296267506108,30.0,55.333333333333336,68.60000000000001,74.25,28.57142857142857,51.350952380952386,20.0,10.0,0,50.0,20.5,20.0,0,0.0,100,34.0,50.3,0,100,50.120000000000005,50.10862689775642,HIGH,76.86296267506108,HIGH
SME_0558,Professional Services,13920.66,29290.34,4232.41,43741.16,8169.64,33578.79,2,0.018,13,0.159,0.278,0,5,1,1,2,1,1,1,0.895,1,0,3.1421757301737134,2.104091329003079,0.14449849335992684,100.0,100.0,85.55015066400732,94.22006026560294,20.0,12.0,15.9,69.5,14.28571428571429,26.337142857142858,0.0,50.0,0,75.0,28.75,40.0,100,10.0,0,40.0,10.499999999999998,0,100,34.2,50.0203037939666,HIGH,94.22006026560294,CRITICAL REVIEW
SME_0559,Hospitality,29230.25,12425.57,7472.01,27145.94,4539.77,6598.97,4,0.017,12,0.831,0.356,1,5,0,0,0,0,0,1,0.308,0,0,0.9286933912641869,0.4250928404649293,0.6013414273952825,46.43466956320935,21.254642023246465,39.86585726047175,36.25313638012544,40.0,11.333333333333334,83.1,88.99999999999999,21.42857142857143,48.97238095238095,20.0,50.0,100,100.0,66.0,0.0,0,0.0,0,0.0,69.19999999999999,100,100,87.67999999999999,45.087036152132875,MODERATE,87.67999999999999,MODERATE
SME_0560,Construction,10684.24,15101.84,3414.64,6083.38,1148.54,4761.21,5,0.011,9,0.761,0.287,2,2,0,0,0,0,5,1,0.354,0,0,0.5693788233884676,1.4134688101353021,0.22610754715981626,28.468941169423378,70.6734405067651,77.38924528401837,60.6984126164639,50.0,7.333333333333333,76.1,71.74999999999999,42.85714285714286,49.60809523809523,40.0,20.0,100,100.0,66.0,0.0,0,50.0,0,10.0,64.60000000000001,100,100,85.84,53.89554759446298,HIGH,85.84,HIGH
SME_0561,Hospitality,55145.88,57649.91,27474.51,14024.13,13249.65,3297.24,4,0.112,7,0.308,0.399,0,2,1,4,0,0,1,1,0.554,1,1,0.2543096601232948,1.0454073812948494,0.4765750718431303,12.71548300616474,52.270369064742475,52.34249281568697,40.43275274754696,40.0,74.66666666666667,30.8,99.75,57.14285714285714,60.47190476190477,0.0,20.0,0,0.0,4.0,0.0,0,10.0,0,2.0,44.599999999999994,0,0,17.84,30.13180201474028,MODERATE,60.47190476190477,MODERATE
SME_0562,Professional Services,41162.34,18044.47,7499.03,26428.99,49739.23,7124.13,4,0.107,10,0.753,0.139,3,3,1,0,1,0,1,1,1.0,1,1,0.6420672391316918,0.43837328004190246,0.41558604935473303,32.10336195658459,21.918664002095124,58.4413950645267,39.583165813414595,40.0,71.33333333333334,75.3,34.75,35.71428571428571,51.41952380952381,60.0,30.0,0,100.0,49.0,20.0,0,10.0,0,6.0,0.0,0,0,0.0,35.429830696405325,MODERATE,51.41952380952381,MODERATE
SME_0563,Agriculture,16845.87,15595.83,4589.96,14674.84,2305.01,2155.57,5,0.009,8,0.111,0.333,2,3,1,4,0,0,1,0,0.504,0,0,0.8711239015853738,0.9257954620331275,0.2943068756199574,43.55619507926869,46.28977310165637,70.56931243800426,55.18151542947922,50.0,6.0,11.1,83.25,50.0,40.07,40.0,30.0,0,0.0,18.0,0.0,0,10.0,100,32.0,49.6,100,100,79.84,42.95595462884376,MODERATE,79.84,MODERATE
SME_0564,Transport,17512.05,19228.28,2177.33,16302.14,10509.94,7325.4,2,0.084,1,0.285,0.279,0,2,1,3,2,0,6,1,0.41,0,1,0.9309098592112288,1.0980028037836804,0.11323581724418409,46.54549296056144,54.90014018918402,88.6764182755816,65.90425725515627,20.0,56.00000000000001,28.499999999999996,69.75,100.0,54.85,0.0,20.0,0,25.0,10.25,40.0,0,60.0,0,20.0,59.00000000000001,100,0,53.60000000000001,43.89377717654688,MODERATE,65.90425725515627,MODERATE
SME_0565,Manufacturing,31164.64,15820.08,12986.21,144978.7,5292.92,32279.91,5,0.013,13,0.155,0.277,1,3,1,4,2,1,3,0,0.685,1,0,4.652025500695661,0.5076291592009405,0.8208687945952232,100.0,25.381457960047026,17.913120540477678,44.779685604205184,50.0,8.666666666666668,15.5,69.25,14.28571428571429,31.540476190476195,20.0,30.0,0,0.0,12.0,40.0,100,30.0,100,74.0,31.499999999999993,0,100,42.599999999999994,39.079024728880604,MODERATE,74.0,MODERATE
SME_0566,Agriculture,13197.66,10203.33,12693.73,30876.28,15989.58,10125.59,1,0.136,5,0.763,0.13,0,2,0,4,2,1,0,1,0.663,0,1,2.3395268555183266,0.7731165979423625,1.244077178724985,100.0,38.655829897118124,0.0,41.59674896913543,10.0,90.66666666666667,76.3,32.5,71.42857142857143,56.17904761904762,0.0,20.0,100,0.0,29.0,40.0,100,0.0,0,38.0,33.699999999999996,100,0,43.48,42.37178659550254,MODERATE,56.17904761904762,MODERATE
SME_0567,Hospitality,106533.55,8100.68,3622.75,33764.48,8563.32,4158.44,2,0.136,9,0.742,0.314,2,0,1,0,3,0,1,0,0.615,0,1,0.3169375281308095,0.07603876900750985,0.4472155423989097,15.846876406540474,3.8019384503754923,55.27844576010903,28.006022761118402,20.0,90.66666666666667,74.2,78.49999999999999,42.85714285714286,61.2447619047619,40.0,0.0,0,100.0,37.0,60.0,0,10.0,100,44.0,38.5,100,0,45.4,42.252997304526,MODERATE,61.2447619047619,MODERATE
SME_0568,Construction,33288.65,9773.03,854.8,15287.06,2940.37,14710.24,3,0.105,12,0.792,0.36,1,2,1,2,3,0,5,1,0.963,1,1,0.4592273943220887,0.2935844499551649,0.08746519758969326,22.961369716104436,14.679222497758246,91.25348024103067,47.793569760571074,30.0,70.0,79.2,89.99999999999999,21.42857142857143,58.12571428571429,20.0,20.0,0,50.0,22.5,60.0,0,50.0,0,22.0,3.7000000000000033,0,0,1.4800000000000013,36.8174994995999,MODERATE,58.12571428571429,MODERATE
SME_0569,Retail,34243.14,36187.26,12063.73,97391.81,4135.43,13585.63,3,0.139,4,0.104,0.087,2,4,1,3,0,0,5,1,0.496,0,0,2.844126151982558,1.056773999113399,0.3333695339188432,100.0,52.83869995566995,66.66304660811568,72.51682862994726,30.0,92.66666666666667,10.4,21.749999999999996,78.57142857142857,46.677619047619054,40.0,40.0,0,25.0,26.25,0.0,0,50.0,0,10.0,50.4,100,100,80.16,48.19045335088894,MODERATE,80.16,MODERATE
SME_0570,Hospitality,43121.94,10874.79,6636.85,24254.9,4736.58,69815.47,3,0.122,2,0.526,0.25,0,0,1,1,0,0,3,1,0.505,1,1,0.5624723748514098,0.2521869377861942,0.6102968425137405,28.12361874257049,12.60934688930971,38.97031574862595,27.80801598901444,30.0,81.33333333333333,52.6,62.5,92.85714285714286,63.858095238095245,0.0,0.0,0,75.0,18.75,0.0,0,30.0,0,6.0,49.5,0,0,19.8,30.93692860622814,MODERATE,63.858095238095245,MODERATE
SME_0571,Construction,15725.84,15901.8,11195.51,17820.22,33531.04,24448.17,2,0.124,6,0.699,0.157,0,4,0,4,0,0,2,0,0.398,0,0,1.1331808030604407,1.0111892274116994,0.7040404230967564,56.65904015302203,50.55946137058497,29.595957690324358,44.00393353321184,20.0,82.66666666666667,69.89999999999999,39.24999999999999,64.28571428571428,55.22047619047619,0.0,40.0,100,0.0,33.0,0.0,0,20.0,100,34.0,60.199999999999996,100,100,84.08,47.1142991075826,MODERATE,84.08,MODERATE
SME_0572,Transport,59744.9,31530.67,56634.37,6174.62,32025.05,15798.97,5,0.085,2,0.232,0.396,1,0,1,4,0,0,2,1,0.788,0,0,0.10334974198634528,0.527755005029718,1.796167667861165,5.167487099317264,26.387750251485897,0.0,9.466571205240948,50.0,56.66666666666668,23.200000000000003,99.0,92.85714285714286,64.34476190476191,20.0,0.0,0,0.0,6.0,0.0,0,20.0,0,4.0,21.199999999999996,100,100,68.47999999999999,27.574161837762762,LOW,68.47999999999999,LOW
SME_0573,Hospitality,27398.89,14406.2,7788.2,28221.82,7556.23,27098.18,3,0.046,3,0.652,0.192,0,2,1,4,3,0,0,1,0.525,1,1,1.0300351583586052,0.5257950230830519,0.5406144576640612,51.501757917930256,26.289751154152597,45.93855423359388,41.71287441506241,30.0,30.66666666666667,65.2,48.0,85.71428571428572,51.916190476190486,0.0,20.0,0,0.0,4.0,60.0,0,0.0,0,12.0,47.5,0,0,19.0,29.992909943566346,LOW,51.916190476190486,LOW
SME_0574,Professional Services,53463.13,29876.16,4785.56,17272.91,30192.94,10633.01,2,0.033,14,0.171,0.091,3,0,1,2,3,0,4,1,0.862,0,1,0.32308078483246305,0.5588180115904176,0.16017988924948856,16.154039241623153,27.94090057952088,83.98201107505115,46.821286376363666,20.0,22.000000000000004,17.1,22.749999999999996,7.14285714285714,17.798571428571428,60.0,0.0,0,50.0,30.5,60.0,0,40.0,0,20.0,13.8,100,0,35.52,31.14802877005196,MODERATE,46.821286376363666,MODERATE
SME_0575,Retail,21338.51,5247.42,2539.89,161705.56,8556.74,11212.56,3,0.049,8,0.254,0.153,0,1,0,1,1,1,0,1,0.98,1,1,7.5781092494274445,0.24591314013958804,0.4840264358484741,100.0,12.295657006979402,51.597356415152596,54.32763966815486,30.0,32.66666666666667,25.4,38.24999999999999,50.0,35.263333333333335,0.0,10.0,100,75.0,45.75,20.0,100,0.0,0,34.0,2.0000000000000018,0,0,0.8000000000000007,39.44412523377979,MODERATE,54.32763966815486,MODERATE
SME_0576,Construction,71714.89,16189.43,5853.38,189634.03,7452.79,53407.59,6,0.094,3,0.504,0.262,2,2,1,0,0,0,0,1,0.331,0,1,2.644276941650472,0.22574712169258015,0.3615556569934828,100.0,11.287356084629007,63.84443430065172,58.92398054564939,60.0,62.66666666666667,50.4,65.5,85.71428571428572,64.85619047619048,40.0,20.0,0,100.0,41.0,0.0,0,0.0,0,0.0,66.9,100,0,56.760000000000005,47.767241782742445,MODERATE,64.85619047619048,MODERATE
SME_0577,Construction,34465.22,19172.72,9393.51,8722.6,10527.5,2753.53,8,0.026,2,0.656,0.03,0,1,0,3,1,0,4,1,0.995,0,1,0.2530841236469693,0.5562918211460713,0.4899414376259602,12.654206182348466,27.814591057303566,51.00585623740398,32.5429816668572,80.0,17.333333333333336,65.60000000000001,7.5,92.85714285714286,52.65809523809524,0.0,10.0,100,25.0,33.25,20.0,0,40.0,0,12.0,0.5000000000000004,100,0,30.2,34.39741830958097,MODERATE,52.65809523809524,MODERATE
SME_0578,Construction,143291.56,18336.3,8438.03,9767.34,12921.96,28675.92,3,0.039,6,0.224,0.241,1,4,1,2,1,0,2,1,0.478,0,1,0.06816409842980285,0.1279649687671765,0.46018171604958474,3.4082049214901424,6.398248438358825,53.98182839504153,24.534667365971305,30.0,26.0,22.400000000000002,60.24999999999999,64.28571428571428,40.58714285714285,20.0,40.0,0,50.0,26.5,20.0,0,20.0,0,8.0,52.2,100,0,50.88,29.095185924077107,LOW,50.88,LOW
SME_0579,Transport,18601.8,4797.22,44831.31,22757.11,6065.91,10861.17,0,0.07,14,0.257,0.372,2,2,0,1,1,0,6,1,0.594,1,1,1.223382145813846,0.2578900966573128,9.345268718132584,61.1691072906923,12.894504832865639,0.0,22.21908363706738,0.0,46.66666666666667,25.7,93.0,7.14285714285714,34.50190476190477,40.0,20.0,100,75.0,59.75,20.0,0,60.0,0,16.0,40.6,0,0,16.240000000000002,31.265201281596408,MODERATE,59.75,MODERATE
SME_0580,Hospitality,29444.74,47127.74,13177.71,13265.4,10198.74,9230.99,5,0.035,3,0.274,0.34,0,0,0,3,1,0,1,1,0.844,0,1,0.4505184966822597,1.6005486888320288,0.2796168456200106,22.525924834112985,80.02743444160144,72.03831543799895,59.58133395791391,50.0,23.333333333333336,27.400000000000002,85.0,85.71428571428572,54.289523809523814,0.0,0.0,100,25.0,31.25,20.0,0,10.0,0,6.0,15.600000000000003,100,0,36.24,42.22078113975513,MODERATE,59.58133395791391,MODERATE
SME_0581,Transport,10953.02,9085.08,6991.12,37285.85,20311.26,7295.81,3,0.088,1,0.303,0.027,1,1,1,0,2,0,2,0,0.766,0,0,3.4041615919627644,0.829458907223761,0.7695166140529307,100.0,41.47294536118805,23.04833859470693,51.66121904623918,30.0,58.666666666666664,30.3,6.749999999999999,100.0,45.14333333333334,20.0,10.0,0,100.0,33.0,40.0,0,20.0,100,42.0,23.4,100,100,69.36,46.620199047205084,MODERATE,69.36,MODERATE
SME_0582,Manufacturing,16369.78,23532.95,3946.7,21640.66,11236.54,13779.93,4,0.138,12,0.293,0.397,3,4,0,3,0,0,2,1,0.845,0,0,1.3219884445606476,1.4375849889247136,0.1677095306793241,66.09942222803238,71.87924944623568,83.22904693206759,74.68522027510745,40.0,92.00000000000001,29.299999999999997,99.25,21.42857142857143,56.39571428571429,60.0,40.0,100,25.0,57.25,0.0,0,20.0,0,4.0,15.500000000000004,100,100,66.2,55.17449465396081,HIGH,74.68522027510745,HIGH
SME_0583,Manufacturing,41010.37,18115.05,10444.91,39715.03,10392.56,11538.97,3,0.112,14,0.436,0.279,0,6,0,4,0,0,5,1,0.626,1,1,0.9684143303266953,0.4417187652781479,0.5765874231647167,48.420716516334764,22.085938263907394,42.34125768352833,38.08849950748398,30.0,74.66666666666667,43.6,69.75,7.14285714285714,45.03190476190477,0.0,60.0,100,0.0,37.0,0.0,0,50.0,0,10.0,37.4,0,0,14.96,33.08052604272139,MODERATE,45.03190476190477,MODERATE
SME_0584,Hospitality,61703.17,40178.8,3229.84,82871.47,15601.19,8262.06,2,0.1,14,0.656,0.065,1,1,1,4,0,0,2,0,0.941,0,0,1.3430666528154065,0.651162655014321,0.08038667157804613,67.15333264077033,32.55813275071605,91.96133284219539,66.69797275432407,20.0,66.66666666666667,65.60000000000001,16.25,7.14285714285714,35.13190476190477,20.0,10.0,0,0.0,8.0,0.0,0,20.0,100,34.0,5.900000000000006,100,100,62.36,41.728368016773416,MODERATE,66.69797275432407,MODERATE
SME_0585,Professional Services,267972.43,103581.92,9576.12,10349.89,18221.83,6375.83,3,0.087,3,0.472,0.005,0,3,1,2,1,0,5,1,0.853,1,1,0.038622965802862626,0.3865394660189483,0.09244972481684063,1.9311482901431314,19.326973300947415,90.75502751831593,42.67944748465354,30.0,57.99999999999999,47.199999999999996,1.25,85.71428571428572,44.432857142857145,0.0,30.0,0,50.0,18.5,20.0,0,50.0,0,14.0,14.700000000000003,0,0,5.880000000000002,30.30004853111035,MODERATE,44.432857142857145,MODERATE
SME_0586,Transport,23140.23,6411.42,13024.8,81158.87,9452.04,2160.0,1,0.073,6,0.76,0.069,3,2,1,3,0,0,1,1,0.516,1,1,3.507262892374017,0.2770681190290676,2.0315000421123557,100.0,13.853405951453379,0.0,34.15602178543601,10.0,48.666666666666664,76.0,17.25,64.28571428571428,43.240476190476194,60.0,20.0,0,25.0,28.25,0.0,0,10.0,0,2.0,48.4,0,0,19.36,28.94292558324985,LOW,43.240476190476194,LOW
SME_0587,Retail,11849.73,10710.67,6442.97,14476.77,6526.18,6255.64,3,0.028,3,0.711,0.335,2,0,0,4,0,0,2,1,0.964,0,1,1.221696190546114,0.9038746030500273,0.601546868683285,61.084809527305694,45.19373015250137,39.8453131316715,47.82168715661072,30.0,18.666666666666668,71.1,83.75,85.71428571428572,57.84619047619048,40.0,0.0,100,0.0,37.0,0.0,0,20.0,0,4.0,3.600000000000003,100,0,31.44,39.952053766030836,MODERATE,57.84619047619048,MODERATE
SME_0588,Construction,45674.33,20939.68,4259.51,257155.31,11856.4,7567.34,0,0.134,9,0.208,0.009,1,4,0,2,2,0,1,1,0.973,0,1,5.630193371199971,0.4584562050499701,0.20341810381056444,100.0,22.922810252498504,79.65818961894355,68.74011892332697,0.0,89.33333333333334,20.8,2.2499999999999996,42.85714285714286,31.048095238095243,20.0,40.0,100,50.0,51.5,40.0,0,10.0,0,10.0,2.7000000000000024,100,0,31.080000000000002,43.29205948652191,MODERATE,68.74011892332697,MODERATE
SME_0589,Construction,10141.28,7434.19,899.55,151740.73,2382.18,13749.67,1,0.037,7,0.142,0.093,0,3,0,2,1,0,1,1,0.591,1,1,14.962680253380244,0.7330622958837543,0.12100175002253104,100.0,36.653114794187715,87.8998249977469,76.15586443735508,10.0,24.666666666666668,14.2,23.25,57.14285714285714,25.851904761904763,0.0,30.0,100,50.0,43.5,20.0,0,10.0,0,6.0,40.900000000000006,0,0,16.360000000000003,40.545735521682715,MODERATE,76.15586443735508,MODERATE
SME_0590,Hospitality,39263.59,33653.53,25110.3,26792.37,8275.47,70223.57,3,0.014,14,0.846,0.303,0,0,0,2,0,0,2,1,0.756,0,1,0.682371887033254,0.8571180067844026,0.7461416380391597,34.1185943516627,42.855900339220135,25.385836196084032,33.24668288569846,30.0,9.333333333333334,84.6,75.75,7.14285714285714,41.3652380952381,0.0,0.0,100,50.0,37.5,0.0,0,20.0,0,4.0,24.4,100,0,39.76,32.39131438951907,MODERATE,41.3652380952381,MODERATE
SME_0591,Professional Services,16727.79,35341.92,11974.05,11445.7,1081.32,6893.27,1,0.113,5,0.168,0.234,2,0,0,0,1,0,1,1,0.87,1,0,0.6842326451970046,2.1127668388950362,0.33880587132787354,34.21163225985023,100.0,66.11941286721265,66.71125482484013,10.0,75.33333333333334,16.8,58.5,71.42857142857143,46.41238095238096,40.0,0.0,100,100.0,62.0,20.0,0,10.0,0,6.0,13.0,0,100,35.2,48.436471685547275,MODERATE,66.71125482484013,MODERATE
SME_0592,Manufacturing,29611.17,28160.8,12268.79,9452.99,2213.05,4775.74,0,0.026,2,0.226,0.313,0,2,1,4,2,1,0,1,0.872,0,1,0.31923730132919437,0.9510194970343961,0.4356690861055084,15.961865066459719,47.55097485171981,56.43309138944916,41.627088531233525,0.0,17.333333333333336,22.6,78.25,92.85714285714286,42.20809523809524,0.0,20.0,0,0.0,4.0,40.0,100,0.0,0,38.0,12.8,100,0,35.120000000000005,33.05215036889387,MODERATE,42.20809523809524,MODERATE
SME_0593,Manufacturing,59842.3,21750.51,1678.82,71867.62,1932.89,6308.26,0,0.056,9,0.119,0.298,0,3,1,4,0,1,3,1,0.31,0,0,1.2009501640144178,0.36346380403159634,0.07718531657418608,60.04750820072089,18.173190201579818,92.28146834258139,60.37879685772276,0.0,37.333333333333336,11.899999999999999,74.49999999999999,42.85714285714286,33.31809523809524,0.0,30.0,0,0.0,6.0,0.0,100,30.0,0,36.0,69.0,100,100,87.6,41.80316286684064,MODERATE,87.6,MODERATE
SME_0594,Construction,22880.59,53846.57,31794.08,29101.64,25666.89,13775.85,4,0.004,5,0.634,0.02,0,2,0,1,0,0,3,1,0.74,1,0,1.2718920272597865,2.3533733177335026,0.5904569223257861,63.59460136298932,100.0,40.9543077674214,65.46010351586536,40.0,2.666666666666667,63.4,5.0,71.42857142857143,36.499047619047616,0.0,20.0,100,75.0,47.75,0.0,0,30.0,0,6.0,26.0,0,100,40.4,43.25279295952151,MODERATE,65.46010351586536,MODERATE
SME_0595,Hospitality,52729.71,7141.13,5023.99,75797.42,10126.63,20382.54,3,0.021,7,0.595,0.357,1,2,1,0,0,0,1,1,0.982,0,1,1.4374708300121506,0.1354289640508169,0.703528713242862,71.87354150060753,6.771448202540845,29.647128675713795,35.452348381230024,30.0,14.000000000000002,59.5,89.25,57.14285714285714,49.978571428571435,20.0,20.0,0,100.0,35.0,0.0,0,10.0,0,2.0,1.8000000000000016,100,0,30.72,33.50234737151187,MODERATE,49.978571428571435,MODERATE
SME_0596,Transport,50269.71,18964.83,5993.32,271897.82,3211.51,23113.51,4,0.026,9,0.939,0.091,0,1,1,4,1,0,1,0,0.462,0,1,5.40878035699828,0.37726157560885076,0.31602286970144206,100.0,18.86307878044254,68.3977130298558,63.01800884607508,40.0,17.333333333333336,93.89999999999999,22.749999999999996,42.85714285714286,43.368095238095236,0.0,10.0,0,0.0,2.0,20.0,0,10.0,100,36.0,53.800000000000004,100,0,51.52,40.699426463346335,MODERATE,63.01800884607508,MODERATE
SME_0597,Manufacturing,5626.07,9967.5,2746.03,13885.07,15557.53,25275.71,7,0.008,4,0.854,0.221,2,3,0,4,1,0,4,0,0.857,1,1,2.4679874228369005,1.771662990328951,0.27549836970152997,100.0,88.58314951644755,72.450163029847,85.55501006687307,70.0,5.333333333333334,85.39999999999999,55.25,78.57142857142857,58.910952380952374,40.0,30.0,100,0.0,43.0,20.0,0,40.0,100,42.0,14.3,0,0,5.720000000000001,55.866241115300014,HIGH,85.55501006687307,HIGH
SME_0598,Transport,12153.23,36682.68,1339.77,8767.57,24346.16,28709.1,3,0.098,9,0.449,0.258,0,3,1,1,1,0,1,0,0.674,1,1,0.7214189149715755,3.0183482086655156,0.03652323112706051,36.07094574857877,100.0,96.34767688729396,79.36035447949122,30.0,65.33333333333334,44.9,64.5,42.85714285714286,49.51809523809524,0.0,30.0,0,75.0,24.75,20.0,0,10.0,100,36.0,32.599999999999994,0,0,13.04,47.84163015337118,MODERATE,79.36035447949122,MODERATE
SME_0599,Professional Services,7166.59,4152.45,25451.84,36370.49,15803.35,9336.31,1,0.126,1,0.416,0.067,0,1,1,3,0,0,4,0,0.455,0,1,5.075006383789222,0.5794178263302351,6.129354959120519,100.0,28.970891316511754,0.0,38.69126739495353,10.0,84.00000000000001,41.6,16.75,100.0,50.470000000000006,0.0,10.0,0,25.0,8.25,0.0,0,40.0,100,38.0,54.49999999999999,100,0,51.8,36.75488021848606,MODERATE,51.8,MODERATE
SME_0600,Manufacturing,123998.01,17600.1,28963.57,94250.58,8438.01,76152.11,3,0.056,12,0.352,0.39,1,1,1,3,0,0,2,1,0.336,1,1,0.7600975209198922,0.1419385682076672,1.6456480360907042,38.004876045994614,7.09692841038336,0.0,13.530541336913391,30.0,37.333333333333336,35.199999999999996,97.5,21.42857142857143,44.29238095238095,20.0,10.0,0,25.0,14.25,0.0,0,20.0,0,4.0,66.39999999999999,0,0,26.56,21.238257639169255,LOW,44.29238095238095,LOW
SME_0601,Manufacturing,22978.58,23536.74,6779.57,11713.44,12327.38,8719.96,3,0.131,6,0.23,0.195,0,2,1,0,1,0,1,0,0.832,1,1,0.5097547368027093,1.024290447886684,0.28804201431464166,25.487736840135465,51.2145223943342,71.19579856853584,51.48899719775523,30.0,87.33333333333334,23.0,48.75,64.28571428571428,50.673809523809524,0.0,20.0,0,100.0,29.0,20.0,0,10.0,100,36.0,16.800000000000004,0,0,6.720000000000002,39.98715154027895,MODERATE,51.48899719775523,MODERATE
SME_0602,Agriculture,103911.46,8434.9,4055.43,31056.93,22509.38,13240.94,2,0.032,2,0.217,0.023,2,3,0,2,1,1,2,1,0.522,1,1,0.2988787762196778,0.08117391479245888,0.4807917106308314,14.943938810983889,4.0586957396229435,51.92082893691685,26.469121939948792,20.0,21.333333333333336,21.7,5.75,92.85714285714286,32.328095238095244,40.0,30.0,100,50.0,55.5,20.0,100,20.0,0,38.0,47.8,0,0,19.12,34.73476039150845,MODERATE,55.5,MODERATE
SME_0603,Manufacturing,6770.09,10907.16,5487.09,118065.68,6555.23,38518.98,7,0.049,8,0.212,0.375,0,2,1,1,0,0,5,1,0.563,1,1,17.439307306106713,1.6110805026225647,0.5030722937960019,100.0,80.55402513112824,49.692770620399806,74.0433157874984,70.0,32.66666666666667,21.2,93.75,50.0,53.52333333333333,0.0,20.0,0,75.0,22.75,0.0,0,50.0,0,10.0,43.7,0,0,17.48,43.39182806958285,MODERATE,74.0433157874984,MODERATE
SME_0604,Retail,15810.29,18222.83,5639.68,5861.0,10272.45,19979.15,2,0.023,5,0.197,0.235,1,2,1,1,0,0,1,1,0.64,1,1,0.37070793767856247,1.1525930264403752,0.3094843117122862,18.535396883928122,57.62965132201876,69.05156882877138,50.470141993292614,20.0,15.333333333333336,19.7,58.74999999999999,71.42857142857143,37.04238095238095,20.0,20.0,0,75.0,28.75,0.0,0,10.0,0,2.0,36.0,0,0,14.4,31.891637836083024,MODERATE,50.470141993292614,MODERATE
SME_0605,Hospitality,47430.92,38646.22,2409.89,37959.33,7933.64,1597.03,4,0.093,3,0.304,0.28,3,1,1,4,1,0,1,0,0.655,1,0,0.8003076895830822,0.814789592949072,0.06235771570932422,40.01538447915411,40.7394796474536,93.76422842906757,61.73215060960934,40.0,62.0,30.4,70.0,85.71428571428572,57.62285714285714,60.0,10.0,0,0.0,20.0,20.0,0,10.0,100,36.0,34.5,0,100,43.8,46.70535946859709,MODERATE,61.73215060960934,MODERATE
SME_0606,Hospitality,28855.35,7878.02,5972.62,17480.65,2340.84,12061.02,3,0.063,2,0.361,0.21,0,4,1,4,0,0,2,1,0.444,0,1,0.6058027367541895,0.2730176553048222,0.7581371969098833,30.290136837709476,13.650882765241109,24.186280309011664,22.856818004489842,30.0,42.00000000000001,36.1,52.49999999999999,92.85714285714286,50.691428571428574,0.0,40.0,0,0.0,8.0,0.0,0,20.0,0,4.0,55.60000000000001,100,0,52.24000000000001,26.953902544204098,LOW,52.24000000000001,LOW
SME_0607,Transport,38289.04,9057.67,9323.55,33965.79,22816.79,26067.12,2,0.092,8,0.917,0.334,0,1,1,1,1,0,4,1,0.769,1,0,0.8870890991260162,0.23656038385919312,1.029354127496365,44.354454956300806,11.828019192959657,0.0,16.854742244778137,20.0,61.33333333333334,91.7,83.5,50.0,61.30666666666667,0.0,10.0,0,75.0,20.75,20.0,0,40.0,0,12.0,23.099999999999998,0,100,39.24,30.257089340100112,MODERATE,61.30666666666667,MODERATE
SME_0608,Professional Services,9169.01,44293.68,22144.71,61006.58,63696.51,3581.51,0,0.114,7,0.592,0.013,4,0,1,2,0,0,0,0,0.785,0,0,6.6535623802351616,4.830802889297754,0.49995191187546395,100.0,100.0,50.004808812453604,80.00192352498144,0.0,76.0,59.199999999999996,3.2499999999999996,57.14285714285714,39.11857142857143,80.0,0.0,0,50.0,36.5,0.0,0,0.0,100,30.0,21.499999999999996,100,100,68.6,52.44021991463728,HIGH,80.00192352498144,HIGH
SME_0609,Manufacturing,75212.59,14468.75,8114.77,37412.54,4554.75,23583.1,7,0.082,9,0.939,0.107,3,3,1,3,1,0,2,1,0.4,0,1,0.4974239020355502,0.19237138356756497,0.5608480345572354,24.87119510177751,9.618569178378248,43.915196544276455,27.91300790175731,70.0,54.66666666666667,93.89999999999999,26.749999999999996,42.85714285714286,57.634761904761916,60.0,30.0,0,25.0,30.25,20.0,0,20.0,0,8.0,60.0,100,0,54.0,35.43259284671767,MODERATE,57.634761904761916,MODERATE
SME_0610,Retail,46548.22,9663.35,1653.82,10924.14,23783.62,17048.21,5,0.094,8,0.417,0.188,0,0,1,0,3,1,4,1,0.673,1,1,0.23468437676027137,0.20759870087406135,0.17114354752751373,11.734218838013568,10.379935043703068,82.88564524724863,39.788504263414445,50.0,62.66666666666667,41.699999999999996,47.0,50.0,50.27333333333333,0.0,0.0,0,100.0,25.0,60.0,100,40.0,0,50.0,32.699999999999996,0,0,13.079999999999998,38.31288461235767,MODERATE,50.27333333333333,MODERATE
SME_0611,Transport,34472.99,32243.6,11392.89,18173.26,4686.99,34828.47,5,0.14,11,0.489,0.031,1,2,1,3,2,0,2,1,0.726,0,1,0.5271738830893403,0.9353293694570735,0.3533380267712042,26.358694154467017,46.766468472853674,64.66619732287958,47.80402771734804,50.0,93.33333333333334,48.9,7.75,28.57142857142857,45.710952380952385,20.0,20.0,0,25.0,16.25,40.0,0,20.0,0,12.0,27.400000000000002,100,0,40.96,34.91494641044251,MODERATE,47.80402771734804,MODERATE
SME_0612,Agriculture,14445.57,12180.23,6193.57,124934.6,11269.43,6437.68,1,0.045,4,0.376,0.282,0,3,0,0,2,0,2,1,0.43,1,0,8.648644532545273,0.8431809890506224,0.5084936819748067,100.0,42.15904945253112,49.15063180251933,62.30796755676707,10.0,30.0,37.6,70.49999999999999,78.57142857142857,45.33428571428571,0.0,30.0,100,100.0,56.0,40.0,0,20.0,0,12.0,57.00000000000001,0,100,52.800000000000004,48.305961695601546,MODERATE,62.30796755676707,MODERATE
SME_0613,Transport,32392.14,40948.25,31495.71,41684.54,38853.42,29406.35,4,0.054,2,0.255,0.157,3,3,0,2,1,0,3,1,0.926,1,0,1.2868720621731076,1.2641415479187235,0.7691588773635015,64.34360310865537,63.207077395936174,23.084112263649846,47.4988490568374,40.0,36.0,25.5,39.24999999999999,92.85714285714286,46.721428571428575,60.0,30.0,100,50.0,61.5,20.0,0,30.0,0,10.0,7.399999999999995,0,100,32.96,43.02601185990836,MODERATE,61.5,MODERATE
SME_0614,Transport,19800.04,10584.55,33411.47,69513.19,6260.06,13853.72,4,0.108,14,0.222,0.109,1,3,0,1,0,0,3,1,0.638,0,1,3.510760079272567,0.5345721523794901,3.1566264035788016,100.0,26.728607618974504,0.0,38.01858228569235,40.0,72.0,22.2,27.249999999999996,7.14285714285714,33.71857142857143,20.0,30.0,100,75.0,55.75,0.0,0,30.0,0,6.0,36.199999999999996,100,0,44.48,36.33321754285056,MODERATE,55.75,MODERATE
SME_0615,Manufacturing,6675.76,15842.5,34601.46,38532.14,9868.69,58812.35,2,0.092,13,0.903,0.001,1,1,1,2,1,1,0,0,0.381,0,0,5.771948062842283,2.3731380397138304,2.1840908947451476,100.0,100.0,0.0,60.0,20.0,61.33333333333334,90.3,0.25,14.28571428571429,37.233809523809526,20.0,10.0,0,50.0,20.5,20.0,100,0.0,100,64.0,61.9,100,100,84.76,49.48445238095238,MODERATE,84.76,MODERATE
SME_0616,Agriculture,24011.61,38334.45,4562.42,67377.66,1976.31,147282.36,1,0.027,2,0.939,0.288,2,2,1,1,0,0,2,1,0.534,0,1,2.806045075694633,1.5964964448448062,0.11901618518069257,100.0,79.82482224224032,88.09838148193074,89.18679926544439,10.0,18.0,93.89999999999999,71.99999999999999,92.85714285714286,57.35142857142857,40.0,20.0,0,75.0,34.75,0.0,0,20.0,0,4.0,46.599999999999994,100,0,48.64,53.50789692249046,HIGH,89.18679926544439,HIGH
SME_0617,Transport,22053.95,15019.71,58515.79,20187.25,5500.29,47913.82,4,0.056,2,0.138,0.334,2,2,0,4,0,0,1,0,0.634,1,1,0.9153575663316549,0.6810439853178228,3.8959334101657093,45.767878316582745,34.05219926589114,0.0,23.946023274742164,40.0,37.333333333333336,13.8,83.5,92.85714285714286,53.498095238095246,40.0,20.0,100,0.0,41.0,0.0,0,10.0,100,32.0,36.6,0,0,14.64,35.02233079194646,MODERATE,53.498095238095246,MODERATE
SME_0618,Retail,58486.56,32957.35,11363.25,13925.0,1798.48,18492.65,5,0.07,14,0.228,0.158,0,0,1,0,1,0,2,1,0.307,1,0,0.23808888742986423,0.5635029654676219,0.34478651954723305,11.904444371493211,28.175148273381094,65.5213480452767,38.23241701157297,50.0,46.66666666666667,22.8,39.49999999999999,7.14285714285714,33.22190476190477,0.0,0.0,0,100.0,25.0,20.0,0,20.0,0,8.0,69.30000000000001,0,100,57.720000000000006,31.747201293948084,MODERATE,57.720000000000006,MODERATE
SME_0619,Retail,4184.28,17080.44,40683.47,64385.93,14714.68,96912.67,5,0.063,11,0.46,0.226,0,0,0,4,1,0,0,1,0.322,0,0,15.387576835202234,4.0820499584157846,2.3818748228968345,100.0,100.0,0.0,60.0,50.0,42.00000000000001,46.0,56.49999999999999,28.57142857142857,44.614285714285714,0.0,0.0,100,0.0,25.0,20.0,0,0.0,0,4.0,67.8,100,100,87.12,43.46557142857143,MODERATE,87.12,MODERATE
SME_0620,Hospitality,30175.66,87858.29,4839.55,92626.14,21137.72,20656.64,2,0.027,12,0.258,0.091,0,2,0,1,0,0,5,1,0.339,1,1,3.0695646756359265,2.9115615035429214,0.055083589721584614,100.0,100.0,94.49164102784154,97.79665641113661,20.0,18.0,25.8,22.749999999999996,21.42857142857143,21.595714285714287,0.0,20.0,100,75.0,47.75,0.0,0,50.0,0,10.0,66.10000000000001,0,0,26.440000000000005,48.43192549476955,MODERATE,97.79665641113661,CRITICAL REVIEW
SME_0621,Agriculture,9918.7,63142.54,5934.87,12024.14,8191.64,5300.26,6,0.139,6,0.409,0.249,2,2,0,0,0,0,0,1,0.677,0,0,1.212269753092643,6.366009658523798,0.09399162593079087,60.613487654632145,100.0,90.6008374069209,84.424381259158,60.0,92.66666666666667,40.9,62.24999999999999,64.28571428571428,64.0204761904762,40.0,20.0,100,100.0,66.0,0.0,0,0.0,0,0.0,32.3,100,100,72.92,61.82443342536645,HIGH,84.424381259158,HIGH
SME_0622,Agriculture,32273.76,6220.78,10522.01,16865.2,12934.31,11583.26,3,0.114,7,0.21,0.005,1,3,0,0,0,0,2,1,0.535,0,1,0.5225669398297564,0.19275039536762992,1.6914293705933983,26.12834699148782,9.637519768381496,0.0,10.729760027960793,30.0,76.0,21.0,1.25,57.14285714285714,37.07857142857143,20.0,30.0,100,100.0,62.0,0.0,0,20.0,0,4.0,46.5,100,0,48.6,30.348570865531094,MODERATE,62.0,MODERATE
SME_0623,Hospitality,33727.04,27334.97,9312.14,25481.97,7459.05,23817.29,4,0.072,12,0.488,0.195,0,3,0,4,0,0,3,0,0.925,0,0,0.7555353212140763,0.810476401130962,0.3406676502663072,37.776766060703814,40.5238200565481,65.93323497336928,49.863469824523285,40.0,48.0,48.8,48.75,21.42857142857143,41.395714285714284,0.0,30.0,100,0.0,31.0,0.0,0,30.0,100,36.0,7.499999999999996,100,100,63.0,43.20796951878556,MODERATE,63.0,MODERATE
SME_0624,Transport,23322.07,9367.52,28057.43,151566.12,19473.92,25235.84,4,0.102,6,0.331,0.258,1,1,0,0,0,0,5,1,0.691,0,1,6.498827934227108,0.4016590294086246,2.99518228944267,100.0,20.08295147043123,0.0,36.02488544112937,40.0,68.0,33.1,64.5,64.28571428571428,53.97714285714286,20.0,10.0,100,100.0,58.0,0.0,0,50.0,0,10.0,30.900000000000006,100,0,42.36,41.637751346624526,MODERATE,58.0,MODERATE
SME_0625,Agriculture,47689.46,20980.16,6342.75,52685.11,11235.75,4358.68,2,0.135,2,0.399,0.367,1,2,1,1,1,0,3,1,0.832,1,0,1.1047537548129083,0.4399328488936549,0.30232133596693256,55.23768774064541,21.996642444682745,69.76786640330674,51.077445616921146,20.0,90.00000000000001,39.900000000000006,91.75,92.85714285714286,66.90142857142858,20.0,20.0,0,75.0,28.75,20.0,0,30.0,0,10.0,16.800000000000004,0,100,36.72,42.970590827933485,MODERATE,66.90142857142858,MODERATE
SME_0626,Retail,9228.19,19011.96,25637.51,7981.37,1674.46,4484.95,10,0.02,4,0.18,0.153,1,1,0,1,1,0,2,1,0.781,0,0,0.8648900813702362,2.0602046555174955,1.3484937902246796,43.24450406851181,100.0,0.0,42.97335122055354,100.0,13.333333333333334,18.0,38.24999999999999,78.57142857142857,49.63095238095239,20.0,10.0,100,75.0,51.75,20.0,0,20.0,0,8.0,21.9,100,100,68.75999999999999,43.72574346140416,MODERATE,68.75999999999999,MODERATE
SME_0627,Retail,60645.91,7737.37,16637.78,27336.28,23302.67,8826.23,4,0.038,3,0.464,0.306,3,1,1,4,1,1,2,1,0.664,1,1,0.45075224363852395,0.12758271744953617,2.1503146417968897,22.537612181926196,6.379135872476809,0.0,8.675024416320902,40.0,25.333333333333336,46.400000000000006,76.49999999999999,85.71428571428572,54.78952380952381,60.0,10.0,0,0.0,20.0,20.0,100,20.0,0,38.0,33.599999999999994,0,0,13.439999999999998,27.343888277277223,LOW,54.78952380952381,LOW
SME_0628,Manufacturing,14188.23,41978.58,6462.71,23460.51,7042.73,19414.03,3,0.081,11,0.936,0.239,2,0,0,2,1,1,2,1,0.821,1,0,1.6535191493230657,2.958690407471545,0.15395256342639507,82.67595746615328,100.0,84.60474365736049,88.64468470279019,30.0,54.0,93.60000000000001,59.74999999999999,28.57142857142857,53.184285714285714,40.0,0.0,100,50.0,49.5,20.0,100,20.0,0,38.0,17.900000000000006,0,100,37.160000000000004,59.20547683940848,HIGH,88.64468470279019,HIGH
SME_0629,Agriculture,7200.55,21179.08,15396.16,9280.62,3187.52,21784.81,0,0.12,13,0.38,0.371,1,3,1,1,2,1,0,0,0.681,0,1,1.2888765441528773,2.9413142051648835,0.7269513123327358,64.44382720764386,100.0,27.304868766726422,60.25509566898373,0.0,80.0,38.0,92.75,14.28571428571429,45.00714285714287,20.0,30.0,0,75.0,30.75,40.0,100,0.0,100,68.0,31.899999999999995,100,0,42.76,49.95431441498083,MODERATE,68.0,MODERATE
SME_0630,Transport,20104.81,14333.87,4983.72,27015.36,6736.53,13627.38,2,0.005,4,0.845,0.159,3,2,1,1,4,0,7,1,0.57,0,1,1.3437262028340482,0.7129572475442444,0.3476883772491309,67.1863101417024,35.64786237721222,65.23116227508692,56.942716665709156,20.0,3.3333333333333335,84.5,39.75,78.57142857142857,45.23095238095239,60.0,20.0,0,75.0,40.75,80.0,0,70.0,0,30.0,43.00000000000001,100,0,47.2,45.76055309495084,MODERATE,56.942716665709156,MODERATE
SME_0631,Hospitality,4677.43,12678.2,83901.82,22447.07,1805.29,5662.81,2,0.148,5,0.817,0.128,0,2,0,0,0,0,1,1,0.605,0,1,4.7990178367180265,2.71050555540115,6.617802211670426,100.0,100.0,0.0,60.0,20.0,98.66666666666667,81.69999999999999,32.0,71.42857142857143,60.75904761904762,0.0,20.0,100,100.0,54.0,0.0,0,10.0,0,2.0,39.5,100,0,45.8,48.8697619047619,MODERATE,60.75904761904762,MODERATE
SME_0632,Hospitality,30637.2,20129.64,557.17,20896.15,3246.85,57291.67,1,0.068,7,0.909,0.355,0,0,1,0,1,1,2,1,0.887,0,1,0.6820515582363924,0.6570326270024676,0.027679084176368777,34.10257791181962,32.85163135012338,97.23209158236313,58.97909941152815,10.0,45.333333333333336,90.9,88.75,57.14285714285714,58.4252380952381,0.0,0.0,0,100.0,25.0,20.0,100,20.0,0,38.0,11.299999999999999,100,0,34.519999999999996,46.45203934726797,MODERATE,58.97909941152815,MODERATE
SME_0633,Transport,20317.36,24945.96,15679.98,19961.71,11372.97,4572.47,4,0.054,14,0.772,0.02,1,3,0,1,0,1,3,0,0.694,0,1,0.9824952651328716,1.227815031086716,0.6285578907366163,49.124763256643575,61.3907515543358,37.144210926338374,48.01233881382916,40.0,36.0,77.2,5.0,7.14285714285714,33.06857142857143,20.0,30.0,100,75.0,55.75,0.0,100,30.0,100,66.0,30.600000000000005,100,0,42.24,47.9448445012916,MODERATE,66.0,MODERATE
SME_0634,Professional Services,67075.94,16287.39,1370.05,130659.01,12263.48,38745.45,4,0.044,9,0.661,0.055,0,2,1,4,1,0,1,1,0.564,0,0,1.9479266336036438,0.24282015279994584,0.0841172219735636,97.39633168018219,12.141007639997293,91.58827780264363,69.49651291711129,40.0,29.333333333333332,66.10000000000001,13.749999999999998,42.85714285714286,38.40809523809524,0.0,20.0,0,0.0,4.0,20.0,0,10.0,0,6.0,43.60000000000001,100,100,77.44,39.8949776846572,MODERATE,77.44,MODERATE
SME_0635,Construction,42014.52,1867.04,6383.94,20852.93,13175.78,23332.51,2,0.026,11,0.828,0.033,2,3,0,2,1,0,3,0,0.426,0,0,0.4963267460868291,0.044437970492106064,3.4192840003427882,24.816337304341456,2.221898524605303,0.0,8.111470748684027,20.0,17.333333333333336,82.8,8.25,28.57142857142857,31.390952380952378,40.0,30.0,100,50.0,55.5,20.0,0,30.0,100,40.0,57.400000000000006,100,100,82.96000000000001,35.677179319843304,MODERATE,82.96000000000001,MODERATE
SME_0636,Manufacturing,8209.39,18244.88,7343.63,31527.76,10028.93,37985.55,3,0.119,2,0.164,0.337,0,2,0,0,0,0,0,1,0.647,1,1,3.840450995749989,2.222440400565694,0.4025036064912457,100.0,100.0,59.74963935087543,83.89985574035018,30.0,79.33333333333333,16.400000000000002,84.25,92.85714285714286,60.56809523809524,0.0,20.0,100,100.0,54.0,0.0,0,0.0,0,0.0,35.3,0,0,14.12,52.52398053162886,HIGH,83.89985574035018,HIGH
SME_0637,Hospitality,12783.63,5681.33,36128.25,28287.86,5360.23,8043.92,6,0.143,8,0.493,0.004,1,5,0,0,1,1,2,0,0.477,0,0,2.2128190506139496,0.444422280682404,6.3591183754508185,100.0,22.221114034120202,0.0,36.66633421023606,60.0,95.33333333333333,49.3,1.0,50.0,51.126666666666665,20.0,50.0,100,100.0,66.0,20.0,100,20.0,100,68.0,52.300000000000004,100,100,80.92,55.273566929737484,HIGH,80.92,HIGH
SME_0638,Agriculture,37917.3,15223.03,4003.98,18104.86,9521.69,10554.14,2,0.062,3,0.941,0.345,1,3,1,2,1,0,2,0,0.969,1,0,0.47748283764930516,0.40147979945829476,0.2630212250780561,23.874141882465256,20.073989972914738,73.69787749219438,42.66359055349175,20.0,41.333333333333336,94.1,86.25,85.71428571428572,65.47952380952381,20.0,30.0,0,50.0,24.5,20.0,0,20.0,100,38.0,3.1000000000000028,0,100,31.240000000000002,42.89295811842848,MODERATE,65.47952380952381,MODERATE
SME_0639,Manufacturing,49231.76,5851.63,29590.5,32482.52,6747.0,12609.43,2,0.143,9,0.754,0.181,3,0,1,0,0,0,3,0,0.644,0,0,0.659787909268326,0.11885884234079788,5.056796140562544,32.9893954634163,5.942942117039894,0.0,11.679701274136857,20.0,95.33333333333333,75.4,45.24999999999999,42.85714285714286,55.76809523809524,60.0,0.0,0,100.0,43.0,0.0,0,30.0,100,36.0,35.6,100,100,74.24000000000001,38.86993419176486,MODERATE,74.24000000000001,MODERATE
SME_0640,Agriculture,66478.37,5796.03,2461.14,32026.0,2314.94,7815.81,4,0.124,10,0.918,0.002,1,3,0,4,0,1,1,1,0.306,1,0,0.4817506807101318,0.08718670448748969,0.4246251313398999,24.08753403550659,4.359335224374485,57.53748686601001,31.549055524368327,40.0,82.66666666666667,91.8,0.5,35.71428571428571,50.13619047619048,20.0,30.0,100,0.0,37.0,0.0,100,10.0,0,32.0,69.39999999999999,0,100,57.76,39.974764276358115,MODERATE,57.76,MODERATE
SME_0641,Professional Services,66054.7,48350.14,30756.8,32490.7,4989.88,14696.94,5,0.072,12,0.763,0.161,0,2,1,0,0,0,2,1,0.365,0,1,0.49187567273789756,0.7319712299049121,0.6361263897064207,24.593783636894877,36.598561495245605,36.38736102935793,32.91264795138532,50.0,48.0,76.3,40.25,21.42857142857143,47.19571428571428,0.0,20.0,0,100.0,29.0,0.0,0,20.0,0,4.0,63.5,100,0,55.400000000000006,33.612722956844166,MODERATE,55.400000000000006,MODERATE
SME_0642,Retail,23272.16,13933.53,4978.34,12704.6,22268.48,49704.09,2,0.101,4,0.844,0.075,2,4,1,0,0,0,2,1,0.499,1,0,0.5459140879058927,0.5987209610109246,0.3572920860686416,27.295704395294635,29.936048050546233,64.27079139313584,42.877842291006594,20.0,67.33333333333334,84.39999999999999,18.749999999999996,78.57142857142857,53.81095238095238,40.0,40.0,0,100.0,45.0,0.0,0,20.0,0,4.0,50.1,0,100,50.040000000000006,40.92009078254007,MODERATE,53.81095238095238,MODERATE
SME_0643,Manufacturing,33414.85,13105.63,8609.58,24411.95,41764.63,3735.03,2,0.065,3,0.701,0.25,0,2,1,1,1,0,0,1,0.365,0,1,0.7305718864516825,0.3922097510537979,0.6569375146406544,36.52859432258413,19.610487552689897,34.30624853593456,30.56422397695603,20.0,43.333333333333336,70.1,62.5,85.71428571428572,56.32952380952381,0.0,20.0,0,75.0,22.75,20.0,0,0.0,0,4.0,63.5,100,0,55.400000000000006,33.94164814546777,MODERATE,56.32952380952381,MODERATE
SME_0644,Hospitality,70659.08,26480.03,5714.82,64168.94,17970.52,6642.02,4,0.084,10,0.746,0.272,0,4,1,4,0,0,0,1,0.926,0,0,0.9081485351917971,0.3747576390748365,0.21581622075201576,45.40742675958985,18.737881953741827,78.41837792479842,50.61094378391887,40.0,56.00000000000001,74.6,68.0,35.71428571428571,54.86285714285715,0.0,40.0,0,0.0,8.0,0.0,0,0.0,0,0.0,7.399999999999995,100,100,62.96,36.79499742088995,MODERATE,62.96,MODERATE
SME_0645,Manufacturing,19613.71,13381.85,28841.2,25062.7,40121.53,6023.91,3,0.009,6,0.545,0.195,2,4,1,4,0,0,1,1,0.898,1,0,1.2778153648646788,0.682270207931085,2.1552475928216204,63.89076824323394,34.11351039655425,0.0,29.401283591936455,30.0,6.0,54.50000000000001,48.75,64.28571428571428,40.707142857142856,40.0,40.0,0,0.0,20.0,0.0,0,10.0,0,2.0,10.199999999999998,0,100,34.08,26.705170791866653,LOW,40.707142857142856,LOW
SME_0646,Manufacturing,33874.31,96874.53,23740.47,35268.11,10798.8,11022.41,4,0.104,10,0.886,0.016,1,2,1,1,2,0,4,0,0.98,1,1,1.041146225561495,2.859822974991963,0.24506410508520662,52.05731127807475,100.0,75.49358949147934,75.81462918001417,40.0,69.33333333333334,88.6,4.0,35.71428571428571,47.52952380952381,20.0,20.0,0,75.0,28.75,40.0,0,40.0,100,46.0,2.0000000000000018,0,0,0.8000000000000007,47.3567697063852,MODERATE,75.81462918001417,MODERATE
SME_0647,Manufacturing,19247.31,14468.24,12465.23,35453.94,47977.09,10622.06,3,0.008,13,0.801,0.262,1,2,1,3,3,0,3,1,0.795,1,0,1.8420205213092116,0.751701926139289,0.86155814390693,92.10102606546057,37.58509630696445,13.844185609307003,44.44351095545031,30.0,5.333333333333334,80.10000000000001,65.5,14.28571428571429,39.04380952380953,20.0,20.0,0,25.0,16.25,60.0,0,30.0,0,18.0,20.499999999999996,0,100,38.2,32.86400566758748,MODERATE,44.44351095545031,MODERATE
SME_0648,Construction,16088.7,24106.27,2528.37,45540.07,63537.14,24046.51,2,0.123,9,0.817,0.337,1,3,0,2,0,0,3,1,0.752,0,0,2.830562444448588,1.4983354776955253,0.10488433092303372,100.0,74.91677388477626,89.51156690769663,88.27965892851154,20.0,82.0,81.69999999999999,84.25,42.85714285714286,62.16142857142857,20.0,30.0,100,50.0,49.5,0.0,0,30.0,0,6.0,24.8,100,100,69.92,59.81625482141061,HIGH,88.27965892851154,HIGH
SME_0649,Manufacturing,25986.68,39139.21,3913.45,52449.37,2101.1,12369.79,5,0.124,7,0.672,0.288,2,2,1,4,0,0,0,1,0.946,1,0,2.0183174610993015,1.5061258306178396,0.09998796603201751,100.0,75.30629153089198,90.00120339679825,88.5923688179869,50.0,82.66666666666667,67.2,71.99999999999999,57.14285714285714,65.80190476190477,40.0,20.0,0,0.0,16.0,0.0,0,0.0,0,0.0,5.400000000000005,0,100,32.160000000000004,49.444186835872266,MODERATE,88.5923688179869,MODERATE
SME_0650,Agriculture,14423.24,64856.32,2860.12,25205.11,12206.02,15760.42,0,0.036,4,0.359,0.332,1,2,0,3,1,1,1,1,0.962,0,1,1.7475345345428628,4.4966540111653135,0.044099326017880754,87.37672672714314,100.0,95.59006739821191,94.4490449774277,0.0,24.0,35.9,83.0,78.57142857142857,44.29428571428572,20.0,20.0,100,25.0,41.25,20.0,100,10.0,0,36.0,3.8000000000000034,100,0,31.520000000000003,56.21028492179974,HIGH,94.4490449774277,CRITICAL REVIEW
SME_0651,Retail,22514.13,9941.99,844.76,12059.61,10808.93,17175.95,4,0.049,3,0.13,0.08,0,3,1,2,0,1,2,1,0.914,0,0,0.5356462808023228,0.4415889043902651,0.08496890461567554,26.78231404011614,22.079445219513254,91.50310953843245,51.2597715932618,40.0,32.66666666666667,13.0,20.0,85.71428571428572,38.27619047619048,0.0,30.0,0,50.0,18.5,0.0,100,20.0,0,34.0,8.599999999999996,100,100,63.44,40.09097909702616,MODERATE,63.44,MODERATE
SME_0652,Professional Services,10923.45,12884.19,28240.57,8868.29,6827.04,14965.84,3,0.072,10,0.895,0.356,0,3,1,4,2,0,3,1,0.903,1,0,0.8118579752733798,1.179498235447592,2.191877797517733,40.59289876366899,58.9749117723796,0.0,29.870343160814578,30.0,48.0,89.5,88.99999999999999,35.71428571428571,58.442857142857136,0.0,30.0,0,0.0,6.0,40.0,0,30.0,0,14.0,9.699999999999998,0,100,33.879999999999995,30.259817233958657,MODERATE,58.442857142857136,MODERATE
SME_0653,Transport,21474.8,49901.21,5763.92,83003.58,15569.43,22598.61,1,0.089,4,0.598,0.129,1,2,1,0,0,1,2,0,0.77,0,1,3.865161957270848,2.32371011604299,0.11550661797579659,100.0,100.0,88.44933820242034,95.37973528096813,10.0,59.333333333333336,59.8,32.25,78.57142857142857,47.990952380952386,20.0,20.0,0,100.0,35.0,0.0,100,20.0,100,64.0,23.0,100,0,39.2,61.13165867952854,HIGH,95.37973528096813,CRITICAL REVIEW
SME_0654,Manufacturing,35787.12,34412.56,5702.74,64809.22,10377.06,10749.03,4,0.043,3,0.353,0.005,2,2,1,4,0,0,1,1,0.301,1,0,1.8109649505185104,0.9615906504910146,0.16571681967281715,90.54824752592552,48.07953252455073,83.42831803271828,74.95966122823019,40.0,28.666666666666668,35.3,1.25,85.71428571428572,38.186190476190475,40.0,20.0,0,0.0,16.0,0.0,0,10.0,0,2.0,69.9,0,100,57.96000000000001,41.330445987516676,MODERATE,74.95966122823019,MODERATE
SME_0655,Hospitality,15609.27,42542.88,35714.04,57429.73,5158.68,52806.71,4,0.089,12,0.227,0.337,0,2,1,2,0,0,2,0,0.601,0,0,3.679206650919614,2.7254881234035926,0.8394833636086697,100.0,100.0,16.05166363913303,66.42066545565321,40.0,59.333333333333336,22.7,84.25,21.42857142857143,45.54238095238095,0.0,20.0,0,50.0,16.5,0.0,0,20.0,100,34.0,39.900000000000006,100,100,75.96000000000001,47.307794874791206,MODERATE,75.96000000000001,MODERATE
SME_0656,Manufacturing,25186.53,6021.93,4970.16,67518.45,9763.4,118198.39,3,0.045,3,0.805,0.377,0,4,0,3,0,0,3,0,0.745,1,0,2.6807364889089524,0.239093277239858,0.8253433699827131,100.0,11.9546638619929,17.465663001728693,40.57266435928935,30.0,30.0,80.5,94.25,85.71428571428572,64.09285714285716,0.0,40.0,100,25.0,39.25,0.0,0,30.0,100,36.0,25.5,0,100,40.2,45.4650135935011,MODERATE,64.09285714285716,MODERATE
SME_0657,Hospitality,27948.12,62101.59,3452.06,25524.57,29568.81,22658.03,0,0.008,12,0.811,0.262,2,4,1,0,0,0,0,1,0.683,1,1,0.9132839704423769,2.222031034645622,0.055587304608464935,45.664198522118845,100.0,94.44126953915351,81.47576737229706,0.0,5.333333333333334,81.10000000000001,65.5,21.42857142857143,34.672380952380955,40.0,40.0,0,100.0,45.0,0.0,0,0.0,0,0.0,31.699999999999996,0,0,12.68,43.37882544978436,MODERATE,81.47576737229706,MODERATE
SME_0658,Agriculture,35905.98,9788.87,6389.75,16059.83,11785.49,14733.13,3,0.0,14,0.792,0.093,2,3,0,2,3,0,1,0,0.875,0,0,0.4472745208458312,0.27262506134075715,0.6527566511762849,22.36372604229156,13.631253067037857,34.72433488237151,24.688227685747428,30.0,0.0,79.2,23.25,7.14285714285714,27.91857142857143,40.0,30.0,100,50.0,55.5,60.0,0,10.0,100,44.0,12.5,100,100,65.0,38.586111162867084,MODERATE,65.0,MODERATE
SME_0659,Hospitality,22466.2,20993.36,2577.38,11254.75,17581.45,21052.74,5,0.015,13,0.648,0.101,3,2,1,2,1,0,3,1,0.873,0,0,0.5009636698685136,0.9344419617024686,0.122771200036583,25.04818349342568,46.722098085123434,87.7228799963417,56.62023647210142,50.0,10.0,64.8,25.25,14.28571428571429,32.86714285714286,60.0,20.0,0,50.0,34.5,20.0,0,30.0,0,10.0,12.7,100,100,65.08,40.11085665591614,MODERATE,65.08,MODERATE
SME_0660,Transport,59594.83,15987.28,11288.64,10093.05,7793.09,4454.78,1,0.119,9,0.411,0.187,1,4,1,4,0,1,1,1,0.719,1,0,0.16936116773887935,0.2682662237647125,0.706101350573706,8.468058386943968,13.413311188235625,29.389864942629394,18.320356849605638,10.0,79.33333333333333,41.099999999999994,46.75,42.85714285714286,44.00809523809524,20.0,40.0,0,0.0,14.0,0.0,100,10.0,0,32.0,28.1,0,100,41.24,28.2221308644055,LOW,44.00809523809524,LOW
SME_0661,Retail,4655.93,8913.66,5505.68,100821.95,15020.9,14111.66,5,0.144,4,0.358,0.359,0,2,1,1,0,0,1,1,0.315,1,1,21.654524445169923,1.9144746591980548,0.6176677144966266,100.0,95.72373295990275,38.23322855033734,74.01041130810576,50.0,96.0,35.8,89.75,78.57142857142857,70.02428571428572,0.0,20.0,0,75.0,22.75,0.0,0,10.0,0,2.0,68.5,0,0,27.400000000000002,47.299194821003155,MODERATE,74.01041130810576,MODERATE
SME_0662,Hospitality,262192.27,5814.43,4817.09,18321.08,3367.91,6213.44,2,0.064,9,0.107,0.06,1,2,0,1,2,0,2,0,0.559,0,1,0.06987650703813655,0.022176206796638207,0.8284715784694286,3.493825351906828,1.1088103398319105,17.152842153057136,8.241927568744476,20.0,42.66666666666667,10.7,15.0,42.85714285714286,26.24476190476191,20.0,20.0,100,75.0,53.75,40.0,0,20.0,100,42.0,44.099999999999994,100,0,47.64,30.84776874681382,MODERATE,53.75,MODERATE
SME_0663,Hospitality,12453.09,4460.64,4417.34,86147.11,6377.89,18989.49,2,0.077,12,0.809,0.33,0,6,1,0,0,0,2,0,0.46,1,1,6.917729655852483,0.3581954358315888,0.9902928727716201,100.0,17.90977179157944,0.9707127228379853,35.76121662660903,20.0,51.33333333333333,80.9,82.5,21.42857142857143,51.23238095238096,0.0,60.0,0,100.0,37.0,0.0,0,20.0,100,34.0,54.0,0,0,21.6,38.196460226077946,MODERATE,51.23238095238096,MODERATE
SME_0664,Retail,34521.69,19798.11,7193.8,24886.15,9117.39,6241.27,2,0.022,10,0.174,0.117,1,1,0,2,1,0,3,1,0.537,0,0,0.7208844642310385,0.5734977053556763,0.363357916487988,36.04422321155192,28.674885267783818,63.664208351201204,44.8814158842812,20.0,14.666666666666666,17.4,29.25,35.71428571428571,23.406190476190478,20.0,10.0,100,50.0,45.5,20.0,0,30.0,0,10.0,46.3,100,100,78.52,37.76797238433198,MODERATE,78.52,MODERATE
SME_0665,Transport,11800.02,5312.79,8696.52,15255.75,3170.48,8798.73,3,0.083,5,0.636,0.323,2,0,1,3,2,0,7,1,0.732,1,1,1.2928579782068166,0.4502356775666482,1.6369026443732955,64.64289891034083,22.51178387833241,0.0,26.146404836601974,30.0,55.333333333333336,63.6,80.75,71.42857142857143,60.22238095238095,40.0,0.0,0,25.0,18.25,40.0,0,70.0,0,22.0,26.8,0,0,10.72,30.92151668907583,MODERATE,60.22238095238095,MODERATE
SME_0666,Manufacturing,41858.31,7266.82,4756.28,10042.57,4736.93,2225.84,5,0.022,7,0.528,0.368,0,1,1,0,1,0,1,1,0.347,1,1,0.23991819067707226,0.17360519332959215,0.6545201339788242,11.995909533853613,8.680259666479607,34.547986602117575,20.022045400946997,50.0,14.666666666666666,52.800000000000004,92.0,57.14285714285714,53.32190476190477,0.0,10.0,0,100.0,27.0,20.0,0,10.0,0,6.0,65.3,0,0,26.12,28.24908981076029,LOW,53.32190476190477,LOW
SME_0667,Hospitality,31191.05,15118.86,5588.3,16660.54,13255.14,4174.46,5,0.092,14,0.548,0.171,3,1,1,0,2,0,5,1,0.316,0,0,0.5341448909222357,0.4847178918311503,0.36962442935512335,26.707244546111784,24.235894591557518,63.03755706448766,40.49796456709585,50.0,61.33333333333334,54.800000000000004,42.75,7.14285714285714,43.2052380952381,60.0,10.0,0,100.0,45.0,40.0,0,50.0,0,18.0,68.39999999999999,100,100,87.36,43.38669889393829,MODERATE,87.36,MODERATE
SME_0668,Retail,14854.53,2180.0,7373.69,123895.21,11239.49,16515.4,2,0.14,5,0.888,0.146,0,2,0,4,1,0,2,1,0.606,1,1,8.340567490186496,0.14675657863291533,3.382426605504587,100.0,7.337828931645767,0.0,32.201348679493734,20.0,93.33333333333334,88.8,36.49999999999999,71.42857142857143,62.01238095238095,0.0,20.0,100,0.0,29.0,20.0,0,20.0,0,8.0,39.4,0,0,15.76,33.739499841943356,MODERATE,62.01238095238095,MODERATE
SME_0669,Agriculture,58988.69,33567.41,6666.02,10145.06,20662.37,5490.09,3,0.029,1,0.127,0.321,2,0,0,3,1,1,2,1,0.856,0,0,0.17198313778454818,0.569048236195786,0.19858606904732892,8.599156889227409,28.452411809789304,80.1413930952671,43.172027847811854,30.0,19.333333333333336,12.7,80.25,100.0,48.45666666666666,40.0,0.0,100,25.0,43.25,20.0,100,20.0,0,38.0,14.400000000000002,100,100,65.76,45.99177502101023,MODERATE,65.76,MODERATE
SME_0670,Retail,21926.74,2618.13,8252.51,249122.37,5824.8,31258.87,0,0.115,2,0.757,0.212,2,5,1,2,0,0,1,0,0.321,0,1,11.361578146135722,0.11940352282190603,3.1520627317971224,100.0,5.970176141095301,0.0,31.79105284232859,0.0,76.66666666666667,75.7,52.99999999999999,92.85714285714286,59.64476190476191,40.0,50.0,0,50.0,34.5,0.0,0,10.0,100,32.0,67.9,100,0,57.160000000000004,41.86450632888905,MODERATE,59.64476190476191,MODERATE
SME_0671,Agriculture,38731.32,16919.62,4066.45,12943.45,10532.09,5085.57,4,0.004,11,0.144,0.274,3,4,0,2,2,0,3,1,0.894,1,0,0.3341856151558997,0.43684594276673244,0.24033932204151157,16.709280757794982,21.842297138336622,75.96606779584884,41.95190048717902,40.0,2.666666666666667,14.399999999999999,68.5,28.57142857142857,30.827619047619052,60.0,40.0,100,50.0,63.5,40.0,0,30.0,0,14.0,10.599999999999998,0,100,34.24,38.51647490805847,MODERATE,63.5,MODERATE
SME_0672,Transport,12002.9,18217.58,21846.36,63506.82,5462.49,18044.41,2,0.056,5,0.132,0.249,0,3,1,2,3,0,0,1,0.569,0,1,5.290956352214882,1.517764873488907,1.1991911110037665,100.0,75.88824367444535,0.0,52.766473102333606,20.0,37.333333333333336,13.200000000000001,62.24999999999999,71.42857142857143,40.84238095238096,0.0,30.0,0,50.0,18.5,60.0,0,0.0,0,12.0,43.10000000000001,100,0,47.24000000000001,36.26453716879532,MODERATE,52.766473102333606,MODERATE
SME_0673,Manufacturing,24389.82,27683.07,8813.37,25944.15,18879.96,6044.92,8,0.017,6,0.465,0.061,0,2,0,0,1,0,4,1,0.383,0,1,1.0637286376037216,1.1350255967448715,0.3183667851867586,53.18643188018608,56.75127983724357,68.16332148132413,60.24664210775855,80.0,11.333333333333334,46.5,15.25,64.28571428571428,43.47380952380952,0.0,20.0,100,100.0,54.0,20.0,0,40.0,0,12.0,61.7,100,0,54.68000000000001,47.01044501327995,MODERATE,60.24664210775855,MODERATE
SME_0674,Retail,124163.8,17409.69,4833.62,21772.28,29202.57,16976.49,5,0.053,7,0.154,0.338,3,1,0,4,0,0,4,0,0.697,1,1,0.1753512698548208,0.1402155056465733,0.27763963631747607,8.76756349274104,7.010775282328666,72.2360363682524,33.627916179821874,50.0,35.333333333333336,15.4,84.5,57.14285714285714,48.4752380952381,60.0,10.0,100,0.0,45.0,0.0,0,40.0,100,38.0,30.300000000000004,0,0,12.120000000000003,38.11918437775609,MODERATE,48.4752380952381,MODERATE
SME_0675,Professional Services,54014.27,90441.04,11288.97,8412.99,15449.51,3014.99,4,0.026,2,0.771,0.078,0,2,0,0,3,0,2,1,0.967,0,0,0.15575495142302212,1.6743916005899921,0.12482132005558538,7.787747571151106,83.71958002949961,87.51786799444146,62.459345477971794,40.0,17.333333333333336,77.10000000000001,19.499999999999996,92.85714285714286,49.358095238095245,0.0,20.0,100,100.0,54.0,60.0,0,20.0,0,16.0,3.300000000000003,100,100,61.32,50.40932745291535,HIGH,62.459345477971794,HIGH
SME_0676,Professional Services,31975.58,21400.73,7426.64,27188.78,25988.65,7980.83,3,0.056,10,0.55,0.373,3,3,0,1,0,1,1,1,0.68,0,1,0.8502982588587915,0.6692835595163559,0.34702741448539376,42.514912942939574,33.46417797581779,65.29725855146063,48.912630696211465,30.0,37.333333333333336,55.00000000000001,93.25,35.71428571428571,50.25952380952381,60.0,30.0,100,75.0,67.75,0.0,100,10.0,0,32.0,31.999999999999996,100,0,42.8,49.868670161244395,MODERATE,67.75,MODERATE
SME_0677,Construction,17456.97,41815.27,1412.86,9420.72,10296.82,5603.07,3,0.063,9,0.125,0.1,3,4,1,1,1,0,0,1,0.781,0,1,0.5396537887159111,2.3953337835832906,0.033788135291246475,26.982689435795553,100.0,96.62118647087536,76.74328141908882,30.0,42.00000000000001,12.5,25.0,42.85714285714286,30.471428571428575,60.0,40.0,0,75.0,44.75,20.0,0,0.0,0,4.0,21.9,100,0,38.76,44.06684156858379,MODERATE,76.74328141908882,MODERATE
SME_0678,Hospitality,26387.08,10090.57,11250.29,5582.41,20648.02,26570.88,1,0.045,6,0.134,0.294,2,1,0,2,2,1,1,0,0.871,0,0,0.21155845967041445,0.3824057076417701,1.114931069305302,10.577922983520722,19.120285382088507,0.0,8.909462509682768,10.0,30.0,13.4,73.49999999999999,64.28571428571428,38.23714285714285,40.0,10.0,100,50.0,51.5,40.0,100,10.0,100,70.0,12.9,100,100,65.16,39.54812446719054,MODERATE,70.0,MODERATE
SME_0679,Transport,29280.7,19825.66,2886.18,33811.33,10702.33,18191.29,1,0.098,2,0.621,0.114,0,0,1,4,0,0,0,1,0.86,0,1,1.1547309319790853,0.6770896870634923,0.14557800345612706,57.73654659895426,33.85448435317461,85.4421996543873,61.65418914739358,10.0,65.33333333333334,62.1,28.499999999999996,92.85714285714286,51.75809523809524,0.0,0.0,0,0.0,0.0,0.0,0,0.0,0,0.0,14.000000000000002,100,0,35.6,34.99578055374188,MODERATE,61.65418914739358,MODERATE
SME_0680,Retail,35811.12,62080.25,20366.05,15891.34,3975.5,3957.4,3,0.138,2,0.785,0.127,0,1,1,2,1,0,1,1,0.351,1,0,0.44375434222666027,1.7335467307361512,0.3280600513045614,22.187717111333015,86.67733653680756,67.19399486954386,59.53711404225972,30.0,92.00000000000001,78.5,31.75,92.85714285714286,65.02142857142857,0.0,10.0,0,50.0,14.5,20.0,0,10.0,0,6.0,64.9,0,100,55.96000000000001,43.51249135553506,MODERATE,65.02142857142857,MODERATE
SME_0681,Professional Services,10565.01,14882.94,6282.02,161668.17,12486.33,9994.59,4,0.06,3,0.472,0.124,1,0,1,2,1,0,2,1,0.819,0,0,15.302225932583122,1.40870098561194,0.4220953655662121,100.0,70.435049280597,57.79046344337879,74.24670016153061,40.0,40.0,47.199999999999996,31.0,85.71428571428572,48.78285714285714,20.0,0.0,0,50.0,18.5,20.0,0,20.0,0,8.0,18.100000000000005,100,100,67.24000000000001,46.09372433417347,MODERATE,74.24670016153061,MODERATE
SME_0682,Hospitality,42674.53,20992.38,17453.0,81550.23,4082.94,5988.38,2,0.029,1,0.571,0.299,0,2,1,0,0,0,6,1,0.965,0,1,1.9109813277381145,0.4919182472542756,0.831396916404905,95.54906638690572,24.59591236271378,16.860308359509503,42.78761696868965,20.0,19.333333333333336,57.099999999999994,74.75,100.0,54.23666666666667,0.0,20.0,0,100.0,29.0,0.0,0,60.0,0,12.0,3.500000000000003,100,0,31.400000000000002,37.13545175727356,MODERATE,54.23666666666667,MODERATE
SME_0683,Professional Services,10456.27,39450.81,4259.8,163797.28,82088.76,28223.02,2,0.041,9,0.78,0.223,1,2,1,2,3,0,3,1,0.79,0,0,15.664981872120746,3.7729333691651035,0.1079775041374309,100.0,100.0,89.20224958625691,95.68089983450277,20.0,27.333333333333336,78.0,55.75,42.85714285714286,44.78809523809524,20.0,20.0,0,50.0,22.5,60.0,0,30.0,0,18.0,20.999999999999996,100,100,68.4,53.94129375987465,HIGH,95.68089983450277,CRITICAL REVIEW
SME_0684,Retail,92183.07,9940.21,8579.46,15185.1,7403.15,37685.61,4,0.128,14,0.619,0.353,2,0,1,2,2,0,1,1,0.886,0,1,0.16472764467488443,0.10783118852518145,0.8631065138462869,8.236382233744221,5.3915594262590725,13.68934861537131,9.564121944149512,40.0,85.33333333333334,61.9,88.25,7.14285714285714,56.52523809523811,40.0,0.0,0,50.0,24.5,40.0,0,10.0,0,10.0,11.399999999999999,100,0,34.56,26.85654610705438,LOW,56.52523809523811,LOW
SME_0685,Agriculture,13484.94,3193.52,26834.41,34375.19,17869.93,3278.63,2,0.086,10,0.291,0.123,0,0,1,4,4,0,6,1,0.64,0,1,2.549154093381209,0.23682122426944427,8.402768731681656,100.0,11.841061213472214,0.0,33.55231836404167,20.0,57.333333333333336,29.099999999999998,30.75,35.71428571428571,34.579523809523806,0.0,0.0,0,0.0,0.0,80.0,0,60.0,0,28.0,36.0,100,0,44.4,27.35057646159345,LOW,44.4,LOW
SME_0686,Retail,31695.62,22083.5,6113.04,2182.62,9888.9,25252.86,3,0.068,11,0.621,0.277,0,0,1,4,1,0,2,1,0.523,1,1,0.06886188060053723,0.6967366468931669,0.276814816491951,3.4430940300268618,34.83683234465835,72.3185183508049,40.41138525272752,30.0,45.333333333333336,62.1,69.25,28.57142857142857,47.05095238095239,0.0,0.0,0,0.0,0.0,20.0,0,20.0,0,8.0,47.699999999999996,0,0,19.08,26.994153671056353,LOW,47.05095238095239,LOW
SME_0687,Construction,55867.89,39698.25,4431.0,22632.68,3294.76,5719.84,2,0.022,4,0.634,0.301,1,0,0,4,2,0,2,1,0.773,0,0,0.40511069954494433,0.7105736407800617,0.11161701082541421,20.255534977247216,35.52868203900309,88.83829891745859,52.27058467185853,20.0,14.666666666666666,63.4,75.25,78.57142857142857,50.37761904761905,20.0,0.0,100,0.0,31.0,40.0,0,20.0,0,12.0,22.7,100,100,69.08,43.183580163462324,MODERATE,69.08,MODERATE
SME_0688,Retail,20429.33,6105.65,15401.77,33105.38,1811.06,9557.07,1,0.067,5,0.724,0.061,1,2,1,2,0,1,1,0,0.645,1,1,1.6204829037467208,0.2988668742440403,2.5225438732976837,81.02414518733603,14.943343712202015,0.0,28.790246669861414,10.0,44.66666666666667,72.39999999999999,15.25,71.42857142857143,42.74904761904762,20.0,20.0,0,50.0,22.5,0.0,100,10.0,100,62.0,35.5,0,0,14.200000000000001,34.54433590572033,MODERATE,62.0,MODERATE
SME_0689,Retail,32830.43,30770.23,15106.17,34996.41,19622.91,12353.45,4,0.042,7,0.628,0.16,1,3,0,4,1,0,1,1,0.927,0,1,1.0659747679211025,0.9372472428780251,0.4909345818994528,53.29873839605512,46.86236214390125,50.90654181005472,50.4109468860088,40.0,28.000000000000004,62.8,40.0,57.14285714285714,45.588571428571434,20.0,30.0,100,0.0,37.0,20.0,0,10.0,0,6.0,7.299999999999995,100,0,32.92,38.112426922945495,MODERATE,50.4109468860088,MODERATE
SME_0690,Construction,78808.52,30936.75,4621.38,28755.5,40325.82,61550.14,3,0.141,1,0.924,0.193,4,2,1,4,0,0,1,0,0.982,0,0,0.3648780614075737,0.39255590639184695,0.14938156076510947,18.243903070378682,19.627795319592348,85.06184392348905,45.38624708638693,30.0,94.0,92.4,48.25,100.0,72.93,80.0,20.0,0,0.0,28.0,0.0,0,10.0,100,32.0,1.8000000000000016,100,100,60.72,48.32037412591608,MODERATE,72.93,MODERATE
SME_0691,Transport,39267.54,2919.97,1098.54,32065.8,5161.68,4861.96,2,0.133,3,0.268,0.142,3,2,1,3,1,0,5,1,0.874,0,1,0.8165981367816777,0.07436090979979901,0.3762161940019932,40.82990683908388,3.7180454899899504,62.37838059980068,38.31573793864242,20.0,88.66666666666667,26.8,35.49999999999999,85.71428571428572,51.33619047619048,60.0,20.0,0,25.0,28.25,20.0,0,50.0,0,14.0,12.6,100,0,35.04,35.58276900064035,MODERATE,51.33619047619048,MODERATE
SME_0692,Retail,33225.46,8510.84,4346.71,1989.64,2251.42,25436.4,4,0.013,14,0.908,0.129,2,3,1,3,0,1,0,1,0.995,0,0,0.05988299334305681,0.25615416611237285,0.5107263207861974,2.9941496671528403,12.807708305618643,48.92736792138026,24.31150456038355,40.0,8.666666666666668,90.8,32.25,7.14285714285714,35.771904761904764,40.0,30.0,0,25.0,24.25,0.0,100,0.0,0,30.0,0.5000000000000004,100,100,60.2,31.606427558591257,MODERATE,60.2,MODERATE
SME_0693,Construction,6495.1,13114.37,15749.38,38761.18,7462.86,4181.01,2,0.077,3,0.558,0.275,1,2,1,1,0,1,1,1,0.544,1,1,5.967757232375175,2.0191174885683054,1.2009253971025675,100.0,100.0,0.0,60.0,20.0,51.33333333333333,55.800000000000004,68.75,85.71428571428572,56.319523809523815,20.0,20.0,0,75.0,28.75,0.0,100,10.0,0,32.0,45.599999999999994,0,0,18.24,44.45388095238095,MODERATE,60.0,MODERATE
SME_0694,Hospitality,11844.91,15590.67,3685.5,48649.29,4302.43,3928.95,3,0.034,2,0.671,0.086,1,3,1,0,1,0,3,1,0.927,1,1,4.10718950165092,1.3162337240215418,0.23639138022932946,100.0,65.8116862010771,76.36086197706705,80.28785065114994,30.0,22.666666666666668,67.10000000000001,21.499999999999996,92.85714285714286,46.824761904761914,20.0,30.0,0,100.0,37.0,20.0,0,30.0,0,10.0,7.299999999999995,0,0,2.919999999999998,44.984545671535464,MODERATE,80.28785065114994,MODERATE
SME_0695,Agriculture,57766.67,9933.02,7912.97,114345.3,5569.48,12311.38,0,0.062,8,0.185,0.284,1,3,1,0,2,1,2,1,0.531,0,0,1.9794338153817765,0.17195071137041482,0.7966328468079195,98.97169076908882,8.59753556852074,20.336715319208054,40.40545402896609,0.0,41.333333333333336,18.5,70.99999999999999,50.0,36.166666666666664,20.0,30.0,0,100.0,37.0,40.0,100,20.0,0,42.0,46.9,100,100,78.76,42.739302875356486,MODERATE,78.76,MODERATE
SME_0696,Agriculture,39442.19,9514.05,4145.22,43377.26,17321.03,12236.99,4,0.132,5,0.423,0.374,3,3,1,4,1,0,3,1,0.383,1,1,1.0997680402634844,0.2412150542350716,0.43569457801882483,54.98840201317422,12.060752711753581,56.430542198117514,42.68696329672535,40.0,88.00000000000001,42.3,93.5,71.42857142857143,67.0457142857143,60.0,30.0,0,0.0,24.0,20.0,0,30.0,0,10.0,61.7,0,0,24.680000000000003,38.33551756044618,MODERATE,67.0457142857143,MODERATE
SME_0697,Retail,44524.91,68549.63,1158.67,26323.45,9555.99,937.84,4,0.079,1,0.754,0.226,2,2,1,1,1,0,4,1,0.735,1,0,0.5912072590376937,1.5395793051574949,0.016902644113469322,29.560362951884684,76.97896525787475,98.30973558865307,71.28569269838906,40.0,52.66666666666667,75.4,56.49999999999999,100.0,64.91333333333333,40.0,20.0,0,75.0,34.75,20.0,0,40.0,0,12.0,26.5,0,100,40.6,50.42404114285005,HIGH,71.28569269838906,HIGH
SME_0698,Transport,41562.29,16515.91,4071.29,90571.47,4739.96,34074.3,3,0.05,12,0.701,0.245,0,0,0,1,0,0,1,1,0.618,1,0,2.1791741985342963,0.3973772859965127,0.24650715582732044,100.0,19.868864299825635,75.34928441726795,66.10037305685488,30.0,33.333333333333336,70.1,61.24999999999999,21.42857142857143,43.22238095238095,0.0,0.0,100,75.0,43.75,0.0,0,10.0,0,2.0,38.2,0,100,45.28,44.213707155151695,MODERATE,66.10037305685488,MODERATE
SME_0699,Transport,70153.17,10322.61,15682.94,2840.17,16983.39,1750.15,0,0.031,2,0.134,0.028,1,4,1,3,0,0,1,0,0.945,0,1,0.04048526958938563,0.14714388530126296,1.5192804920461007,2.0242634794692815,7.357194265063148,0.0,2.8144373233597286,0.0,20.666666666666668,13.4,6.999999999999999,92.85714285714286,26.784761904761908,20.0,40.0,0,25.0,20.25,0.0,0,10.0,100,32.0,5.500000000000005,100,0,32.2,19.6105216731984,LOW,32.2,LOW
SME_0700,Hospitality,20282.45,17416.82,747.66,17925.94,18224.56,10523.0,0,0.12,1,0.565,0.346,4,1,1,1,0,0,1,1,0.645,0,1,0.883815318169156,0.858713814159532,0.0429274689639096,44.1907659084578,42.9356907079766,95.70725310360903,64.42083822637395,0.0,80.0,56.49999999999999,86.49999999999999,100.0,64.6,80.0,10.0,0,75.0,44.75,0.0,0,10.0,0,2.0,35.5,100,0,44.2,49.14625146791218,MODERATE,64.6,MODERATE
SME_0701,Retail,27529.99,27661.58,10294.49,13948.72,7383.39,39636.9,3,0.094,6,0.175,0.114,2,2,0,2,1,0,7,1,0.949,0,1,0.5066736311927464,1.004779878234609,0.3721584233438581,25.333681559637323,50.23899391173045,62.78415766561418,47.785465707656,30.0,62.66666666666667,17.5,28.499999999999996,64.28571428571428,40.59047619047619,40.0,20.0,100,50.0,53.5,20.0,0,70.0,0,18.0,5.100000000000005,100,0,32.04,41.087258759915855,MODERATE,53.5,MODERATE
SME_0702,Agriculture,10978.47,18758.99,2443.36,28982.02,11321.57,87634.28,2,0.07,9,0.946,0.246,1,3,1,4,0,0,0,1,0.355,0,0,2.639896087524036,1.7087071331433252,0.13025008276031919,100.0,85.43535665716627,86.97499172396807,90.42060368673711,20.0,46.66666666666667,94.6,61.5,42.85714285714286,53.1247619047619,20.0,30.0,0,0.0,12.0,0.0,0,0.0,0,0.0,64.5,100,100,85.8,51.38737158221161,HIGH,90.42060368673711,CRITICAL REVIEW
SME_0703,Transport,8993.1,15268.47,14700.53,3328.44,15975.19,8655.21,3,0.033,11,0.863,0.392,0,5,0,2,0,0,1,1,0.881,1,1,0.37011041798712346,1.69779831203923,0.9628030837405451,18.505520899356174,84.88991560196149,3.719691625945487,32.506507600773496,30.0,22.000000000000004,86.3,98.0,28.57142857142857,52.97428571428572,0.0,50.0,100,50.0,47.5,0.0,0,10.0,0,2.0,11.899999999999999,0,0,4.76,33.27152370880347,MODERATE,52.97428571428572,MODERATE
SME_0704,Retail,6711.91,10701.23,16342.36,112261.73,14674.01,3304.39,2,0.05,7,0.118,0.238,0,1,1,0,2,0,0,0,0.831,1,1,16.725750196292857,1.5943643463634047,1.527147813849436,100.0,79.71821731817023,0.0,53.91546519545107,20.0,33.333333333333336,11.799999999999999,59.5,57.14285714285714,36.3552380952381,0.0,10.0,0,100.0,27.0,40.0,0,0.0,100,38.0,16.900000000000006,0,0,6.7600000000000025,37.03944908244485,MODERATE,53.91546519545107,MODERATE
SME_0705,Professional Services,12314.1,10598.02,6736.18,23368.47,10372.29,38336.41,6,0.144,5,0.83,0.29,0,2,1,3,0,0,3,1,0.804,0,0,1.8977001973347627,0.8606410537513907,0.6356074059116703,94.88500986673813,43.03205268756953,36.43925940883297,55.95082252982549,60.0,96.0,83.0,72.49999999999999,71.42857142857143,76.58571428571429,0.0,20.0,0,25.0,10.25,0.0,0,30.0,0,6.0,19.599999999999994,100,100,67.84,45.66567533037622,MODERATE,76.58571428571429,MODERATE
SME_0706,Transport,86567.57,11157.65,6751.56,41264.15,36303.44,26142.11,4,0.078,12,0.882,0.178,1,2,1,2,1,0,1,1,0.549,1,1,0.47666984299085674,0.12888949060254318,0.6051059138797149,23.83349214954284,6.444474530127159,39.48940861202851,24.879153448712405,40.0,52.0,88.2,44.49999999999999,21.42857142857143,49.22571428571428,20.0,20.0,0,50.0,22.5,20.0,0,10.0,0,6.0,45.099999999999994,0,0,18.04,26.97417460604229,LOW,49.22571428571428,LOW
SME_0707,Construction,7218.84,23604.17,3571.83,37498.04,16894.66,7727.72,3,0.06,13,0.401,0.024,0,3,1,4,1,0,0,0,0.849,1,1,5.1944689174438,3.269800965252035,0.15132199098718574,100.0,100.0,84.86780090128143,93.94712036051257,30.0,40.0,40.1,6.0,14.28571428571429,26.07714285714286,0.0,30.0,0,0.0,6.0,20.0,0,0.0,100,34.0,15.100000000000001,0,0,6.040000000000001,41.607421822439484,MODERATE,93.94712036051257,CRITICAL REVIEW
SME_0708,Professional Services,19610.15,8125.67,2083.1,106026.31,6665.69,6894.63,4,0.078,3,0.712,0.319,4,3,1,2,0,0,3,1,0.638,1,0,5.406705711073092,0.41436042049652855,0.2563603985886702,100.0,20.718021024826427,74.36396014113298,65.96099036390112,40.0,52.0,71.2,79.75,85.71428571428572,65.73285714285714,80.0,30.0,0,50.0,42.5,0.0,0,30.0,0,6.0,36.199999999999996,0,100,44.48,50.069511394884614,HIGH,65.96099036390112,HIGH
SME_0709,Transport,8884.96,24655.18,43708.14,4661.08,6701.85,6291.84,6,0.117,12,0.476,0.014,0,1,0,2,3,1,5,1,0.801,1,1,0.5246033746916138,2.7749342709477594,1.7727771608238105,26.23016873458069,100.0,0.0,37.86905062037421,60.0,78.0,47.599999999999994,3.4999999999999996,21.42857142857143,42.10571428571429,0.0,10.0,100,50.0,39.5,60.0,100,50.0,0,52.0,19.899999999999995,0,0,7.959999999999998,38.38314375754083,MODERATE,52.0,MODERATE
SME_0710,Agriculture,15457.54,55743.88,3368.17,33566.16,6051.51,8800.24,3,0.051,12,0.657,0.28,0,4,1,1,1,0,1,0,0.687,1,1,2.171507238538603,3.606258175621735,0.06042223827978964,100.0,100.0,93.95777617202103,97.58311046880841,30.0,34.0,65.7,70.0,21.42857142857143,44.22571428571428,0.0,40.0,0,75.0,26.75,20.0,0,10.0,100,36.0,31.299999999999994,0,0,12.519999999999998,52.333361712071095,HIGH,97.58311046880841,CRITICAL REVIEW
SME_0711,Manufacturing,28635.03,23357.96,38368.53,94384.38,17663.39,15948.55,0,0.027,8,0.389,0.009,0,2,1,3,2,0,3,1,0.41,0,1,3.2961159810204497,0.8157127825603815,1.6426318907986828,100.0,40.78563912801908,0.0,42.23569173840572,0.0,18.0,38.9,2.2499999999999996,50.0,21.83,0.0,20.0,0,25.0,10.25,40.0,0,30.0,0,14.0,59.00000000000001,100,0,53.60000000000001,27.63820752152172,LOW,53.60000000000001,LOW
SME_0712,Professional Services,14278.9,13392.61,3386.99,27199.84,5709.39,7210.18,0,0.088,10,0.374,0.345,2,3,1,0,0,0,4,1,0.345,1,0,1.9048974360770088,0.9379300926541961,0.25289992017986035,95.24487180385044,46.89650463270981,74.71000798201398,72.52641612377367,0.0,58.666666666666664,37.4,86.25,35.71428571428571,43.60619047619048,40.0,30.0,0,100.0,43.0,0.0,0,40.0,0,8.0,65.5,0,100,56.2,48.07947245617973,MODERATE,72.52641612377367,MODERATE
SME_0713,Hospitality,59776.21,6371.73,13526.25,11587.51,6822.16,8079.13,7,0.1,4,0.461,0.063,0,1,1,4,0,0,0,1,0.556,0,1,0.19384818810024926,0.10659307440200708,2.122853604907929,9.692409405012462,5.329653720100354,0.0,4.506618937533845,70.0,66.66666666666667,46.1,15.75,78.57142857142857,55.41761904761905,0.0,10.0,0,0.0,2.0,0.0,0,0.0,0,0.0,44.39999999999999,100,0,47.76,20.382390443164915,LOW,55.41761904761905,LOW
SME_0714,Hospitality,85290.09,63615.5,2564.17,16400.43,25914.57,21371.49,5,0.107,9,0.224,0.206,0,3,1,4,1,0,1,0,0.953,0,1,0.1922899835139112,0.7458721171474905,0.04030731504114563,9.61449917569556,37.29360585737452,95.96926849588544,52.460138908275205,50.0,71.33333333333334,22.400000000000002,51.49999999999999,42.85714285714286,47.618095238095236,0.0,30.0,0,0.0,6.0,20.0,0,10.0,100,36.0,4.700000000000005,100,0,31.880000000000003,37.43056548200637,MODERATE,52.460138908275205,MODERATE
SME_0715,Agriculture,4135.46,7059.38,13501.98,20252.04,11882.35,3160.51,2,0.132,5,0.806,0.239,1,1,1,0,0,0,1,1,0.671,0,1,4.8971674251473845,1.7070362184617915,1.9126297210236591,100.0,85.35181092308957,0.0,55.605543276926866,20.0,88.00000000000001,80.60000000000001,59.74999999999999,71.42857142857143,63.955714285714286,20.0,10.0,0,100.0,33.0,0.0,0,10.0,0,2.0,32.9,100,0,43.16,43.88659155450663,MODERATE,63.955714285714286,MODERATE
SME_0716,Transport,14475.85,35488.95,5776.82,14587.24,29407.93,8555.42,6,0.056,14,0.396,0.183,1,1,1,4,1,0,1,1,0.862,1,0,1.007694884929037,2.4515969701261064,0.1627779914593134,50.38474424645185,100.0,83.72220085406866,78.60430361556303,60.0,37.333333333333336,39.6,45.74999999999999,7.14285714285714,37.9652380952381,20.0,10.0,0,0.0,8.0,20.0,0,10.0,0,6.0,13.8,0,100,35.52,39.12460060847843,MODERATE,78.60430361556303,MODERATE
SME_0717,Retail,26211.27,29999.66,5852.83,25748.75,20508.49,2655.31,6,0.011,6,0.44,0.136,1,1,1,1,2,0,1,1,0.703,0,1,0.9823541552927424,1.1445328669690558,0.19509654442750352,49.11770776463712,57.22664334845279,80.49034555724965,64.09944355682683,60.0,7.333333333333333,44.0,34.0,64.28571428571428,41.923809523809524,20.0,10.0,0,75.0,26.75,40.0,0,10.0,0,10.0,29.700000000000003,100,0,41.88,40.74878544800043,MODERATE,64.09944355682683,MODERATE
SME_0718,Transport,61545.05,14893.98,14723.79,135564.13,3468.01,13229.88,2,0.144,5,0.86,0.187,1,4,1,2,0,0,0,1,0.971,1,1,2.2026812879346105,0.24200126573948674,0.9885732356294289,100.0,12.100063286974336,1.1426764370571107,34.087089560915146,20.0,96.0,86.0,46.75,71.42857142857143,64.03571428571429,20.0,40.0,0,50.0,26.5,0.0,0,0.0,0,0.0,2.9000000000000026,0,0,1.160000000000001,31.651055439703118,MODERATE,64.03571428571429,MODERATE
SME_0719,Agriculture,17382.79,14584.93,5004.31,16507.79,9121.78,2094.77,4,0.065,10,0.522,0.125,2,2,1,1,1,0,4,1,0.559,0,1,0.9496628561928206,0.8390442500887372,0.3431151195103439,47.48314280964103,41.95221250443686,65.68848804896561,53.10600181380961,40.0,43.333333333333336,52.2,31.25,35.71428571428571,40.49952380952381,40.0,20.0,0,75.0,34.75,20.0,0,40.0,0,12.0,44.099999999999994,100,0,47.64,39.57068149652384,MODERATE,53.10600181380961,MODERATE
SME_0720,Hospitality,24604.45,4144.59,1918.02,18421.59,24374.54,26733.45,2,0.093,12,0.563,0.175,1,0,1,1,1,0,5,1,0.34,0,1,0.7487096846302194,0.16844879686398193,0.4627767764724617,37.43548423151097,8.422439843199097,53.72232235275383,35.246306163514554,20.0,62.0,56.3,43.74999999999999,21.42857142857143,40.69571428571428,20.0,0.0,0,75.0,24.75,20.0,0,50.0,0,14.0,65.99999999999999,100,0,56.39999999999999,33.437820420482936,MODERATE,56.39999999999999,MODERATE
SME_0721,Transport,9909.37,23439.53,17128.56,47511.79,3328.85,3675.66,1,0.1,11,0.913,0.144,0,1,1,1,0,0,1,1,0.846,0,0,4.7946327566737335,2.3653905344133883,0.7307552668504873,100.0,100.0,26.92447331495127,70.76978932598051,10.0,66.66666666666667,91.3,35.99999999999999,28.57142857142857,46.50761904761905,0.0,10.0,0,75.0,20.75,0.0,0,10.0,0,2.0,15.400000000000002,100,100,66.16,43.923841559698914,MODERATE,70.76978932598051,MODERATE
SME_0722,Hospitality,7334.87,29556.77,2543.5,25188.23,14589.83,2434.12,5,0.082,7,0.854,0.226,1,4,1,0,1,0,1,1,0.794,0,0,3.4340390490901678,4.029624246919169,0.08605473466823337,100.0,100.0,91.39452653317667,96.55781061327068,50.0,54.66666666666667,85.39999999999999,56.49999999999999,57.14285714285714,60.74190476190476,20.0,40.0,0,100.0,39.0,20.0,0,10.0,0,6.0,20.599999999999994,100,100,68.24,59.67681937445739,HIGH,96.55781061327068,CRITICAL REVIEW
SME_0723,Professional Services,79454.42,7531.6,13409.44,7940.79,9653.03,8650.82,7,0.031,7,0.244,0.095,1,1,0,3,2,0,3,1,0.669,0,1,0.09994145070846909,0.09479145401854297,1.7804238143289606,4.997072535423454,4.739572700927148,0.0,2.9209935709051806,70.0,20.666666666666668,24.4,23.75,57.14285714285714,39.19190476190476,20.0,10.0,100,25.0,39.25,40.0,0,30.0,0,14.0,33.099999999999994,100,0,43.239999999999995,24.94827426174775,LOW,43.239999999999995,LOW
SME_0724,Retail,5810.23,15890.39,21166.89,28219.38,2061.17,55974.89,0,0.113,1,0.502,0.395,2,1,0,0,1,0,6,1,0.528,0,1,4.856843877092646,2.7348986184712136,1.3320560414187443,100.0,100.0,0.0,60.0,0.0,75.33333333333334,50.2,98.75,100.0,64.85666666666667,40.0,10.0,100,100.0,64.0,20.0,0,60.0,0,16.0,47.199999999999996,100,0,48.879999999999995,54.302166666666665,HIGH,64.85666666666667,HIGH
SME_0725,Professional Services,161059.04,18553.55,5495.6,27175.23,11137.06,22759.44,2,0.121,2,0.926,0.2,1,3,0,0,0,0,0,0,0.432,0,1,0.16872837438991314,0.11519719725139302,0.29620207453560105,8.436418719495657,5.759859862569651,70.37979254643989,32.41080059319555,20.0,80.66666666666666,92.60000000000001,50.0,92.85714285714286,67.2247619047619,20.0,30.0,100,100.0,62.0,0.0,0,0.0,100,30.0,56.800000000000004,100,0,52.72,48.70143065414914,MODERATE,67.2247619047619,MODERATE
SME_0726,Hospitality,44656.37,28732.53,26096.32,79588.99,4706.12,2127.24,0,0.083,7,0.417,0.078,1,0,0,1,1,1,2,1,0.638,1,1,1.7822539091287537,0.6434139183278891,0.9082499870356004,89.11269545643769,32.17069591639445,9.175001296439955,40.05501793042563,0.0,55.333333333333336,41.699999999999996,19.499999999999996,57.14285714285714,34.735238095238095,20.0,0.0,100,75.0,49.75,20.0,100,20.0,0,38.0,36.199999999999996,0,0,14.479999999999999,37.798314902937214,MODERATE,49.75,MODERATE
SME_0727,Hospitality,43071.19,18054.85,12951.68,11348.04,3496.28,3582.62,4,0.073,8,0.416,0.191,0,1,0,3,3,0,0,1,0.766,0,0,0.2634717081185823,0.419186235625252,0.717351847287571,13.173585405929114,20.9593117812626,28.264815271242906,21.54579526465468,40.0,48.666666666666664,41.6,47.75,50.0,45.60333333333334,0.0,10.0,100,25.0,33.25,60.0,0,0.0,0,12.0,23.4,100,100,69.36,33.25057191272974,MODERATE,69.36,MODERATE
SME_0728,Manufacturing,39616.7,4900.4,3989.16,80119.31,10082.61,8405.33,5,0.017,4,0.266,0.347,2,1,0,0,1,0,1,1,0.705,1,1,2.022362034192651,0.1236953103110557,0.8140478328299731,100.0,6.184765515552785,18.595216717002693,39.29351634146691,50.0,11.333333333333334,26.6,86.75,78.57142857142857,50.65095238095238,40.0,10.0,100,100.0,64.0,20.0,0,10.0,0,6.0,29.500000000000004,0,0,11.800000000000002,39.330792997678174,MODERATE,64.0,MODERATE
SME_0729,Manufacturing,20424.34,11780.22,32487.99,27204.07,1759.13,89965.34,2,0.013,6,0.197,0.009,0,2,0,3,1,1,0,1,0.606,0,1,1.3319436515451661,0.5767735946424707,2.7578423832492094,66.59718257725831,28.838679732123534,0.0,28.630758692814553,20.0,8.666666666666668,19.7,2.2499999999999996,64.28571428571428,22.98047619047619,0.0,20.0,100,25.0,35.25,20.0,100,0.0,0,34.0,39.4,100,0,45.76,31.060346655463412,MODERATE,45.76,MODERATE
SME_0730,Professional Services,34210.87,21543.46,2554.28,9907.14,5450.59,5154.39,1,0.051,11,0.729,0.272,2,2,0,1,0,0,1,1,0.678,0,1,0.28959041380707357,0.6297255813722363,0.1185640560986954,14.479520690353679,31.486279068611818,88.14359439013046,49.047177683741836,10.0,34.0,72.89999999999999,68.0,28.57142857142857,42.69428571428572,40.0,20.0,100,75.0,59.75,0.0,0,10.0,0,2.0,32.199999999999996,100,0,42.879999999999995,41.925724733693976,MODERATE,59.75,MODERATE
SME_0731,Construction,21493.67,35289.82,5488.97,8104.5,99349.3,5191.95,3,0.047,12,0.755,0.219,1,1,0,0,0,0,0,1,0.376,1,0,0.3770645031769819,1.6418703739286964,0.15553975622431626,18.853225158849096,82.09351869643481,84.44602437756838,64.06243290761253,30.0,31.333333333333336,75.5,54.75,21.42857142857143,42.602380952380955,20.0,10.0,100,100.0,58.0,0.0,0,0.0,0,0.0,62.4,0,100,54.96,46.965325110379005,MODERATE,64.06243290761253,MODERATE
SME_0732,Professional Services,38913.24,10982.05,6508.62,207594.34,17953.5,47446.04,2,0.143,10,0.924,0.068,2,2,1,3,3,1,3,1,0.787,1,0,5.3347996722966275,0.2822188540455639,0.5926598403758861,100.0,14.110942702278194,40.734015962411384,50.52688919564801,20.0,95.33333333333333,92.4,17.0,35.71428571428571,52.08952380952381,40.0,20.0,0,25.0,22.25,60.0,100,30.0,0,48.0,21.299999999999997,0,100,38.519999999999996,43.68244771107535,MODERATE,52.08952380952381,MODERATE
SME_0733,Manufacturing,24335.27,103595.27,14653.3,25566.46,4523.58,14300.91,3,0.118,3,0.757,0.327,0,1,1,4,1,0,2,1,0.814,0,1,1.050592822680825,4.257001052381995,0.14144757767415442,52.52964113404125,100.0,85.85524223258456,80.1009892332462,30.0,78.66666666666666,75.7,81.75,85.71428571428572,70.36619047619048,0.0,10.0,0,0.0,2.0,20.0,0,20.0,0,8.0,18.600000000000005,100,0,37.440000000000005,46.96584438902148,MODERATE,80.1009892332462,MODERATE
SME_0734,Hospitality,11688.4,3954.26,24407.12,76531.43,35386.64,30957.23,3,0.099,7,0.307,0.148,1,2,0,0,2,0,0,0,0.308,0,1,6.547639540056808,0.338306355018651,6.172360947433906,100.0,16.915317750932548,0.0,35.074595325279766,30.0,66.0,30.7,36.99999999999999,57.14285714285714,44.16857142857143,20.0,20.0,100,100.0,60.0,40.0,0,0.0,100,38.0,69.19999999999999,100,0,57.67999999999999,45.03252145472679,MODERATE,60.0,MODERATE
SME_0735,Agriculture,12458.68,11466.29,22925.12,5436.19,4094.91,6237.11,5,0.078,11,0.134,0.118,3,2,1,0,1,1,5,1,0.489,1,0,0.43633755742984004,0.920345494065182,1.9993493972331065,21.816877871492004,46.0172747032591,0.0,20.35024577242533,50.0,52.0,13.4,29.5,28.57142857142857,34.69428571428571,60.0,20.0,0,100.0,47.0,20.0,100,50.0,0,44.0,51.1,0,100,50.44,35.82264516029903,MODERATE,50.44,MODERATE
SME_0736,Professional Services,11375.45,16843.16,10006.05,419428.16,6075.47,10951.04,4,0.025,3,0.938,0.331,0,4,0,0,0,0,3,1,0.364,0,1,36.87134662804548,1.4806587871249048,0.5940720149900612,100.0,74.03293935624524,40.59279850099388,68.44700120727111,40.0,16.666666666666668,93.8,82.75,85.71428571428572,63.78619047619048,0.0,40.0,100,100.0,58.0,0.0,0,30.0,0,6.0,63.6,100,0,55.44,54.52464798122895,HIGH,68.44700120727111,HIGH
SME_0737,Hospitality,54358.25,15329.4,6044.64,73291.31,3555.94,39211.71,2,0.147,11,0.389,0.255,1,1,1,3,1,0,2,1,0.999,0,1,1.3483014997723437,0.28200687108212646,0.39431680300598854,67.41507498861719,14.100343554106324,60.56831969940115,48.681953442577516,20.0,98.0,38.9,63.74999999999999,28.57142857142857,49.84428571428572,20.0,10.0,0,25.0,14.25,20.0,0,20.0,0,8.0,0.10000000000000009,100,0,30.04,34.11965746134469,MODERATE,49.84428571428572,MODERATE
SME_0738,Agriculture,15255.17,6717.11,1288.47,23237.26,12591.94,10533.39,7,0.056,7,0.365,0.359,1,4,1,2,0,0,3,1,0.715,0,0,1.5232383513261405,0.44031695484219446,0.19181910077399358,76.16191756630703,22.015847742109724,80.81808992260065,61.78056556156528,70.0,37.333333333333336,36.5,89.75,57.14285714285714,58.1452380952381,20.0,40.0,0,50.0,26.5,0.0,0,30.0,0,6.0,28.500000000000004,100,100,71.4,46.410479192279105,MODERATE,71.4,MODERATE
SME_0739,Agriculture,5415.11,25755.83,2149.63,22087.93,34272.79,32971.86,3,0.016,12,0.87,0.252,1,3,0,0,1,0,1,0,0.626,1,1,4.078943918036753,4.756289345922798,0.08346188028108588,100.0,100.0,91.65381197189141,96.66152478875657,30.0,10.666666666666668,87.0,63.0,21.42857142857143,42.419047619047625,20.0,30.0,100,100.0,62.0,20.0,0,10.0,100,36.0,37.4,0,0,14.96,58.89921934138887,HIGH,96.66152478875657,CRITICAL REVIEW
SME_0740,Manufacturing,34341.23,24221.65,46810.01,62539.32,4069.33,17003.98,3,0.074,11,0.597,0.296,0,3,0,4,0,0,3,0,0.624,1,1,1.8211147358437654,0.705322727229048,1.9325690033503085,91.05573679218827,35.266136361452396,0.0,37.8965619460922,30.0,49.333333333333336,59.699999999999996,73.99999999999999,28.57142857142857,48.32095238095238,0.0,30.0,100,0.0,31.0,0.0,0,30.0,100,36.0,37.6,0,0,15.040000000000001,36.55320667906575,MODERATE,48.32095238095238,MODERATE
SME_0741,Professional Services,83972.54,18704.07,1275.54,59049.68,1565.47,4707.89,0,0.131,12,0.283,0.335,1,1,1,4,1,1,6,1,0.975,0,0,0.7032022611201234,0.22274031486959905,0.06819585256043204,35.16011305600617,11.137015743479953,93.1804147439568,51.16130453742856,0.0,87.33333333333334,28.299999999999997,83.75,21.42857142857143,44.16238095238095,20.0,10.0,0,0.0,8.0,20.0,100,60.0,0,46.0,2.500000000000002,100,100,61.0,40.98898659932381,MODERATE,61.0,MODERATE
SME_0742,Transport,46401.99,23472.91,3650.82,36007.48,26694.43,11825.06,6,0.133,11,0.856,0.022,0,3,0,1,1,0,0,1,0.762,0,1,0.775989995256669,0.505859985746301,0.1555333360882822,38.79949976283345,25.292999287315048,84.44666639117177,53.00641627151326,60.0,88.66666666666667,85.6,5.499999999999999,28.57142857142857,53.667619047619056,0.0,30.0,100,75.0,49.75,20.0,0,0.0,0,4.0,23.799999999999997,100,0,39.519999999999996,43.82082964335874,MODERATE,53.667619047619056,MODERATE
SME_0743,Retail,15428.51,12824.41,25129.63,30328.14,40488.0,29024.85,3,0.002,8,0.944,0.31,3,2,0,2,1,0,0,1,0.418,0,0,1.9657206042579614,0.8312150687266625,1.9595154864824191,98.28603021289807,41.56075343633312,0.0,41.95403509476935,30.0,1.3333333333333335,94.39999999999999,77.49999999999999,50.0,50.64666666666666,60.0,20.0,100,50.0,59.5,20.0,0,0.0,0,4.0,58.20000000000001,100,100,83.28,46.075877195097476,MODERATE,83.28,MODERATE
SME_0744,Manufacturing,7024.66,4935.64,9866.6,52576.25,1660.32,21919.6,0,0.133,3,0.174,0.245,1,2,1,2,0,0,2,0,0.614,0,1,7.4845259414690535,0.7026162120301909,1.9990517947013964,100.0,35.130810601509545,0.0,40.539243180452864,0.0,88.66666666666667,17.4,61.24999999999999,85.71428571428572,50.606190476190484,20.0,20.0,0,50.0,22.5,0.0,0,20.0,100,34.0,38.6,100,0,45.44,38.95732057318348,MODERATE,50.606190476190484,MODERATE
SME_0745,Manufacturing,22453.83,10145.8,20236.47,5256.65,15129.31,11573.05,6,0.041,2,0.833,0.028,0,1,1,3,0,0,2,1,0.842,0,0,0.23410928113377535,0.45185164401796923,1.9945662244475548,11.705464056688768,22.592582200898462,0.0,10.28941387727617,60.0,27.333333333333336,83.3,6.999999999999999,92.85714285714286,54.09809523809524,0.0,10.0,0,25.0,8.25,0.0,0,20.0,0,4.0,15.800000000000002,100,100,66.32,25.49334797270666,LOW,66.32,LOW
SME_0746,Transport,22010.0,20409.81,13766.94,20695.63,12261.2,2186.63,3,0.006,12,0.432,0.203,2,1,1,1,1,0,6,1,0.596,0,1,0.9402830531576557,0.9272971376646979,0.6745256325267114,47.01415265788278,46.36485688323489,32.54743674732886,41.032677561266844,30.0,4.0,43.2,50.74999999999999,21.42857142857143,29.875714285714288,40.0,10.0,0,75.0,32.75,20.0,0,60.0,0,16.0,40.400000000000006,100,0,46.160000000000004,33.344731839808624,MODERATE,46.160000000000004,MODERATE
SME_0747,Retail,11513.45,20502.92,34779.36,5779.59,4922.7,2383.37,6,0.127,6,0.545,0.033,4,0,1,3,1,1,3,1,0.517,0,0,0.5019859381853398,1.7807798704992854,1.6963125252403075,25.09929690926699,89.03899352496427,0.0,34.24148713026938,60.0,84.66666666666667,54.50000000000001,8.25,64.28571428571428,54.34047619047619,80.0,0.0,0,25.0,30.25,20.0,100,30.0,0,40.0,48.3,100,100,79.32,43.83956518669986,MODERATE,79.32,MODERATE
SME_0748,Hospitality,38849.91,18605.83,10749.6,54915.18,2850.99,2886.17,1,0.13,4,0.878,0.294,1,3,1,1,0,0,2,1,0.994,1,1,1.4135214212851457,0.4789156525716533,0.5777543920373345,70.67607106425729,23.945782628582666,42.22456079626655,45.27638042635861,10.0,86.66666666666667,87.8,73.49999999999999,78.57142857142857,67.30761904761904,20.0,30.0,0,75.0,30.75,0.0,0,20.0,0,4.0,0.6000000000000005,0,0,0.2400000000000002,37.18381888981234,MODERATE,67.30761904761904,MODERATE
SME_0749,Construction,109527.65,27919.86,15531.8,15262.26,24414.09,7579.97,5,0.089,8,0.927,0.219,1,3,1,2,2,0,3,1,0.955,1,1,0.1393461833610052,0.2549115223416188,0.5562993510712446,6.96730916805026,12.74557611708094,44.37006489287554,23.661891542689574,50.0,59.333333333333336,92.7,54.75,50.0,61.35666666666667,20.0,30.0,0,50.0,24.5,40.0,0,30.0,0,14.0,4.5000000000000036,0,0,1.8000000000000016,29.61773412947354,LOW,61.35666666666667,LOW
SME_0750,Professional Services,29865.44,11307.37,3877.52,6231.51,11748.77,8546.32,4,0.086,13,0.323,0.381,0,3,1,3,0,0,6,1,0.959,1,1,0.20865287770747729,0.3786105277538185,0.34291970635081365,10.432643885373864,18.930526387690925,65.70802936491864,35.092162827886895,40.0,57.333333333333336,32.300000000000004,95.25,14.28571428571429,47.833809523809535,0.0,30.0,0,25.0,12.25,0.0,0,60.0,0,12.0,4.100000000000003,0,0,1.6400000000000015,26.90010122931845,LOW,47.833809523809535,LOW
SME_0751,Construction,28424.65,18388.34,14379.08,13563.89,12573.22,3180.49,4,0.122,14,0.281,0.073,1,1,0,1,0,0,1,1,0.392,0,0,0.47718758190514216,0.6469152654474197,0.7819672683885549,23.859379095257108,32.34576327237099,21.80327316114451,25.58285197474623,40.0,81.33333333333333,28.1,18.249999999999996,7.14285714285714,34.9652380952381,20.0,10.0,100,75.0,51.75,0.0,0,10.0,0,2.0,60.8,100,100,84.32,35.498165116233395,MODERATE,84.32,MODERATE
SME_0752,Hospitality,11811.73,28447.09,5383.37,34832.59,5714.42,30119.36,4,0.118,2,0.168,0.242,1,1,1,2,2,0,2,1,0.464,1,1,2.9489829178282942,2.4083762497110923,0.1892415006244927,100.0,100.0,81.07584993755073,92.4303399750203,40.0,78.66666666666666,16.8,60.5,92.85714285714286,57.76476190476191,20.0,10.0,0,50.0,20.5,40.0,0,20.0,0,12.0,53.6,0,0,21.44,50.21429246869657,HIGH,92.4303399750203,CRITICAL REVIEW
SME_0753,Manufacturing,76463.05,16818.17,5085.21,24433.84,4859.17,3847.85,1,0.134,4,0.578,0.085,2,1,1,2,1,0,1,1,0.609,1,0,0.3195509465029187,0.21995159753632634,0.30236405030987323,15.977547325145935,10.997579876816317,69.76359496901267,35.99797614819374,10.0,89.33333333333334,57.8,21.25,78.57142857142857,51.390952380952385,40.0,10.0,0,50.0,26.5,20.0,0,10.0,0,6.0,39.1,0,100,45.64,34.41113093969622,MODERATE,51.390952380952385,MODERATE
SME_0754,Retail,23541.4,6657.29,19573.27,9281.66,1097.58,3495.25,1,0.083,2,0.112,0.246,0,6,1,0,1,1,7,1,0.882,0,1,0.3942696696033371,0.2827907431163822,2.9401257869193023,19.713483480166854,14.13953715581911,0.0,10.15590619079579,10.0,55.333333333333336,11.200000000000001,61.5,92.85714285714286,46.17809523809524,0.0,60.0,0,100.0,37.0,20.0,100,70.0,0,48.0,11.799999999999999,100,0,34.72,32.663295666762544,MODERATE,48.0,MODERATE
SME_0755,Manufacturing,15732.13,8340.98,19708.79,5453.89,8144.64,12991.81,9,0.145,14,0.45,0.289,1,3,0,3,1,0,3,0,0.816,0,0,0.3466720653846619,0.5301875842622709,2.3628866152418544,17.333603269233095,26.509379213113544,0.0,13.15289474470399,90.0,96.66666666666667,45.0,72.24999999999999,7.14285714285714,62.21190476190476,20.0,30.0,100,25.0,43.25,20.0,0,30.0,100,40.0,18.400000000000006,100,100,67.36,40.884844613887395,MODERATE,67.36,MODERATE
SME_0756,Agriculture,26306.78,34989.7,43288.36,32302.03,36507.91,28830.14,6,0.149,2,0.162,0.289,1,1,0,0,0,0,1,1,0.895,1,1,1.227897522995973,1.3300639606975844,1.2371743684570031,61.39487614979865,66.50319803487922,0.0,38.36942225540336,60.0,99.33333333333333,16.2,72.24999999999999,92.85714285714286,68.12809523809524,20.0,10.0,100,100.0,58.0,0.0,0,10.0,0,2.0,10.499999999999998,0,0,4.199999999999999,40.862850486144815,MODERATE,68.12809523809524,MODERATE
SME_0757,Manufacturing,36468.35,54836.14,40556.85,16784.05,4487.77,76269.7,4,0.017,2,0.444,0.326,0,4,1,2,3,1,1,1,0.945,1,1,0.4602360677135105,1.503663861951528,0.7396007450560889,23.011803385675524,75.18319309757639,26.039925494391113,39.87446914273202,40.0,11.333333333333334,44.4,81.5,92.85714285714286,54.01809523809524,0.0,40.0,0,50.0,20.5,60.0,100,10.0,0,44.0,5.500000000000005,0,0,2.2000000000000024,36.38686455234342,MODERATE,54.01809523809524,MODERATE
SME_0758,Manufacturing,27945.28,46090.1,20020.5,23175.99,2540.63,20271.12,2,0.127,1,0.134,0.341,1,1,0,3,3,0,3,1,0.847,1,1,0.8293346854996623,1.6492981999106826,0.4343774476514479,41.46673427498311,82.46490999553413,56.56225523485521,59.80439537509725,20.0,84.66666666666667,13.4,85.25,100.0,60.663333333333334,20.0,10.0,100,25.0,39.25,60.0,0,30.0,0,18.0,15.300000000000002,0,0,6.120000000000001,44.26915194586251,MODERATE,60.663333333333334,MODERATE
SME_0759,Hospitality,65614.62,21673.63,1431.89,25572.36,14800.83,49737.21,3,0.075,4,0.81,0.031,1,1,0,3,0,0,1,1,0.483,1,1,0.38973570219563874,0.3303170848204257,0.06606599817381768,19.486785109781938,16.515854241021284,93.39340018261824,48.158151878288265,30.0,50.0,81.0,7.75,78.57142857142857,49.464285714285715,20.0,10.0,100,25.0,39.25,0.0,0,10.0,0,2.0,51.7,0,0,20.680000000000003,37.0315169920579,MODERATE,49.464285714285715,MODERATE
SME_0760,Hospitality,33989.55,6874.82,49755.58,46120.76,17473.0,4031.17,4,0.058,2,0.278,0.137,0,2,0,4,3,1,3,1,0.5,0,1,1.3569099914532554,0.20226275428771487,7.237364760095538,67.84549957266277,10.113137714385743,0.0,23.387591186114555,40.0,38.66666666666667,27.800000000000004,34.25,92.85714285714286,46.714761904761914,0.0,20.0,100,0.0,29.0,60.0,100,30.0,0,48.0,50.0,100,0,50.0,36.694967832024844,MODERATE,50.0,MODERATE
SME_0761,Hospitality,19919.96,17908.77,20033.57,69975.41,5901.87,83820.03,4,0.092,9,0.379,0.275,1,0,0,1,2,0,1,1,0.547,0,0,3.5128288410217694,0.8990364438482809,1.118645780810184,100.0,44.95182219241404,0.0,43.485546657724214,40.0,61.33333333333334,37.9,68.75,42.85714285714286,50.16809523809525,20.0,0.0,100,75.0,49.75,40.0,0,10.0,0,10.0,45.3,100,100,78.12,44.849687806841075,MODERATE,78.12,MODERATE
SME_0762,Construction,34461.05,62813.87,3719.47,34733.57,7306.01,2246.94,2,0.008,9,0.84,0.199,0,2,1,4,1,0,5,1,0.512,0,1,1.00790805851824,1.822749742100139,0.05921415126945688,50.395402925912,91.13748710500695,94.07858487305431,80.09130095849741,20.0,5.333333333333334,84.0,49.75,42.85714285714286,40.38809523809525,0.0,20.0,0,0.0,4.0,20.0,0,50.0,0,14.0,48.8,100,0,49.519999999999996,41.97641409707303,MODERATE,80.09130095849741,MODERATE
SME_0763,Agriculture,37284.79,29522.79,16582.55,21774.4,12680.91,7625.14,1,0.076,11,0.734,0.076,2,0,1,4,0,0,1,1,0.474,1,0,0.5840022164534118,0.7918185941237701,0.5616864124291776,29.200110822670588,39.590929706188504,43.83135875708224,38.16985566149063,10.0,50.66666666666667,73.4,18.999999999999996,28.57142857142857,36.32761904761905,40.0,0.0,0,0.0,12.0,0.0,0,10.0,0,2.0,52.6,0,100,51.040000000000006,28.336861460351955,LOW,51.040000000000006,LOW
SME_0764,Hospitality,8862.02,15247.11,2835.38,30752.18,8693.63,19875.62,4,0.131,11,0.286,0.221,1,1,1,2,0,0,3,1,0.827,1,1,3.470109523562348,1.720500517940605,0.1859617986621727,100.0,86.02502589703025,81.40382013378273,88.36903582262217,40.0,87.33333333333334,28.599999999999998,55.25,28.57142857142857,47.95095238095238,20.0,10.0,0,50.0,20.5,0.0,0,30.0,0,6.0,17.300000000000004,0,0,6.920000000000002,44.19044884202474,MODERATE,88.36903582262217,MODERATE
SME_0765,Retail,62703.15,29763.18,14851.07,21369.41,24598.89,2829.81,1,0.032,7,0.161,0.163,2,3,1,1,2,0,4,1,0.324,0,1,0.34080281453164635,0.47466801907081224,0.49897457193754163,17.04014072658232,23.733400953540613,50.10254280624584,32.27307962653522,10.0,21.333333333333336,16.1,40.75,57.14285714285714,29.0652380952381,40.0,30.0,0,75.0,36.75,40.0,0,40.0,0,16.0,67.6,100,0,57.04,32.40223341177009,MODERATE,57.04,MODERATE
SME_0766,Construction,19651.48,6519.88,2145.07,5804.56,89667.05,5209.9,4,0.064,6,0.708,0.156,3,3,1,4,2,0,3,1,0.81,0,0,0.2953752083812517,0.33177552021527135,0.3290045215556115,14.768760419062584,16.588776010763567,67.09954784443886,36.24708006672339,40.0,42.66666666666667,70.8,38.99999999999999,64.28571428571428,51.350476190476186,60.0,30.0,0,0.0,24.0,40.0,0,30.0,0,14.0,18.999999999999993,100,100,67.6,37.37174306763607,MODERATE,67.6,MODERATE
SME_0767,Transport,20057.78,10317.43,3565.21,89402.04,2147.57,4515.77,5,0.141,12,0.432,0.324,1,2,0,4,2,0,2,1,0.876,0,1,4.45722507675326,0.5143854404625039,0.3455521384685915,100.0,25.719272023125196,65.44478615314084,63.8936960681939,50.0,94.0,43.2,81.0,21.42857142857143,57.925714285714285,20.0,20.0,100,0.0,35.0,40.0,0,20.0,0,12.0,12.4,100,0,34.96,45.94553739188674,MODERATE,63.8936960681939,MODERATE
SME_0768,Retail,45603.14,7561.11,16270.78,74042.28,30246.02,9076.67,2,0.064,3,0.751,0.163,0,1,1,3,0,0,4,1,0.346,0,0,1.6236224084569615,0.16580239869447586,2.1519036226162562,81.18112042284807,8.290119934723792,0.0,26.841372107271557,20.0,42.66666666666667,75.1,40.75,85.71428571428572,52.84619047619048,0.0,10.0,0,25.0,8.25,0.0,0,40.0,0,8.0,65.4,100,100,86.16,32.72995925122909,MODERATE,86.16,MODERATE
SME_0769,Professional Services,45449.78,26207.07,23390.46,219100.69,10993.66,43134.85,4,0.054,14,0.479,0.011,0,0,0,2,0,0,2,1,0.343,1,1,4.820720584346063,0.5766159924206454,0.8925248034213668,100.0,28.83079962103227,10.747519657863325,42.94824774945501,40.0,36.0,47.9,2.7499999999999996,7.14285714285714,26.75857142857143,0.0,0.0,100,50.0,37.5,0.0,0,20.0,0,4.0,65.7,0,0,26.28,30.302117181979362,MODERATE,42.94824774945501,MODERATE
SME_0770,Professional Services,14270.73,31869.66,11077.08,293446.9,34881.83,12183.09,2,0.066,12,0.394,0.023,1,2,1,4,1,0,1,0,0.5,0,1,20.56285137480704,2.2332186230136792,0.34757446423965616,100.0,100.0,65.2425535760344,86.09702143041376,20.0,44.00000000000001,39.4,5.75,21.42857142857143,26.11571428571429,20.0,20.0,0,0.0,10.0,20.0,0,10.0,100,36.0,50.0,100,0,50.0,44.7580350005527,MODERATE,86.09702143041376,MODERATE
SME_0771,Retail,47522.21,15915.78,6009.09,9255.12,19192.2,7910.17,3,0.078,14,0.484,0.342,0,1,1,1,1,1,2,1,0.446,0,1,0.19475356891020013,0.3349124546185878,0.3775554826719143,9.737678445510006,16.74562273092939,62.24445173280857,32.84277104605525,30.0,52.0,48.4,85.5,7.14285714285714,44.60857142857143,0.0,10.0,0,75.0,20.75,20.0,100,20.0,0,38.0,55.400000000000006,100,0,52.160000000000004,36.07097417095943,MODERATE,52.160000000000004,MODERATE
SME_0772,Hospitality,15966.89,8953.35,965.2,21451.56,10565.84,894.95,4,0.095,7,0.736,0.384,1,2,1,0,3,0,1,1,0.707,0,1,1.3435027109224151,0.5607447662005564,0.10780322449139149,67.17513554612076,28.037238310027817,89.21967755086085,64.2515831771889,40.0,63.33333333333334,73.6,96.0,57.14285714285714,66.0152380952381,20.0,20.0,0,100.0,35.0,60.0,0,10.0,0,14.0,29.300000000000004,100,0,41.72,49.051284476966195,MODERATE,66.0152380952381,MODERATE
SME_0773,Transport,107182.64,17717.85,6491.02,369716.68,19818.3,18264.99,4,0.12,1,0.867,0.275,0,4,1,0,0,0,2,0,0.773,0,1,3.4494082250633125,0.1653052210693821,0.36635483424907656,100.0,8.265261053469105,63.364516575092345,57.82538494607767,40.0,80.0,86.7,68.75,100.0,75.09,0.0,40.0,0,100.0,33.0,0.0,0,20.0,100,34.0,22.7,100,0,39.08,51.7281154838233,HIGH,75.09,HIGH
SME_0774,Transport,12888.31,12196.0,13638.91,28807.82,7013.56,24432.65,3,0.068,9,0.142,0.146,1,1,0,2,0,0,1,1,0.744,0,1,2.2351898736141513,0.9462838805087712,1.1183101016726795,100.0,47.31419402543856,0.0,44.19425820763157,30.0,45.333333333333336,14.2,36.49999999999999,42.85714285714286,33.77809523809523,20.0,10.0,100,50.0,45.5,0.0,0,10.0,0,2.0,25.6,100,0,40.24,35.12680127181328,MODERATE,45.5,MODERATE
SME_0775,Construction,30279.1,9520.38,5828.01,38298.41,4981.41,2598.38,5,0.123,4,0.545,0.375,2,4,0,0,1,0,0,0,0.55,0,1,1.264846379185643,0.3144208381358759,0.6121614893523158,63.24231895928215,15.721041906793795,38.78385106476841,39.20254868573015,50.0,82.0,54.50000000000001,93.75,78.57142857142857,71.76428571428572,40.0,40.0,100,100.0,70.0,20.0,0,0.0,100,34.0,44.99999999999999,100,0,48.0,53.60183603429047,HIGH,71.76428571428572,HIGH
SME_0776,Transport,13373.32,23607.55,7821.4,6553.95,20746.18,11298.07,3,0.08,6,0.128,0.265,1,0,1,3,2,1,3,1,0.649,0,1,0.4900765105448759,1.7652721986761701,0.3313092633500723,24.503825527243794,88.26360993380851,66.86907366499277,60.5778601043128,30.0,53.333333333333336,12.8,66.25,64.28571428571428,45.33380952380952,20.0,0.0,0,25.0,12.25,40.0,100,30.0,0,44.0,35.099999999999994,100,0,44.04,42.96081041224622,MODERATE,60.5778601043128,MODERATE
SME_0777,Professional Services,147973.37,9815.65,6644.73,34865.09,4677.15,14276.49,2,0.051,6,0.498,0.338,2,1,0,3,1,1,1,1,0.748,1,0,0.23561732763131635,0.06633389507855367,0.6769526215788052,11.780866381565817,3.3166947539276834,32.30473784211948,17.451163477495843,20.0,34.0,49.8,84.5,64.28571428571428,50.51714285714286,40.0,10.0,100,25.0,45.25,20.0,100,10.0,0,36.0,25.2,0,100,40.08,36.32263475753447,MODERATE,50.51714285714286,MODERATE
SME_0778,Agriculture,9287.03,5141.23,5799.29,207086.74,17827.11,28589.75,1,0.099,11,0.852,0.306,1,0,0,1,0,0,3,1,0.384,1,1,22.298489398655974,0.5535924832804459,1.1279966078156396,100.0,27.679624164022293,0.0,38.30388724920669,10.0,66.0,85.2,76.49999999999999,28.57142857142857,53.254285714285714,20.0,0.0,100,75.0,49.75,0.0,0,30.0,0,6.0,61.6,0,0,24.64,38.118737603333436,MODERATE,53.254285714285714,MODERATE
SME_0779,Hospitality,38029.65,6141.57,8630.64,108616.49,10280.59,6250.21,4,0.108,3,0.407,0.152,1,1,1,2,2,1,4,0,0.461,1,0,2.8561001744691312,0.16149425514039703,1.4052823626531978,100.0,8.074712757019851,0.0,32.422413827105956,40.0,72.0,40.699999999999996,37.99999999999999,85.71428571428572,55.28285714285715,20.0,10.0,0,50.0,20.5,40.0,100,40.0,100,76.0,53.89999999999999,0,100,51.56,44.203438433846074,MODERATE,76.0,MODERATE
SME_0780,Transport,13886.92,4991.63,6090.6,16300.78,1228.86,5458.0,2,0.084,4,0.893,0.191,2,1,0,2,2,0,4,1,0.923,1,1,1.1738225610862596,0.35944831539319017,1.220162552112236,58.69112805431298,17.97241576965951,0.0,22.999063147191748,20.0,56.00000000000001,89.3,47.75,78.57142857142857,58.324285714285715,40.0,10.0,100,50.0,51.5,40.0,0,40.0,0,16.0,7.699999999999996,0,0,3.0799999999999983,34.48879037272896,MODERATE,58.324285714285715,MODERATE
SME_0781,Construction,18832.61,21941.53,33876.82,20183.81,5963.4,7957.06,4,0.008,13,0.636,0.074,0,5,1,0,0,0,2,1,0.54,1,0,1.0717478883702258,1.1650817385375685,1.5439588761585907,53.587394418511295,58.25408692687842,0.0,33.55244440361692,40.0,5.333333333333334,63.6,18.499999999999996,14.28571428571429,28.343809523809526,0.0,50.0,0,100.0,35.0,0.0,0,20.0,0,4.0,46.0,0,100,48.400000000000006,29.591685702037456,LOW,48.400000000000006,LOW
SME_0782,Professional Services,35934.8,20301.53,880.75,9682.28,13516.88,38126.13,5,0.025,11,0.894,0.117,1,1,1,4,2,0,2,1,0.861,1,1,0.26944020837739463,0.5649545844139942,0.043383429721799295,13.472010418869731,28.247729220699707,95.66165702782007,50.78058470299886,50.0,16.666666666666668,89.4,29.25,28.57142857142857,42.777619047619055,20.0,10.0,0,0.0,8.0,40.0,0,20.0,0,12.0,13.900000000000002,0,0,5.560000000000001,29.884580172804423,LOW,50.78058470299886,LOW
SME_0783,Agriculture,66589.26,19507.28,4634.83,12807.54,6939.19,30703.22,0,0.043,10,0.744,0.311,2,1,0,4,0,0,1,1,0.476,0,1,0.1923364218193745,0.2929493434827178,0.2375948876521996,9.616821090968724,14.647467174135889,76.24051123478004,37.775490973443404,0.0,28.666666666666668,74.4,77.75,35.71428571428571,43.30619047619048,40.0,10.0,100,0.0,39.0,0.0,0,10.0,0,2.0,52.400000000000006,100,0,50.96000000000001,35.355194911080645,MODERATE,50.96000000000001,MODERATE
SME_0784,Manufacturing,91614.82,28805.23,3350.75,4441.47,1010.58,11771.67,2,0.042,3,0.188,0.358,1,0,1,4,2,0,0,0,0.329,0,1,0.048479820186297366,0.3144167068166482,0.11632436193010784,2.4239910093148684,15.720835340832409,88.36756380698921,40.79047342783986,20.0,28.000000000000004,18.8,89.49999999999999,85.71428571428572,48.402857142857144,20.0,0.0,0,0.0,6.0,40.0,0,0.0,100,38.0,67.10000000000001,100,0,56.84,36.92185631406625,MODERATE,56.84,MODERATE
SME_0785,Manufacturing,7310.54,46709.09,9959.75,27560.34,32827.29,30045.28,2,0.101,13,0.296,0.29,1,3,1,1,0,0,3,1,0.65,0,1,3.7699458589926325,6.3892804088343675,0.21322937355448374,100.0,100.0,78.67706264455163,91.47082505782065,20.0,67.33333333333334,29.599999999999998,72.49999999999999,14.28571428571429,40.74380952380953,20.0,30.0,0,75.0,30.75,0.0,0,30.0,0,6.0,35.0,100,0,44.0,49.07719989829857,MODERATE,91.47082505782065,CRITICAL REVIEW
SME_0786,Agriculture,30971.79,11207.22,8641.59,135816.96,11646.7,1423.45,2,0.003,6,0.435,0.186,0,2,1,2,4,0,0,1,0.925,0,0,4.38518277438921,0.3618525115920003,0.7710734687103493,100.0,18.092625579600018,22.89265312896507,44.584848925466034,20.0,2.0,43.5,46.5,64.28571428571428,35.25714285714286,0.0,20.0,0,50.0,16.5,80.0,0,0.0,0,16.0,7.499999999999996,100,100,63.0,34.189740391925525,MODERATE,63.0,MODERATE
SME_0787,Professional Services,80356.32,24917.09,40513.48,42803.9,14908.78,24468.72,1,0.113,1,0.245,0.035,0,2,0,0,4,1,2,1,0.873,1,1,0.5326762101599476,0.31008251746720106,1.6259314390243806,26.63381050799738,15.504125873360053,0.0,12.641380914407229,10.0,75.33333333333334,24.5,8.75,100.0,43.71666666666667,0.0,20.0,100,100.0,54.0,80.0,100,20.0,0,50.0,12.7,0,0,5.08,33.52958094098884,MODERATE,54.0,MODERATE
SME_0788,Construction,6492.37,5086.95,56293.75,117617.33,6531.5,4384.24,2,0.04,8,0.521,0.023,0,2,0,1,1,1,4,1,0.477,1,0,18.116239524241532,0.7835274329713187,11.066306922615713,100.0,39.17637164856593,0.0,41.75291149456978,20.0,26.666666666666668,52.1,5.75,50.0,30.903333333333336,0.0,20.0,100,75.0,47.75,20.0,100,40.0,0,42.0,52.300000000000004,0,100,50.92,41.193706781704265,MODERATE,50.92,MODERATE
SME_0789,Agriculture,32149.04,54235.71,3692.7,87746.04,16133.95,58863.94,2,0.047,8,0.501,0.15,3,3,1,3,0,0,2,1,0.937,0,0,2.7293517940193546,1.6870086945053413,0.06808613734382753,100.0,84.35043472526706,93.19138626561725,92.58168492382703,20.0,31.333333333333336,50.1,37.49999999999999,50.0,37.78666666666667,60.0,30.0,0,25.0,30.25,0.0,0,20.0,0,4.0,6.2999999999999945,100,100,62.519999999999996,50.123172143814784,HIGH,92.58168492382703,CRITICAL REVIEW
SME_0790,Hospitality,24958.36,6649.27,8004.0,17363.83,52139.52,4604.74,7,0.079,9,0.913,0.186,1,1,1,3,0,0,3,1,0.636,1,1,0.6957119778703409,0.2664145400579205,1.20374116256371,34.78559889351705,13.320727002896025,0.0,14.431897768923921,70.0,52.66666666666667,91.3,46.5,42.85714285714286,60.6647619047619,20.0,10.0,0,25.0,14.25,0.0,0,30.0,0,6.0,36.4,0,0,14.56,24.701759806867653,LOW,60.6647619047619,LOW
SME_0791,Hospitality,34831.05,10199.18,9735.18,14036.92,5160.43,5570.14,2,0.032,6,0.469,0.244,1,1,1,3,0,0,2,1,0.334,0,1,0.40300019666360903,0.29281862016792487,0.9545061465725676,20.15000983318045,14.640931008396244,4.549385342743239,12.257036389570303,20.0,21.333333333333336,46.9,61.0,64.28571428571428,42.703809523809525,20.0,10.0,0,25.0,14.25,0.0,0,20.0,0,4.0,66.6,100,0,56.64,23.467063297823476,LOW,56.64,LOW
SME_0792,Manufacturing,13477.65,11158.53,3602.5,14585.28,44830.85,19907.33,3,0.133,1,0.768,0.003,1,1,0,2,0,0,4,0,0.32,1,0,1.0821827247331695,0.8279284593382378,0.3228471850682841,54.10913623665847,41.39642296691189,67.71528149317159,55.73778035833975,30.0,88.66666666666667,76.8,0.75,100.0,59.24333333333333,20.0,10.0,100,50.0,45.5,0.0,0,40.0,100,38.0,68.0,0,100,57.2,52.05216744083526,HIGH,59.24333333333333,HIGH
SME_0793,Transport,7927.84,5308.74,14996.6,5387.79,14314.78,21714.18,1,0.013,3,0.901,0.396,3,3,1,3,2,1,1,1,0.64,1,1,0.6796037760600617,0.6696325859250438,2.8248887683329755,33.98018880300309,33.481629296252194,0.0,20.238545429776586,10.0,8.666666666666668,90.10000000000001,99.0,85.71428571428572,58.69619047619049,60.0,30.0,0,25.0,30.25,40.0,100,10.0,0,40.0,36.0,0,0,14.4,34.2356112479806,MODERATE,58.69619047619049,MODERATE
SME_0794,Construction,5410.77,18475.25,6296.12,30985.76,4572.66,8030.19,4,0.067,1,0.845,0.146,0,4,0,4,1,1,2,0,0.682,1,0,5.726682154295968,3.4145324972231306,0.3407867281904169,100.0,100.0,65.92132718095831,86.36853087238333,40.0,44.66666666666667,84.5,36.49999999999999,100.0,61.13333333333334,0.0,40.0,100,0.0,33.0,20.0,100,20.0,100,68.0,31.799999999999994,0,100,42.72,62.265892595048335,HIGH,86.36853087238333,HIGH
SME_0795,Manufacturing,54597.22,21359.46,2750.57,1643.34,73239.63,16762.94,2,0.127,13,0.277,0.339,1,3,0,3,1,1,1,0,0.356,0,0,0.03009933472803194,0.391218820298909,0.1287752592996265,1.5049667364015968,19.56094101494545,87.12247407003734,41.16876195341906,20.0,84.66666666666667,27.700000000000003,84.75,14.28571428571429,46.28047619047619,20.0,30.0,100,25.0,43.25,20.0,100,10.0,100,66.0,64.4,100,100,85.76,51.04674763364476,HIGH,85.76,HIGH
SME_0796,Transport,60468.05,15469.04,6048.88,54196.31,14225.86,18741.65,3,0.092,5,0.522,0.214,0,0,0,1,0,0,0,1,0.946,0,0,0.896280101640453,0.2558217108043008,0.3910313762198559,44.81400508202265,12.791085540215038,60.89686237801442,41.640272137877076,30.0,61.33333333333334,52.2,53.49999999999999,71.42857142857143,53.69238095238095,0.0,0.0,100,75.0,43.75,0.0,0,0.0,0,0.0,5.400000000000005,100,100,62.160000000000004,40.88117687945836,MODERATE,62.160000000000004,MODERATE
SME_0797,Transport,31849.58,5249.71,2949.89,32235.82,18382.81,17093.7,5,0.044,3,0.396,0.052,2,3,1,3,3,1,1,0,0.803,0,0,1.0121270045005302,0.16482823321375037,0.5619148486297338,50.60635022502651,8.241411660687518,43.80851513702662,35.17773462052485,50.0,29.333333333333332,39.6,12.999999999999998,85.71428571428572,43.529523809523816,40.0,30.0,0,25.0,24.25,60.0,100,10.0,100,74.0,19.699999999999996,100,100,67.88,44.17370133853841,MODERATE,74.0,MODERATE
SME_0798,Hospitality,16306.39,87977.47,22557.97,48068.99,7847.29,8337.87,3,0.063,14,0.44,0.319,0,3,1,4,0,0,2,1,0.861,0,0,2.947862157105282,5.395275717065519,0.2564062140000162,100.0,100.0,74.35937859999838,89.74375143999936,30.0,42.00000000000001,44.0,79.75,7.14285714285714,40.578571428571436,0.0,30.0,0,0.0,6.0,0.0,0,20.0,0,4.0,13.900000000000002,100,100,65.56,45.42376828914267,MODERATE,89.74375143999936,MODERATE
SME_0799,Professional Services,6823.95,27931.54,53570.62,86333.15,4883.64,18908.22,3,0.106,2,0.407,0.284,1,0,1,3,1,0,4,0,0.709,0,0,12.651492170956704,4.093163050725753,1.9179257570474095,100.0,100.0,0.0,60.0,30.0,70.66666666666667,40.699999999999996,70.99999999999999,92.85714285714286,61.0447619047619,20.0,0.0,0,25.0,12.25,20.0,0,40.0,100,42.0,29.100000000000005,100,100,71.64,49.17519047619048,MODERATE,71.64,MODERATE
SME_0800,Retail,39234.33,148079.51,10219.12,36597.94,11630.34,42548.3,3,0.146,3,0.802,0.211,4,3,1,0,0,0,1,1,0.764,1,1,0.9328040009858714,3.774233177933713,0.06901103332932422,46.64020004929357,100.0,93.09889666706758,81.23161868161509,30.0,97.33333333333333,80.2,52.75,85.71428571428572,69.19952380952381,80.0,30.0,0,100.0,55.0,0.0,0,10.0,0,2.0,23.599999999999998,0,0,9.44,53.91336655686548,HIGH,81.23161868161509,HIGH
SME_0801,Professional Services,10363.11,9452.55,8941.63,153357.09,41508.68,3982.73,4,0.134,9,0.484,0.206,0,4,0,4,0,1,3,0,0.572,0,1,14.798365548566018,0.9121344847251451,0.9459489767311466,100.0,45.60672423625726,5.405102326885336,45.84405820163131,40.0,89.33333333333334,48.4,51.49999999999999,42.85714285714286,54.41809523809523,0.0,40.0,100,0.0,33.0,0.0,100,30.0,100,66.0,42.800000000000004,100,0,47.120000000000005,48.5697412700132,MODERATE,66.0,MODERATE
SME_0802,Retail,14151.73,38732.44,9317.33,55876.46,7567.72,5634.19,6,0.051,11,0.545,0.035,0,1,1,2,2,1,0,1,0.776,0,0,3.9483836958449605,2.7369402892791204,0.2405562365810158,100.0,100.0,75.94437634189842,90.37775053675936,60.0,34.0,54.50000000000001,8.75,28.57142857142857,37.16428571428572,0.0,10.0,0,50.0,14.5,40.0,100,0.0,0,38.0,22.4,100,100,68.96000000000001,51.90039658959924,HIGH,90.37775053675936,CRITICAL REVIEW
SME_0803,Agriculture,15636.76,33575.31,26093.22,14070.36,9762.11,12298.0,5,0.15,8,0.935,0.262,0,3,1,3,0,0,5,0,0.985,0,0,0.8998257951135658,2.147203768555634,0.7771549987178079,44.99128975567829,100.0,22.284500128219207,52.411186977991164,50.0,100.0,93.5,65.5,50.0,71.80000000000001,0.0,30.0,0,25.0,12.25,0.0,0,50.0,100,40.0,1.5000000000000013,100,100,60.6,48.18335609339736,MODERATE,71.80000000000001,MODERATE
SME_0804,Hospitality,21345.64,14266.46,25537.31,23652.91,37087.53,4638.1,1,0.001,13,0.151,0.364,0,2,0,1,1,0,1,0,0.753,0,1,1.1080909262968925,0.6683547553505071,1.7900242947444567,55.40454631484463,33.41773776752536,0.0,26.646685224710996,10.0,0.6666666666666667,15.1,90.99999999999999,14.28571428571429,26.21047619047619,0.0,20.0,100,75.0,47.75,20.0,0,10.0,100,36.0,24.7,100,0,39.88,33.484624615032345,MODERATE,47.75,MODERATE
SME_0805,Transport,13621.42,55657.26,7126.27,3126.48,7631.55,2367.52,4,0.004,3,0.515,0.037,1,1,1,3,1,1,6,1,0.539,1,1,0.22952673069327573,4.0860101222926835,0.12803846254738377,11.476336534663787,100.0,87.19615374526161,68.32136245850378,40.0,2.666666666666667,51.5,9.249999999999998,85.71428571428572,37.82619047619048,20.0,10.0,0,25.0,14.25,20.0,100,60.0,0,46.0,46.099999999999994,0,0,18.439999999999998,41.546956356598756,MODERATE,68.32136245850378,MODERATE
SME_0806,Construction,25678.21,13014.23,10298.84,12170.4,15828.84,32095.55,1,0.124,11,0.758,0.105,1,5,1,1,1,0,1,1,0.5,0,1,0.47395827045576777,0.5068199847263497,0.791352235207154,23.69791352278839,25.340999236317487,20.864776479284597,23.0575844194456,10.0,82.66666666666667,75.8,26.249999999999996,28.57142857142857,44.65761904761905,20.0,50.0,0,75.0,34.75,20.0,0,10.0,0,6.0,50.0,100,0,50.0,30.93168008773844,MODERATE,50.0,MODERATE
SME_0807,Retail,15201.91,13486.09,15364.93,20495.41,22025.49,1614.45,3,0.03,2,0.228,0.361,2,1,0,0,2,0,2,0,0.974,1,0,1.3482128232570776,0.8871312881078759,1.139316881319938,67.41064116285388,44.3565644053938,0.0,33.5301616704743,30.0,20.0,22.8,90.25,92.85714285714286,51.18142857142857,40.0,10.0,100,100.0,64.0,40.0,0,20.0,100,42.0,2.6000000000000023,0,100,31.04,45.05840564399943,MODERATE,64.0,MODERATE
SME_0808,Professional Services,43814.91,1119.89,2564.48,51804.19,8376.94,8354.18,4,0.009,5,0.62,0.114,2,0,1,2,0,0,0,1,0.43,0,1,1.1823415818952954,0.025559564084463485,2.2899391904562054,59.11707909476477,1.2779782042231742,0.0,18.11851718969638,40.0,6.0,62.0,28.499999999999996,71.42857142857143,41.58571428571429,40.0,0.0,0,50.0,24.5,0.0,0,0.0,0,0.0,57.00000000000001,100,0,52.800000000000004,26.01198372833749,LOW,52.800000000000004,LOW
SME_0809,Transport,57038.48,24967.98,26897.94,14165.88,13216.14,23758.88,4,0.036,12,0.304,0.262,1,2,0,4,0,0,2,1,0.864,1,0,0.24835654807070592,0.43773922446741215,1.0772974025131388,12.417827403535297,21.88696122337061,0.0,10.291436588071772,40.0,24.0,30.4,65.5,21.42857142857143,36.26571428571429,20.0,20.0,100,0.0,35.0,0.0,0,20.0,0,4.0,13.600000000000001,0,100,35.44,23.297859547850106,LOW,36.26571428571429,LOW
SME_0810,Retail,27267.89,6233.66,45343.8,8627.32,18130.17,15255.44,5,0.064,12,0.837,0.214,2,1,0,4,0,1,1,1,0.626,0,0,0.3163911839163206,0.2286080807865955,7.27402521151298,15.81955919581603,11.430404039329774,0.0,8.17498897054374,50.0,42.66666666666667,83.7,53.49999999999999,21.42857142857143,50.25904761904763,40.0,10.0,100,0.0,39.0,0.0,100,10.0,0,32.0,37.4,100,100,74.96000000000001,35.11325859592503,MODERATE,74.96000000000001,MODERATE
SME_0811,Retail,36197.02,11585.97,25648.21,4543.35,6971.02,8468.74,3,0.11,13,0.378,0.239,1,4,0,2,1,0,3,1,0.611,1,1,0.12551723871191608,0.3200807690798856,2.213730054540103,6.275861935595804,16.00403845399428,0.0,6.683970116877025,30.0,73.33333333333334,37.8,59.74999999999999,14.28571428571429,43.03380952380953,20.0,40.0,100,50.0,51.5,20.0,0,30.0,0,10.0,38.9,0,0,15.56,26.119643416015492,LOW,51.5,LOW
SME_0812,Retail,136068.79,7920.04,2302.16,16523.44,20837.91,4469.21,1,0.094,12,0.38,0.166,4,1,1,0,1,0,3,1,0.823,0,0,0.12143445973172833,0.05820614705253129,0.29067529961969885,6.071722986586416,2.9103073526265644,70.93247003803012,31.067597116975943,10.0,62.66666666666667,38.0,41.5,21.42857142857143,34.71904761904762,80.0,10.0,0,100.0,51.0,20.0,0,30.0,0,10.0,17.700000000000003,100,100,67.08,36.40804103985469,MODERATE,67.08,MODERATE
SME_0813,Construction,9784.44,13428.6,1115.65,211040.32,6112.27,16352.61,1,0.036,1,0.608,0.12,2,1,1,0,0,0,0,1,0.404,1,0,21.568972777185,1.3724444117394556,0.08308014238267579,100.0,68.62222058697279,91.69198576173243,87.2634604807848,10.0,24.0,60.8,30.0,100.0,44.96,40.0,10.0,0,100.0,39.0,0.0,0,0.0,0,0.0,59.599999999999994,0,100,53.84,50.60303814423544,HIGH,87.2634604807848,HIGH
SME_0814,Hospitality,9319.43,25673.93,16251.09,39342.46,5446.68,4930.06,4,0.075,4,0.256,0.019,0,2,1,3,0,0,5,1,0.626,1,0,4.2215521764743125,2.7548820045861175,0.6329802254660661,100.0,100.0,36.70197745339338,74.68079098135735,40.0,50.0,25.6,4.749999999999999,78.57142857142857,39.784285714285716,0.0,20.0,0,25.0,10.25,0.0,0,50.0,0,10.0,37.4,0,100,44.96,40.39630872297863,MODERATE,74.68079098135735,MODERATE
SME_0815,Construction,43592.02,18161.16,3740.62,76767.15,2530.07,15244.91,5,0.139,8,0.342,0.298,3,1,1,0,1,0,2,1,0.325,0,1,1.7610367677386825,0.41661661928031785,0.2059681209790564,88.05183838693412,20.83083096401589,79.40318790209436,64.42607596612275,50.0,92.66666666666667,34.2,74.49999999999999,50.0,60.27333333333333,60.0,10.0,0,100.0,45.0,20.0,0,20.0,0,8.0,67.5,100,0,57.0,50.296156123170164,HIGH,64.42607596612275,HIGH
SME_0816,Manufacturing,118641.95,31756.1,10660.82,12196.43,6356.44,13622.63,2,0.122,1,0.454,0.298,3,3,0,3,2,1,3,1,0.769,0,1,0.10280031641421943,0.2676633349333857,0.33570935977654687,5.140015820710971,13.383166746669284,66.42906402234532,32.128580379152204,20.0,81.33333333333333,45.4,74.49999999999999,100.0,64.24666666666667,60.0,30.0,100,25.0,55.25,40.0,100,30.0,0,44.0,23.099999999999998,100,0,39.24,47.27424078041233,MODERATE,64.24666666666667,MODERATE
SME_0817,Transport,20297.08,49544.7,37136.13,6219.86,4800.08,13747.22,4,0.048,5,0.401,0.268,1,5,0,1,0,0,2,1,0.341,1,0,0.30644112355077674,2.4409767316283917,0.7495479839417738,15.322056177538837,100.0,25.04520160582262,44.6146974955907,40.0,32.0,40.1,67.0,71.42857142857143,50.105714285714285,20.0,50.0,100,75.0,59.75,0.0,0,20.0,0,4.0,65.9,0,100,56.36,44.09683782010578,MODERATE,59.75,MODERATE
SME_0818,Hospitality,99518.43,13401.08,4147.42,8847.37,6971.28,6743.77,6,0.147,12,0.546,0.257,1,1,1,2,2,1,0,1,0.361,0,1,0.08890182451632327,0.13465927868837965,0.3094840117363675,4.445091225816164,6.732963934418983,69.05159882636325,30.974056078615845,60.0,98.0,54.6,64.25,21.42857142857143,59.65571428571429,20.0,10.0,0,50.0,20.5,40.0,100,0.0,0,38.0,63.9,100,0,55.56,39.56214539501333,MODERATE,59.65571428571429,MODERATE
SME_0819,Hospitality,27005.02,12274.43,5484.29,27223.11,17346.29,74919.55,3,0.106,4,0.61,0.097,0,2,0,1,0,1,1,1,0.891,1,1,1.0080759058871276,0.45452401072096965,0.44680608386703086,50.40379529435638,22.726200536048484,55.31939161329691,44.06675539444022,30.0,70.66666666666667,61.0,24.25,78.57142857142857,52.89761904761905,0.0,20.0,100,75.0,47.75,0.0,100,10.0,0,32.0,10.899999999999999,0,0,4.359999999999999,41.23043138023683,MODERATE,52.89761904761905,MODERATE
SME_0820,Hospitality,14500.25,38727.65,10550.41,4083.97,2115.9,16565.01,3,0.009,6,0.582,0.009,0,3,0,1,2,0,5,1,0.61,1,0,0.28164824744400957,2.6708263650626716,0.272425773316997,14.082412372200478,100.0,72.7574226683003,63.327692778980264,30.0,6.0,58.199999999999996,2.2499999999999996,64.28571428571428,32.14714285714285,0.0,30.0,100,75.0,49.75,40.0,0,50.0,0,18.0,39.0,0,100,45.6,44.2450935479798,MODERATE,63.327692778980264,MODERATE
SME_0821,Professional Services,11317.18,41264.79,2185.69,10963.89,1691.1,9337.78,3,0.005,7,0.656,0.323,0,3,1,1,1,0,0,0,0.441,0,0,0.9687828593342157,3.646207800883259,0.052967433010079536,48.43914296671078,100.0,94.70325669899205,82.41304556961006,30.0,3.3333333333333335,65.60000000000001,80.75,57.14285714285714,47.3652380952381,0.0,30.0,0,75.0,24.75,20.0,0,0.0,100,34.0,55.89999999999999,100,100,82.36,54.85122319469255,HIGH,82.41304556961006,HIGH
SME_0822,Hospitality,41363.82,32552.18,3749.36,16690.45,5095.79,15222.13,2,0.025,9,0.362,0.196,0,3,1,1,0,0,1,1,0.715,0,1,0.40350359323679486,0.7869722864087505,0.11517999716148043,20.175179661839742,39.34861432043753,88.48200028385196,53.24993830822397,20.0,16.666666666666668,36.199999999999996,49.0,42.85714285714286,32.944761904761904,0.0,30.0,0,75.0,24.75,0.0,0,10.0,0,2.0,28.500000000000004,100,0,41.400000000000006,33.60117196865767,MODERATE,53.24993830822397,MODERATE
SME_0823,Construction,12024.05,8403.34,8201.35,8006.65,15145.33,5976.84,4,0.109,1,0.207,0.123,2,2,1,4,1,0,7,1,0.663,1,1,0.6658862862346714,0.6988776660110363,0.9759631289463475,33.29431431173357,34.94388330055182,2.4036871053652487,21.432934125831718,40.0,72.66666666666667,20.7,30.75,100.0,52.82333333333334,40.0,20.0,0,0.0,16.0,20.0,0,70.0,0,18.0,33.699999999999996,0,0,13.479999999999999,26.883713571082847,LOW,52.82333333333334,LOW
SME_0824,Hospitality,26679.55,25241.66,5923.85,3587.71,12969.02,8475.95,2,0.028,11,0.747,0.041,1,0,0,0,0,0,0,1,0.588,0,0,0.13447415717281588,0.946105162943153,0.23468543669473405,6.723707858640794,47.30525814715765,76.5314563305266,46.821272333950176,20.0,18.666666666666668,74.7,10.25,28.57142857142857,30.43761904761905,20.0,0.0,100,100.0,56.0,0.0,0,0.0,0,0.0,41.2,100,100,76.48,40.50378646208982,MODERATE,76.48,MODERATE
SME_0825,Agriculture,88734.42,19647.46,14700.03,40078.94,5023.01,103299.71,1,0.077,10,0.823,0.025,1,2,1,2,3,0,3,1,0.934,0,0,0.45167298101458264,0.2214187008829268,0.7481898423511233,22.583649050729132,11.07093504414634,25.181015764887672,20.16878153441771,10.0,51.33333333333333,82.3,6.25,35.71428571428571,37.11952380952381,20.0,20.0,0,50.0,22.5,60.0,0,30.0,0,18.0,6.599999999999994,100,100,62.64,28.794515412706264,LOW,62.64,LOW
SME_0826,Transport,19559.31,41779.05,127156.82,31408.19,28647.11,6015.05,2,0.014,4,0.318,0.14,0,3,0,2,2,0,3,1,0.825,1,1,1.6057923311200648,2.1360186018831953,3.0435546045206867,80.28961655600324,100.0,0.0,54.086884966800966,20.0,9.333333333333334,31.8,35.0,78.57142857142857,34.94095238095238,0.0,30.0,100,50.0,43.5,40.0,0,30.0,0,14.0,17.500000000000004,0,0,7.000000000000002,36.46130358527839,MODERATE,54.086884966800966,MODERATE
SME_0827,Hospitality,71527.6,11382.47,8833.75,65380.71,5529.05,11188.78,2,0.138,6,0.446,0.322,1,2,1,1,1,0,0,0,0.406,0,1,0.9140626834956016,0.15913395668245542,0.7760837498363712,45.70313417478008,7.956697834122771,22.39162501636288,25.054599609216005,20.0,92.00000000000001,44.6,80.5,64.28571428571428,60.277142857142856,20.0,20.0,0,75.0,28.75,20.0,0,0.0,100,34.0,59.4,100,0,53.760000000000005,38.81166559705052,MODERATE,60.277142857142856,MODERATE
SME_0828,Transport,9461.6,4744.96,3447.78,9882.56,15162.02,7959.87,4,0.052,10,0.524,0.367,0,0,0,2,1,0,1,1,0.7,1,0,1.044491417941997,0.5014965756320284,0.7266194024817912,52.22457089709985,25.074828781601422,27.338059751820875,34.12504380433873,40.0,34.66666666666667,52.400000000000006,91.75,35.71428571428571,50.906190476190474,0.0,0.0,100,50.0,37.5,20.0,0,10.0,0,6.0,30.000000000000004,0,100,42.0,35.564060760349236,MODERATE,50.906190476190474,MODERATE
SME_0829,Agriculture,16309.51,31266.94,33038.78,64143.33,7214.39,4707.87,4,0.136,7,0.553,0.359,0,3,1,3,0,0,0,1,0.362,0,1,3.9328790380581635,1.9170986743317242,1.05666816132311,100.0,95.85493371658622,0.0,58.756480114975865,40.0,90.66666666666667,55.300000000000004,89.75,57.14285714285714,66.57190476190478,0.0,30.0,0,25.0,12.25,0.0,0,0.0,0,0.0,63.800000000000004,100,0,55.52,42.27192022496896,MODERATE,66.57190476190478,MODERATE
SME_0830,Agriculture,8110.51,2324.9,1633.33,138448.94,4575.36,17529.46,3,0.142,7,0.661,0.368,0,4,0,2,0,0,2,0,0.471,0,1,17.07031247110231,0.2866527505668571,0.7025377435588627,100.0,14.332637528342854,29.746225644113732,46.19828151614835,30.0,94.66666666666667,66.10000000000001,92.0,57.14285714285714,67.98190476190477,0.0,40.0,100,50.0,45.5,0.0,0,20.0,100,34.0,52.900000000000006,100,0,51.160000000000004,50.1709606453207,HIGH,67.98190476190477,HIGH
SME_0831,Transport,26503.41,10025.79,1994.78,38994.17,5800.97,12400.44,4,0.001,8,0.135,0.363,1,1,0,1,1,0,1,1,0.937,0,1,1.471288788876601,0.3782830209395697,0.19896486960129822,73.56443944383005,18.914151046978485,80.10351303987018,59.784982363190636,40.0,0.6666666666666667,13.5,90.75,50.0,38.983333333333334,20.0,10.0,100,75.0,51.75,20.0,0,10.0,0,6.0,6.2999999999999945,100,0,32.519999999999996,42.183328042290526,MODERATE,59.784982363190636,MODERATE
SME_0832,Retail,46662.38,7939.22,4412.04,16301.56,19359.54,27243.94,4,0.07,14,0.713,0.211,3,4,1,2,1,0,3,0,0.623,0,1,0.34935123326328404,0.17014177159416216,0.5557271369227708,17.4675616631642,8.507088579708109,44.42728630772292,25.563309595950862,40.0,46.66666666666667,71.3,52.75,7.14285714285714,43.57190476190476,60.0,40.0,0,50.0,38.5,20.0,0,30.0,100,40.0,37.7,100,0,45.08,36.76996906926145,MODERATE,45.08,MODERATE
SME_0833,Manufacturing,26549.89,7896.53,6028.84,34683.98,13839.24,24889.02,1,0.004,10,0.153,0.088,0,0,0,0,1,0,0,0,0.924,0,1,1.3063700075593534,0.2974223245369378,0.7634796549876972,65.31850037796767,14.871116226846889,23.65203450123028,33.517698781936474,10.0,2.666666666666667,15.299999999999999,21.999999999999996,35.71428571428571,17.136190476190475,0.0,0.0,100,100.0,50.0,20.0,0,0.0,100,34.0,7.599999999999996,100,0,33.04,32.74335725362856,MODERATE,50.0,MODERATE
SME_0834,Professional Services,66720.74,9886.27,4307.55,15539.89,23899.98,26992.08,5,0.136,8,0.498,0.319,1,3,0,1,1,1,2,0,0.416,1,0,0.23290943715552312,0.1481738661771437,0.4357103336243093,11.645471857776156,7.408693308857186,56.42896663756907,28.287836205017634,50.0,90.66666666666667,49.8,79.75,50.0,64.04333333333334,20.0,30.0,100,75.0,55.75,20.0,100,20.0,100,68.0,58.400000000000006,0,100,53.36,51.18318419483862,HIGH,68.0,HIGH
SME_0835,Retail,13729.3,47668.49,7751.83,13156.47,13838.75,5251.55,4,0.078,8,0.804,0.085,1,3,0,4,1,0,2,0,0.444,1,1,0.9582768240187045,3.472026250427917,0.16261958371242724,47.913841200935224,100.0,83.73804162875727,77.86936901178348,40.0,52.0,80.4,21.25,50.0,48.730000000000004,20.0,30.0,100,0.0,37.0,20.0,0,20.0,100,38.0,55.60000000000001,0,0,22.240000000000006,50.86731070353505,HIGH,77.86936901178348,HIGH
SME_0836,Retail,29938.64,34702.65,10529.53,59409.72,2345.58,21365.37,1,0.011,8,0.484,0.107,2,3,1,0,1,0,1,1,0.547,1,0,1.9843827241317575,1.1591257986334718,0.30342149662921997,99.21913620658788,57.95628993167359,69.657850337078,75.01576797630963,10.0,7.333333333333333,48.4,26.749999999999996,50.0,28.496666666666666,40.0,30.0,0,100.0,43.0,20.0,0,10.0,0,6.0,45.3,0,100,48.120000000000005,43.94089705955956,MODERATE,75.01576797630963,MODERATE
SME_0837,Construction,16393.75,14716.76,23298.78,26105.53,67058.04,21837.99,5,0.017,12,0.227,0.093,1,3,1,2,0,0,4,1,0.556,0,0,1.592407472359893,0.8977055280213496,1.5831460185529966,79.62037361799466,44.88527640106748,0.0,37.35169500571864,50.0,11.333333333333334,22.7,23.25,21.42857142857143,25.742380952380955,20.0,30.0,0,50.0,24.5,0.0,0,40.0,0,8.0,44.39999999999999,100,100,77.75999999999999,31.51710373981083,MODERATE,77.75999999999999,MODERATE
SME_0838,Professional Services,33388.69,44579.34,8763.8,100112.35,14016.53,4787.22,4,0.058,8,0.937,0.206,0,2,0,4,0,0,1,1,0.822,0,0,2.998391071946818,1.335162894980306,0.19658882343255868,100.0,66.7581447490153,80.34111765674413,82.16389048740224,40.0,38.66666666666667,93.7,51.49999999999999,50.0,54.77333333333333,0.0,20.0,100,0.0,29.0,0.0,0,10.0,0,2.0,17.800000000000004,100,100,67.12,51.154500479554,HIGH,82.16389048740224,HIGH
SME_0839,Professional Services,37407.25,7694.72,4560.79,19274.33,15891.58,9008.35,1,0.141,6,0.856,0.129,0,1,0,0,1,0,4,0,0.72,1,1,0.5152565344953185,0.2057013012183467,0.5927168240039923,25.762826724765926,10.285065060917335,40.72831759960077,27.105694575545286,10.0,94.0,85.6,32.25,64.28571428571428,57.22714285714286,0.0,10.0,100,100.0,52.0,20.0,0,40.0,100,42.0,28.000000000000004,0,0,11.200000000000003,40.25849408694929,MODERATE,57.22714285714286,MODERATE
SME_0840,Retail,39836.86,6901.54,22067.08,21328.04,7123.73,3236.22,2,0.104,9,0.756,0.062,0,3,1,3,0,0,2,1,0.687,0,0,0.5353845659522362,0.1732450800590207,3.1974139105185224,26.769228297611807,8.662254002951036,0.0,10.629444690168853,20.0,69.33333333333334,75.6,15.5,42.85714285714286,44.65809523809524,0.0,30.0,0,25.0,12.25,0.0,0,20.0,0,4.0,31.299999999999994,100,100,72.52,24.655357216574465,LOW,72.52,LOW
SME_0841,Hospitality,10616.4,35918.38,3531.51,17025.06,27233.44,21923.67,4,0.13,3,0.45,0.181,1,1,0,0,1,0,4,1,0.722,0,0,1.6036566067593536,3.383291888022305,0.0983204142280359,80.18283033796769,100.0,90.1679585771964,90.12203253226886,40.0,86.66666666666667,45.0,45.24999999999999,85.71428571428572,60.52619047619048,20.0,10.0,100,100.0,58.0,20.0,0,40.0,0,12.0,27.800000000000004,100,100,71.12,62.68015737872828,HIGH,90.12203253226886,CRITICAL REVIEW
SME_0842,Construction,12269.04,28619.44,1563.36,9786.6,3738.89,21833.09,2,0.055,6,0.256,0.35,2,3,1,4,1,0,1,0,0.813,0,1,0.7976663210813559,2.3326552036671164,0.05462580679426292,39.8833160540678,100.0,94.53741932057372,79.77996254444983,20.0,36.66666666666667,25.6,87.49999999999999,64.28571428571428,46.81047619047619,40.0,30.0,0,0.0,18.0,20.0,0,10.0,100,36.0,18.700000000000006,100,0,37.480000000000004,48.384607810953995,MODERATE,79.77996254444983,MODERATE
SME_0843,Construction,14231.33,12455.48,26719.6,67736.3,17312.54,43477.05,6,0.006,5,0.9,0.228,1,3,0,3,1,0,3,1,0.925,0,1,4.759660551754474,0.8752154577260172,2.1452083741453563,100.0,43.760772886300856,0.0,43.12823186589026,60.0,4.0,90.0,56.99999999999999,71.42857142857143,56.48571428571429,20.0,30.0,100,25.0,43.25,20.0,0,30.0,0,10.0,7.499999999999996,100,0,33.0,40.50989813119565,MODERATE,56.48571428571429,MODERATE
SME_0844,Agriculture,20651.15,7257.27,25060.55,266909.34,1538.66,9766.79,4,0.146,8,0.552,0.351,0,3,1,2,0,0,2,1,0.59,0,1,12.924671991632428,0.3514220757681776,3.4531648953394316,100.0,17.57110378840888,0.0,35.27133113652266,40.0,97.33333333333333,55.2,87.75,50.0,66.05666666666667,0.0,30.0,0,50.0,18.5,0.0,0,20.0,0,4.0,41.0,100,0,46.400000000000006,36.03556600762347,MODERATE,66.05666666666667,MODERATE
SME_0845,Professional Services,26805.98,57867.58,3622.42,20470.2,18394.89,18015.44,6,0.003,4,0.825,0.078,2,2,1,1,3,0,2,0,0.862,1,1,0.7636430378594627,2.158756367049442,0.06259843594634508,38.18215189297314,100.0,93.7401564053655,78.95070813003815,60.0,2.0,82.5,19.499999999999996,78.57142857142857,48.51428571428571,40.0,20.0,0,75.0,34.75,60.0,0,20.0,100,46.0,13.8,0,0,5.5200000000000005,50.21578386758287,HIGH,78.95070813003815,HIGH
SME_0846,Retail,44050.96,4546.19,5367.39,15190.97,3784.79,29191.23,4,0.142,4,0.391,0.067,0,3,1,2,4,1,0,1,0.647,1,1,0.34484991927531206,0.10320297219402255,1.1806347732936813,17.242495963765602,5.160148609701127,0.0,6.720793372040019,40.0,94.66666666666667,39.1,16.75,78.57142857142857,53.81761904761905,0.0,30.0,0,50.0,18.5,80.0,100,0.0,0,46.0,35.3,0,0,14.12,27.482642773516766,LOW,53.81761904761905,LOW
SME_0847,Agriculture,12684.7,11152.14,3197.96,14237.42,12831.21,6088.52,4,0.055,13,0.385,0.23,1,1,1,1,2,0,0,1,0.805,0,1,1.122408886296089,0.8791804299668103,0.28675751918465875,56.12044431480445,43.95902149834052,71.32424808153412,58.55353897655714,40.0,36.66666666666667,38.5,57.49999999999999,14.28571428571429,37.39047619047619,20.0,10.0,0,75.0,26.75,40.0,0,0.0,0,8.0,19.499999999999996,100,0,37.8,37.24368074058619,MODERATE,58.55353897655714,MODERATE
SME_0848,Transport,6945.27,21611.66,11090.24,15202.56,33926.33,5309.71,2,0.002,10,0.938,0.185,0,2,1,1,0,0,3,1,0.912,1,1,2.1889084225667252,3.1117091200198117,0.5131600256528189,100.0,100.0,48.68399743471811,79.47359897388725,20.0,1.3333333333333335,93.8,46.25,35.71428571428571,39.41952380952381,0.0,20.0,0,75.0,22.75,0.0,0,30.0,0,6.0,8.799999999999997,0,0,3.519999999999999,39.49896064454712,MODERATE,79.47359897388725,MODERATE
SME_0849,Manufacturing,140256.14,76104.21,45217.8,156175.61,20968.7,6260.81,1,0.103,11,0.544,0.264,1,1,1,4,0,0,1,1,0.323,0,1,1.1135028384497105,0.5426087585185219,0.5941563548192669,55.67514192248553,27.130437925926092,40.584364518073315,41.07541976175281,10.0,68.66666666666667,54.400000000000006,66.0,28.57142857142857,45.527619047619055,20.0,10.0,0,0.0,8.0,0.0,0,10.0,0,2.0,67.7,100,0,57.08,31.312530690430613,MODERATE,57.08,MODERATE
SME_0850,Construction,10111.9,24455.42,16156.51,14624.77,30100.1,8763.02,3,0.147,10,0.22,0.318,1,4,1,3,0,0,4,1,0.683,0,0,1.4462929815366055,2.418479217555553,0.660651503838413,72.31464907683028,100.0,33.9348496161587,65.26833456951258,30.0,98.0,22.0,79.5,35.71428571428571,53.042857142857144,20.0,40.0,0,25.0,20.25,0.0,0,40.0,0,8.0,31.699999999999996,100,100,72.68,45.35921465656806,MODERATE,72.68,MODERATE
SME_0851,Transport,48809.98,26433.06,22537.18,16708.72,27422.08,5481.66,2,0.145,13,0.287,0.301,1,3,1,3,1,0,4,1,0.993,1,0,0.34232179566555854,0.541550314095601,0.8526133561532414,17.11608978327793,27.077515704780048,14.73866438467586,19.153547400287735,20.0,96.66666666666667,28.7,75.25,14.28571428571429,46.980476190476196,20.0,30.0,0,25.0,18.25,20.0,0,40.0,0,12.0,0.7000000000000006,0,100,30.28,25.969183267705375,LOW,46.980476190476196,LOW
SME_0852,Transport,25633.22,11414.28,18159.06,8678.45,6238.44,6508.19,4,0.024,5,0.51,0.377,1,4,0,0,0,0,5,1,0.647,0,0,0.33856261523132875,0.4452924759355243,1.5909071794278746,16.928130761566436,22.264623796776213,0.0,11.757826367502794,40.0,16.0,51.0,94.25,71.42857142857143,54.535714285714285,20.0,40.0,100,100.0,64.0,0.0,0,50.0,0,10.0,35.3,100,100,74.12,38.87327648167941,MODERATE,74.12,MODERATE
SME_0853,Hospitality,30566.98,28365.0,7999.05,40239.38,17134.3,26515.52,5,0.027,11,0.136,0.159,1,4,1,2,0,0,1,1,0.905,0,1,1.3164329613196986,0.9279621343030944,0.2820042305658382,65.82164806598493,46.39810671515472,71.79957694341618,62.385757211708366,50.0,18.0,13.600000000000001,39.75,28.57142857142857,29.984285714285715,20.0,40.0,0,50.0,26.5,0.0,0,10.0,0,2.0,9.499999999999996,100,0,33.8,35.19179859208394,MODERATE,62.385757211708366,MODERATE
SME_0854,Manufacturing,24969.01,19582.17,23636.26,28049.42,2117.34,11003.29,0,0.085,13,0.493,0.083,1,4,1,4,3,0,2,1,0.43,1,1,1.123369328619757,0.7842589674160089,1.2070296601449175,56.16846643098785,39.21294837080044,0.0,28.614424440536485,0.0,56.66666666666668,49.3,20.75,14.28571428571429,28.20047619047619,20.0,40.0,0,0.0,14.0,60.0,0,20.0,0,16.0,57.00000000000001,0,0,22.800000000000004,23.114446379779995,LOW,28.614424440536485,LOW
SME_0855,Transport,18375.21,5051.07,16852.05,9621.68,5388.91,15814.63,5,0.096,13,0.456,0.22,0,4,1,2,1,0,3,1,0.723,1,0,0.5236228592761661,0.27488502172220075,3.3363326978244214,26.181142963808306,13.744251086110037,0.0,11.977618214975502,50.0,64.0,45.6,54.99999999999999,14.28571428571429,45.77714285714286,0.0,40.0,0,50.0,20.5,20.0,0,30.0,0,10.0,27.700000000000003,0,100,41.08,24.745571178778366,LOW,45.77714285714286,LOW
SME_0856,Transport,36236.02,33944.26,33746.86,12284.86,35021.93,7310.13,3,0.111,6,0.762,0.044,0,1,0,0,1,0,1,1,0.909,1,0,0.339023435796757,0.9367546435839258,0.9941845837852997,16.95117178983785,46.83773217919629,0.5815416214700275,19.369287839298252,30.0,74.0,76.2,10.999999999999998,64.28571428571428,51.09714285714286,0.0,10.0,100,100.0,52.0,20.0,0,10.0,0,6.0,9.099999999999998,0,100,33.64,33.249072066075186,MODERATE,52.0,MODERATE
SME_0857,Manufacturing,17601.89,39122.06,5052.55,138952.31,7071.35,6890.74,3,0.027,11,0.402,0.116,0,0,0,0,1,0,0,1,0.602,0,1,7.894169887438224,2.2226056406442716,0.129148362841834,100.0,100.0,87.0851637158166,94.83406548632664,30.0,18.0,40.2,28.999999999999996,28.57142857142857,29.154285714285717,0.0,0.0,100,100.0,50.0,20.0,0,0.0,0,4.0,39.800000000000004,100,0,45.92,50.93079107446942,HIGH,94.83406548632664,CRITICAL REVIEW
SME_0858,Manufacturing,63555.78,34228.68,1406.82,30997.46,1861.5,15516.55,5,0.144,4,0.935,0.083,2,0,1,4,1,0,7,1,0.641,0,1,0.487720550357497,0.5385612449410581,0.0411006208828386,24.38602751787485,26.928062247052903,95.88993791171615,53.75020209416479,50.0,96.0,93.5,20.75,78.57142857142857,67.76428571428572,40.0,0.0,0,0.0,12.0,20.0,0,70.0,0,18.0,35.9,100,0,44.36,42.602132056820864,MODERATE,67.76428571428572,MODERATE
SME_0859,Transport,39394.6,18486.38,22752.9,33211.05,61246.95,13441.71,0,0.096,2,0.254,0.159,3,4,0,0,0,0,3,1,0.357,0,0,0.8430355937108133,0.4692617769948166,1.2307926159691622,42.15177968554066,23.463088849740828,0.0,19.684460560584448,0.0,64.0,25.4,39.75,92.85714285714286,44.401428571428575,60.0,40.0,100,100.0,76.0,0.0,0,30.0,0,6.0,64.3,100,100,85.72,41.67769531103248,MODERATE,85.72,MODERATE
SME_0860,Manufacturing,40388.74,8376.5,11349.92,33343.11,16586.85,24169.58,3,0.127,12,0.602,0.044,1,3,0,4,1,0,4,0,0.33,0,1,0.8255545976428085,0.2073969131000373,1.3549716468692174,41.27772988214042,10.369845655001866,0.0,15.494272661142684,30.0,84.66666666666667,60.199999999999996,10.999999999999998,21.42857142857143,41.45904761904762,20.0,30.0,100,0.0,37.0,20.0,0,40.0,100,42.0,67.0,100,0,56.8,34.39304370310471,MODERATE,56.8,MODERATE
SME_0861,Transport,16662.78,2837.79,5950.03,121003.9,19897.93,38719.38,1,0.081,12,0.176,0.013,1,0,1,0,2,0,2,0,0.628,1,1,7.261927481488684,0.17030711561936243,2.0967125826787747,100.0,8.515355780968122,0.0,32.55460673429044,10.0,54.0,17.599999999999998,3.2499999999999996,21.42857142857143,21.255714285714284,20.0,0.0,0,100.0,31.0,40.0,0,20.0,100,42.0,37.2,0,0,14.880000000000003,29.0683105917157,LOW,42.0,LOW
SME_0862,Transport,20692.93,20409.79,6292.06,10548.49,4137.79,6440.69,2,0.062,14,0.724,0.263,3,1,0,3,1,0,3,1,0.89,1,1,0.5097629963470616,0.9863170657804381,0.3082863664937268,25.48814981735308,49.3158532890219,69.17136335062733,50.10974627216342,20.0,41.333333333333336,72.39999999999999,65.75,7.14285714285714,41.3252380952381,60.0,10.0,100,25.0,51.25,20.0,0,30.0,0,10.0,10.999999999999998,0,0,4.3999999999999995,37.55423340545855,MODERATE,51.25,MODERATE
SME_0863,Hospitality,9665.33,42773.78,102938.1,20182.22,12913.02,26048.83,3,0.147,2,0.946,0.244,1,2,1,4,2,0,0,1,0.952,0,0,2.0881045965321414,4.425485730957971,2.406570099719969,100.0,100.0,0.0,60.0,30.0,98.0,94.6,61.0,92.85714285714286,75.29142857142857,20.0,20.0,0,0.0,10.0,40.0,0,0.0,0,8.0,4.800000000000004,100,100,61.92,46.21485714285715,MODERATE,75.29142857142857,MODERATE
SME_0864,Retail,18849.06,39916.82,4209.09,25336.15,12608.9,4540.7,1,0.087,12,0.796,0.283,0,1,1,3,0,0,2,1,0.761,1,1,1.3441598679191429,2.117708787600018,0.1054465260509229,67.20799339595715,100.0,89.45534739490772,85.94453697675024,10.0,57.99999999999999,79.60000000000001,70.74999999999999,21.42857142857143,47.955714285714286,0.0,10.0,0,25.0,8.25,0.0,0,20.0,0,4.0,23.9,0,0,9.56,40.97828966445365,MODERATE,85.94453697675024,MODERATE
SME_0865,Transport,10909.29,34578.43,3408.04,5365.67,4774.31,77579.83,1,0.13,3,0.572,0.264,1,1,1,3,0,0,4,0,0.878,0,0,0.4918441071783773,3.169631570890498,0.09855970904404855,24.592205358918864,100.0,90.14402909559514,73.43527324591372,10.0,86.66666666666667,57.199999999999996,66.0,85.71428571428572,61.11619047619048,20.0,10.0,0,25.0,14.25,0.0,0,40.0,100,38.0,12.2,100,100,64.88,52.34762959282174,HIGH,73.43527324591372,HIGH
SME_0866,Agriculture,71473.78,16962.47,8712.21,12001.79,8582.69,5913.47,4,0.143,2,0.512,0.046,1,6,0,4,2,0,3,1,0.814,1,1,0.16791878084522746,0.23732437265805728,0.5136168258514237,8.395939042261373,11.866218632902864,48.63831741485763,25.533974268492326,40.0,95.33333333333333,51.2,11.5,92.85714285714286,58.17809523809524,20.0,60.0,100,0.0,43.0,40.0,0,30.0,0,14.0,18.600000000000005,0,0,7.440000000000002,33.64871609007151,MODERATE,58.17809523809524,MODERATE
SME_0867,Construction,26031.43,42963.16,26047.78,85444.94,2591.31,22342.13,5,0.101,1,0.81,0.116,1,1,1,2,1,0,2,0,0.791,0,1,3.2823759586008143,1.6504341098433701,0.6062817539491974,100.0,82.52170549216851,39.37182460508026,70.50524148968266,50.0,67.33333333333334,81.0,28.999999999999996,100.0,65.46666666666667,20.0,10.0,0,50.0,20.5,20.0,0,20.0,100,38.0,20.899999999999995,100,0,38.36,51.15423911357147,HIGH,70.50524148968266,HIGH
SME_0868,Professional Services,28653.44,37701.55,78088.56,64161.98,7319.53,4510.42,5,0.082,14,0.896,0.052,0,2,1,1,0,0,2,1,0.838,0,1,2.2392417803935585,1.3157774424292512,2.071229432211673,100.0,65.78887212146256,0.0,49.73666163643877,50.0,54.66666666666667,89.60000000000001,12.999999999999998,7.14285714285714,42.88190476190477,0.0,20.0,0,75.0,22.75,0.0,0,20.0,0,4.0,16.200000000000003,100,0,36.480000000000004,34.43947468140782,MODERATE,49.73666163643877,MODERATE
SME_0869,Retail,20879.31,12836.14,15437.61,76574.51,24023.84,10464.88,2,0.001,8,0.941,0.337,1,0,1,0,3,1,1,1,0.654,0,1,3.667482785590136,0.6147779787742027,1.2026676243792918,100.0,30.738898938710136,0.0,39.22166968161304,20.0,0.6666666666666667,94.1,84.25,50.0,49.803333333333335,20.0,0.0,0,100.0,31.0,60.0,100,10.0,0,44.0,34.599999999999994,100,0,43.839999999999996,41.401334237817245,MODERATE,49.803333333333335,MODERATE
SME_0870,Retail,29281.0,30927.64,2245.73,16644.95,5106.03,48234.11,2,0.006,12,0.437,0.299,2,1,1,0,1,0,0,1,0.621,1,0,0.5684556538369592,1.0562357842969843,0.07261239460883534,28.42278269184796,52.81178921484921,92.73876053911647,61.46587578765574,20.0,4.0,43.7,74.75,21.42857142857143,32.77571428571429,40.0,10.0,0,100.0,39.0,20.0,0,0.0,0,4.0,37.9,0,100,45.16,39.5496913077253,MODERATE,61.46587578765574,MODERATE
SME_0871,Retail,179608.22,11723.61,57415.01,18830.96,55653.96,5748.7,3,0.03,5,0.942,0.081,1,1,1,2,0,0,2,1,0.411,0,0,0.10484464463820196,0.06527323749436413,4.897383143929217,5.242232231910098,3.2636618747182067,0.0,2.5517682319884916,30.0,20.0,94.19999999999999,20.25,71.42857142857143,47.175714285714285,20.0,10.0,0,50.0,20.5,0.0,0,20.0,0,4.0,58.9,100,100,83.56,25.61545904102512,LOW,83.56,LOW
SME_0872,Hospitality,19663.49,27726.57,7845.76,5018.5,2745.88,87240.98,5,0.028,10,0.233,0.137,1,2,1,1,1,0,3,1,0.891,0,1,0.25521919048958247,1.4100533526856116,0.2829690077063265,12.760959524479123,70.50266763428058,71.70309922936735,53.66032783937486,50.0,18.666666666666668,23.3,34.25,35.71428571428571,32.38619047619048,20.0,20.0,0,75.0,28.75,20.0,0,30.0,0,10.0,10.899999999999999,100,0,34.36,34.88064597086007,MODERATE,53.66032783937486,MODERATE
SME_0873,Transport,14858.1,6366.68,3461.6,76182.51,7912.37,11943.16,6,0.038,1,0.316,0.387,1,1,1,2,1,0,1,1,0.331,0,1,5.127338623377147,0.4284989332418008,0.5437056676321096,100.0,21.42494666209004,45.62943323678904,54.67925729334263,60.0,25.333333333333336,31.6,96.75,100.0,62.736666666666665,20.0,10.0,0,50.0,20.5,20.0,0,10.0,0,6.0,66.9,100,0,56.760000000000005,42.763943854669456,MODERATE,62.736666666666665,MODERATE
SME_0874,Hospitality,38192.16,6770.69,2718.42,89823.77,5538.91,28877.07,3,0.046,13,0.176,0.238,1,0,0,1,2,1,1,1,0.487,0,1,2.351890283241377,0.1772795777981659,0.40149822248544836,100.0,8.863978889908294,59.850177751455156,56.599264767554544,30.0,30.66666666666667,17.599999999999998,59.5,14.28571428571429,30.410476190476192,20.0,0.0,100,75.0,49.75,40.0,100,10.0,0,40.0,51.300000000000004,100,0,50.52,45.58439847788541,MODERATE,56.599264767554544,MODERATE
SME_0875,Transport,3314.48,41969.26,18463.03,88687.45,8503.03,17245.6,1,0.054,9,0.331,0.32,3,1,1,4,3,0,2,1,0.664,0,0,26.757575849001952,12.662396514687071,0.439917930409066,100.0,100.0,56.0082069590934,82.40328278363737,10.0,36.0,33.1,80.0,42.85714285714286,40.39142857142858,60.0,10.0,0,0.0,20.0,60.0,0,20.0,0,16.0,33.599999999999994,100,100,73.44,48.56284197794835,MODERATE,82.40328278363737,MODERATE
SME_0876,Hospitality,26312.42,38107.83,10158.1,149200.14,34360.66,18105.99,2,0.063,8,0.753,0.106,1,3,1,4,0,0,1,1,0.98,1,1,5.670331349225956,1.4482829781525228,0.26656201625755127,100.0,72.41414890762614,73.34379837424487,81.0617640219858,20.0,42.00000000000001,75.3,26.499999999999996,50.0,42.76,20.0,30.0,0,0.0,12.0,0.0,0,10.0,0,2.0,2.0000000000000018,0,0,0.8000000000000007,37.78852920659573,MODERATE,81.0617640219858,MODERATE
SME_0877,Hospitality,18569.22,29882.14,11296.77,45755.22,4122.98,3324.78,2,0.015,4,0.825,0.084,1,1,1,3,1,0,0,1,0.85,0,1,2.464035646085296,1.609229682237595,0.37804420968511626,100.0,80.46148411187976,62.19557903148838,79.01667684615929,20.0,10.0,82.5,21.0,78.57142857142857,42.41428571428571,20.0,10.0,0,25.0,14.25,20.0,0,0.0,0,4.0,15.000000000000002,100,0,36.0,41.35857448241922,MODERATE,79.01667684615929,MODERATE
SME_0878,Construction,11302.51,19312.39,28960.84,142320.17,6662.15,7840.79,2,0.006,8,0.762,0.314,1,1,1,3,1,0,1,0,0.558,1,1,12.591908346022256,1.7086815229537509,1.4995989621170658,100.0,85.43407614768755,0.0,55.63022284430626,20.0,4.0,76.2,78.49999999999999,50.0,45.74,20.0,10.0,0,25.0,14.25,20.0,0,10.0,100,36.0,44.199999999999996,0,0,17.68,38.14206685329188,MODERATE,55.63022284430626,MODERATE
SME_0879,Agriculture,37527.8,2657.41,3586.9,24550.27,18022.85,35208.43,2,0.101,13,0.636,0.274,2,3,1,4,0,0,3,0,0.8,0,1,0.6541888946327789,0.07081177154003165,1.3497728991762656,32.70944473163894,3.5405885770015826,0.0,10.875009992592156,20.0,67.33333333333334,63.6,68.5,14.28571428571429,46.74380952380953,40.0,30.0,0,0.0,18.0,0.0,0,30.0,100,36.0,19.999999999999996,100,0,38.0,27.74845537873003,LOW,46.74380952380953,LOW
SME_0880,Hospitality,26103.43,16953.44,31361.97,5125.29,10874.58,8802.34,2,0.081,12,0.537,0.272,2,3,1,3,0,0,2,1,0.952,0,1,0.19634546111373102,0.6494717360898548,1.8498882822601197,9.81727305568655,32.47358680449274,0.0,12.687257958053788,20.0,54.0,53.7,68.0,21.42857142857143,43.425714285714285,40.0,30.0,0,25.0,24.25,0.0,0,20.0,0,4.0,4.800000000000004,100,0,31.92,23.30460595884471,LOW,43.425714285714285,LOW
SME_0881,Construction,5911.79,25886.41,4760.17,70946.22,11707.65,13597.09,3,0.067,13,0.702,0.221,1,1,0,4,1,0,0,0,0.677,0,1,12.000801787614241,4.378776986327322,0.18388683482954957,100.0,100.0,81.61131651704504,92.64452660681802,30.0,44.66666666666667,70.19999999999999,55.25,14.28571428571429,42.8804761904762,20.0,10.0,100,0.0,33.0,20.0,0,0.0,100,34.0,32.3,100,0,42.92,54.50547702966446,HIGH,92.64452660681802,CRITICAL REVIEW
SME_0882,Manufacturing,14904.34,11735.11,69647.65,4939.72,4194.76,2980.9,4,0.095,10,0.432,0.225,3,0,1,2,0,0,1,0,0.623,1,1,0.3314282953824188,0.7873619361877144,5.934980583905902,16.571414769120942,39.36809680938572,0.0,16.781853473551998,40.0,63.33333333333334,43.2,56.25,35.71428571428571,47.69952380952381,60.0,0.0,0,50.0,30.5,0.0,0,10.0,100,32.0,37.7,0,0,15.080000000000002,29.367436994446553,LOW,47.69952380952381,LOW
SME_0883,Agriculture,2480.0,10179.51,14558.58,35566.33,9376.06,7397.1,3,0.124,7,0.815,0.294,2,4,1,0,0,0,7,1,0.687,0,0,14.341262096774194,4.104641129032258,1.430184753490099,100.0,100.0,0.0,60.0,30.0,82.66666666666667,81.5,73.49999999999999,57.14285714285714,64.96190476190476,40.0,40.0,0,100.0,45.0,0.0,0,70.0,0,14.0,31.299999999999994,100,100,72.52,52.59247619047619,HIGH,72.52,HIGH
SME_0884,Hospitality,31610.56,57163.07,3187.39,77985.37,27688.18,32971.45,2,0.064,11,0.676,0.108,2,2,1,4,2,0,0,0,0.518,0,0,2.4670670181104035,1.8083536008220038,0.05575960143498241,100.0,90.41768004110018,94.42403985650176,94.89491995493077,20.0,42.66666666666667,67.60000000000001,26.999999999999996,28.57142857142857,37.16761904761905,40.0,20.0,0,0.0,16.0,40.0,0,0.0,100,38.0,48.199999999999996,100,100,79.28,54.588380748384,HIGH,94.89491995493077,CRITICAL REVIEW
SME_0885,Professional Services,31359.44,17152.44,1055.51,41490.16,2349.06,3783.09,2,0.096,11,0.693,0.141,2,1,0,4,0,0,0,1,0.935,1,1,1.3230516871474747,0.5469625733112581,0.06153701747389876,66.15258435737374,27.348128665562903,93.84629825261013,65.58873320792505,20.0,64.0,69.3,35.24999999999999,28.57142857142857,43.424285714285716,40.0,10.0,100,0.0,39.0,0.0,0,0.0,0,0.0,6.499999999999995,0,0,2.599999999999998,38.592691390948936,MODERATE,65.58873320792505,MODERATE
SME_0886,Retail,13253.35,25899.09,17963.94,292785.56,5338.83,22880.33,5,0.143,7,0.556,0.349,2,3,0,4,0,1,0,1,0.858,1,1,22.091438013785194,1.9541542327034296,0.6936127871674255,100.0,97.70771163517148,30.638721283257453,71.56780200385442,50.0,95.33333333333333,55.60000000000001,87.25,57.14285714285714,69.0652380952381,40.0,30.0,100,0.0,43.0,0.0,100,0.0,0,30.0,14.200000000000001,0,0,5.680000000000001,52.40465012496585,HIGH,71.56780200385442,HIGH
SME_0887,Manufacturing,38511.85,33437.46,5502.82,4200.77,1951.5,14082.14,3,0.126,1,0.852,0.124,1,1,1,3,1,0,0,1,0.794,1,0,0.109077335936861,0.8682382175875737,0.16457051462641,5.45386679684305,43.41191087937869,83.542948537359,48.07691271781012,30.0,84.00000000000001,85.2,31.0,100.0,66.04,20.0,10.0,0,25.0,14.25,20.0,0,0.0,0,4.0,20.599999999999994,0,100,38.239999999999995,38.20707381534304,MODERATE,66.04,MODERATE
SME_0888,Manufacturing,8960.96,8078.63,6847.45,27614.38,16213.81,9704.08,2,0.064,6,0.314,0.219,0,1,1,3,3,0,5,0,0.712,1,0,3.0816318787272796,0.9015362193336429,0.847600397592166,100.0,45.076810966682146,15.2399602407834,49.619027386318,20.0,42.66666666666667,31.4,54.75,64.28571428571428,42.62047619047619,0.0,10.0,0,25.0,8.25,60.0,0,50.0,100,52.0,28.800000000000004,0,100,41.52,39.14282726351445,MODERATE,52.0,MODERATE
SME_0889,Construction,11538.19,21008.72,17212.53,30528.26,30129.62,9327.57,1,0.097,13,0.424,0.281,1,4,0,3,0,0,3,0,0.979,0,1,2.6458447988809333,1.820798582793315,0.8193040794489145,100.0,91.03992913966576,18.06959205510855,64.53981556394314,10.0,64.66666666666667,42.4,70.25,14.28571428571429,40.3204761904762,20.0,40.0,100,25.0,45.25,0.0,0,30.0,100,36.0,2.100000000000002,100,0,30.84,46.976063716801995,MODERATE,64.53981556394314,MODERATE
SME_0890,Manufacturing,34904.93,51732.56,21973.9,7823.21,8478.35,7713.56,5,0.027,4,0.761,0.4,1,4,1,3,0,0,3,1,0.508,0,1,0.22412908434424592,1.4820989470541839,0.42475957114822854,11.206454217212295,74.10494735270919,57.52404288517714,48.6030376250473,50.0,18.0,76.1,100.0,78.57142857142857,64.53428571428572,20.0,40.0,0,25.0,20.25,0.0,0,30.0,0,6.0,49.2,100,0,49.68000000000001,40.63248271608562,MODERATE,64.53428571428572,MODERATE
SME_0891,Agriculture,14410.29,77149.9,27198.23,9463.71,4045.55,8357.28,2,0.084,14,0.519,0.174,0,1,1,2,1,1,2,1,0.498,1,0,0.6567327930249841,5.353806203761339,0.35253746278349035,32.83663965124921,100.0,64.74625372165097,65.74949338403515,20.0,56.00000000000001,51.9,43.49999999999999,7.14285714285714,35.70857142857143,0.0,10.0,0,50.0,14.5,20.0,100,20.0,0,38.0,50.2,0,100,50.08,42.259990872353406,MODERATE,65.74949338403515,MODERATE
SME_0892,Hospitality,23777.75,18584.37,2470.94,12885.06,4153.55,27706.66,2,0.147,10,0.856,0.171,0,2,1,4,1,0,3,0,0.469,0,1,0.5418956797846727,0.7815865672740272,0.13295796413868213,27.094783989233633,39.07932836370136,86.70420358613178,54.53391514033321,20.0,98.0,85.6,42.75,35.71428571428571,56.412857142857135,0.0,20.0,0,0.0,4.0,20.0,0,30.0,100,40.0,53.1,100,0,51.24,42.38738882781425,MODERATE,56.412857142857135,MODERATE
SME_0893,Hospitality,15926.06,14879.98,33292.64,9989.66,7654.04,8134.12,5,0.078,10,0.394,0.337,3,4,1,2,3,0,2,0,0.819,0,1,0.6272524403399209,0.9343164599405,2.237411609424206,31.362622016996045,46.715822997025,0.0,23.42353350420631,50.0,52.0,39.4,84.25,35.71428571428571,52.272857142857134,60.0,40.0,0,50.0,38.5,60.0,0,20.0,100,46.0,18.100000000000005,100,0,37.24,38.41927433697617,MODERATE,52.272857142857134,MODERATE
SME_0894,Professional Services,17995.67,22322.41,4483.47,26928.97,7627.81,61052.73,2,0.139,10,0.414,0.322,1,2,0,3,1,0,0,1,0.858,1,0,1.4964138595562158,1.2404322817655582,0.20085062499972003,74.8206929778108,62.02161408827791,79.91493750002799,73.0186671198378,20.0,92.66666666666667,41.4,80.5,35.71428571428571,54.05619047619048,20.0,20.0,100,25.0,41.25,20.0,0,0.0,0,4.0,14.200000000000001,0,100,35.68,47.83764775499896,MODERATE,73.0186671198378,MODERATE
SME_0895,Retail,18636.02,21873.62,837.94,16415.61,22719.73,15712.96,3,0.061,11,0.855,0.292,2,2,0,2,1,0,0,0,0.718,0,1,0.8808538518417559,1.173728081425111,0.03830824527444475,44.042692592087796,58.68640407125555,96.16917547255552,69.28639918802521,30.0,40.666666666666664,85.5,72.99999999999999,28.57142857142857,51.547619047619044,40.0,20.0,100,50.0,53.5,20.0,0,0.0,100,34.0,28.200000000000003,100,0,41.28,53.60082451831233,HIGH,69.28639918802521,HIGH
SME_0896,Construction,14203.24,54586.04,2462.07,41227.51,5477.21,7143.99,0,0.15,12,0.495,0.185,5,1,0,4,1,0,1,1,0.756,0,0,2.902683472221831,3.843210422410661,0.045104389327381145,100.0,100.0,95.48956106726189,98.19582442690475,0.0,100.0,49.5,46.25,21.42857142857143,43.43571428571428,100.0,10.0,100,0.0,57.0,20.0,0,10.0,0,6.0,24.4,100,100,69.75999999999999,59.59367589949999,HIGH,98.19582442690475,CRITICAL REVIEW
SME_0897,Retail,31843.57,8111.3,9948.95,57433.51,14793.02,28816.15,0,0.087,2,0.539,0.13,0,2,1,4,0,0,3,1,0.544,1,0,1.80361404201853,0.2547233240494078,1.2265543131187358,90.1807021009265,12.73616620247039,0.0,30.875060491019063,0.0,57.99999999999999,53.900000000000006,32.5,92.85714285714286,47.45142857142858,0.0,20.0,0,0.0,4.0,0.0,0,30.0,0,6.0,45.599999999999994,0,100,48.239999999999995,27.649375290162865,LOW,48.239999999999995,LOW
SME_0898,Manufacturing,15127.78,14389.13,3006.05,53676.56,7596.31,21039.74,1,0.006,10,0.383,0.243,1,1,1,3,0,0,3,1,0.328,1,1,3.5482113039718977,0.9511726109184558,0.20891117114099325,100.0,47.55863054592279,79.10888288590068,75.91114231813711,10.0,4.0,38.3,60.74999999999999,35.71428571428571,29.752857142857142,20.0,10.0,0,25.0,14.25,0.0,0,30.0,0,6.0,67.19999999999999,0,0,26.879999999999995,36.64955698115542,MODERATE,75.91114231813711,MODERATE
SME_0899,Professional Services,25315.71,7364.41,7325.76,19906.99,5115.65,2707.83,4,0.088,7,0.335,0.35,0,3,1,4,0,0,1,1,0.478,0,0,0.7863492669176572,0.2909027635409001,0.9947517859543399,39.31746334588286,14.545138177045006,0.5248214045660116,16.368709018704767,40.0,58.666666666666664,33.5,87.49999999999999,57.14285714285714,55.36190476190476,0.0,30.0,0,0.0,6.0,0.0,0,10.0,0,2.0,52.2,100,100,80.88,28.339088896087617,LOW,80.88,LOW
SME_0900,Retail,13955.73,8010.04,11219.96,39871.95,7427.93,4729.8,6,0.041,9,0.658,0.354,0,4,0,2,0,0,3,1,0.709,0,1,2.8570307680071196,0.5739606598866559,1.4007370749709114,100.0,28.698032994332795,0.0,38.60940989829984,60.0,27.333333333333336,65.8,88.49999999999999,42.85714285714286,56.89809523809524,0.0,40.0,100,50.0,45.5,0.0,0,30.0,0,6.0,29.100000000000005,100,0,41.64,39.971346779013764,MODERATE,56.89809523809524,MODERATE
SME_0901,Agriculture,7326.05,24328.07,6672.91,84464.08,13537.58,10816.02,3,0.005,13,0.202,0.043,0,3,0,1,1,0,2,1,0.869,0,0,11.529279761945388,3.3207622115601176,0.27428850706200697,100.0,100.0,72.57114929379931,89.02845971751972,30.0,3.3333333333333335,20.200000000000003,10.749999999999998,14.28571428571429,15.713809523809525,0.0,30.0,100,75.0,49.75,20.0,0,20.0,0,8.0,13.100000000000001,100,100,65.24000000000001,48.3109902962083,MODERATE,89.02845971751972,MODERATE
SME_0902,Hospitality,51874.33,34406.93,4879.72,46841.14,22783.24,2885.39,1,0.123,5,0.847,0.171,1,1,1,4,1,0,3,1,0.844,0,0,0.9029733974395427,0.6632746871140311,0.14182375469127878,45.148669871977134,33.16373435570156,85.81762453087211,57.820771080652456,10.0,82.0,84.7,42.75,71.42857142857143,58.175714285714285,20.0,10.0,0,0.0,8.0,20.0,0,30.0,0,10.0,15.600000000000003,100,100,66.24000000000001,41.61415989562431,MODERATE,66.24000000000001,MODERATE
SME_0903,Manufacturing,37281.51,10706.58,2290.44,192515.19,7970.99,78758.29,0,0.041,8,0.762,0.186,1,0,1,2,1,0,2,1,0.426,0,1,5.163824909452433,0.28718203742284043,0.2139282572025801,100.0,14.359101871142022,78.60717427974198,65.7506002732394,0.0,27.333333333333336,76.2,46.5,50.0,40.006666666666675,20.0,0.0,0,50.0,18.5,20.0,0,20.0,0,8.0,57.400000000000006,100,0,52.96000000000001,39.92284674863849,MODERATE,65.7506002732394,MODERATE
SME_0904,Professional Services,155994.61,33383.03,8177.49,80108.05,3383.94,25151.45,0,0.119,5,0.262,0.391,1,1,1,2,0,0,2,0,0.336,0,1,0.5135308841760623,0.21400117606627564,0.24495948989651328,25.676544208803115,10.700058803313782,75.50405101034868,41.11460130777454,0.0,79.33333333333333,26.200000000000003,97.75,71.42857142857143,54.94238095238095,20.0,10.0,0,50.0,20.5,0.0,0,20.0,100,34.0,66.39999999999999,100,0,56.56,40.9259756304276,MODERATE,56.56,MODERATE
SME_0905,Retail,10844.93,43800.04,1014.59,167269.19,24589.72,11856.87,0,0.043,14,0.69,0.271,0,4,0,2,0,1,2,0,0.895,1,1,15.42372242144486,4.038757281052067,0.02316413409668119,100.0,100.0,97.68358659033188,99.07343463613276,0.0,28.666666666666668,69.0,67.75,7.14285714285714,34.511904761904766,0.0,40.0,100,50.0,45.5,0.0,100,20.0,100,64.0,10.499999999999998,0,0,4.199999999999999,57.47000658131602,HIGH,99.07343463613276,CRITICAL REVIEW
SME_0906,Construction,21151.43,84617.12,4028.7,2481.48,4455.92,8815.14,1,0.029,7,0.612,0.163,1,1,1,4,1,0,2,0,0.353,0,0,0.11731972731867302,4.0005389706511565,0.04761093263396343,5.865986365933651,100.0,95.23890673660365,69.85535860442155,10.0,19.333333333333336,61.199999999999996,40.75,57.14285714285714,37.6852380952381,20.0,10.0,0,0.0,8.0,20.0,0,20.0,100,38.0,64.7,100,100,85.88,46.265917105136,MODERATE,85.88,MODERATE
SME_0907,Agriculture,22557.55,19032.9,3163.43,33045.11,12645.81,6995.1,3,0.146,7,0.257,0.01,0,2,1,1,2,1,2,1,0.575,1,1,1.4649246039574333,0.843748545387243,0.16620851262813338,73.24623019787167,42.187427269362146,83.37914873718665,67.9817567350448,30.0,97.33333333333333,25.7,2.5,57.14285714285714,42.5352380952381,0.0,20.0,0,75.0,22.75,40.0,100,20.0,0,42.0,42.50000000000001,0,0,17.000000000000004,43.578336544322966,MODERATE,67.9817567350448,MODERATE
SME_0908,Agriculture,55167.35,10789.36,6296.95,21698.97,9778.98,2048.85,5,0.054,9,0.332,0.226,1,0,1,3,3,0,1,1,0.366,0,1,0.3933299315627813,0.19557510012715856,0.5836259055217362,19.666496578139064,9.778755006357928,41.63740944782638,25.488539254479647,50.0,36.0,33.2,56.49999999999999,42.85714285714286,43.71142857142857,20.0,0.0,0,25.0,12.25,60.0,0,10.0,0,14.0,63.4,100,0,55.36,28.66041891920104,LOW,55.36,LOW
SME_0909,Retail,16662.98,8071.94,6463.12,26475.44,8670.03,2522.68,7,0.09,3,0.448,0.038,1,5,1,3,1,0,1,1,0.695,1,0,1.588877859782584,0.4844235544902532,0.8006897970004733,79.4438929891292,24.22117772451266,19.931020299952674,39.07192933407362,70.0,60.0,44.800000000000004,9.499999999999998,85.71428571428572,54.002857142857145,20.0,50.0,0,25.0,22.25,20.0,0,10.0,0,6.0,30.500000000000004,0,100,42.2,34.79229308593637,MODERATE,54.002857142857145,MODERATE
SME_0910,Hospitality,9796.67,7455.39,20892.67,13413.18,6451.46,66414.49,0,0.091,14,0.694,0.334,0,2,0,4,1,0,0,1,0.554,0,1,1.369157070718928,0.7610126706319597,2.8023577572735965,68.4578535359464,38.05063353159798,0.0,31.952546120263314,0.0,60.66666666666667,69.39999999999999,83.5,7.14285714285714,44.14190476190477,0.0,20.0,100,0.0,29.0,20.0,0,0.0,0,4.0,44.599999999999994,100,0,47.84,31.80524002655519,MODERATE,47.84,MODERATE
SME_0911,Retail,65701.6,48920.49,38974.94,44584.97,17474.09,49459.11,4,0.084,1,0.643,0.301,2,1,0,4,2,0,2,0,0.442,0,1,0.6785979336880684,0.7445859765972213,0.7966997059923153,33.929896684403424,37.229298829861065,20.330029400768467,29.47977041458673,40.0,56.00000000000001,64.3,75.25,100.0,67.11,40.0,10.0,100,0.0,39.0,40.0,0,20.0,100,42.0,55.800000000000004,100,0,52.32000000000001,44.95343112437601,MODERATE,67.11,MODERATE
SME_0912,Manufacturing,19405.49,5356.42,2616.04,4917.7,398.01,7147.1,2,0.137,2,0.552,0.184,0,3,0,0,0,0,2,1,0.717,0,0,0.2534179760469846,0.2760260111958008,0.4883933672116824,12.670898802349232,13.80130055979004,51.160663278831755,28.405925120174484,20.0,91.33333333333334,55.2,46.0,92.85714285714286,61.078095238095244,0.0,30.0,100,100.0,56.0,0.0,0,20.0,0,4.0,28.300000000000004,100,100,71.32,42.723301345576154,MODERATE,71.32,MODERATE
SME_0913,Retail,50490.77,47682.79,58690.28,44908.82,27810.36,27169.8,2,0.101,12,0.753,0.172,2,4,0,1,2,0,1,0,0.554,1,0,0.8894461304511696,0.9443862709956692,1.2308482788024777,44.47230652255848,47.21931354978346,0.0,27.507486021702583,20.0,67.33333333333334,75.3,42.99999999999999,21.42857142857143,45.41238095238096,40.0,40.0,100,75.0,63.75,40.0,0,10.0,100,40.0,44.599999999999994,0,100,47.84,43.13934104460601,MODERATE,63.75,MODERATE
SME_0914,Agriculture,45999.68,8985.56,3669.83,13866.64,4398.78,18928.81,4,0.061,6,0.744,0.359,1,1,1,2,2,0,1,1,0.417,1,1,0.3014507927011666,0.19533961975387654,0.40841416672973085,15.07253963505833,9.766980987693827,59.15858332702692,31.115289517636416,40.0,40.666666666666664,74.4,89.75,64.28571428571428,61.82047619047619,20.0,10.0,0,50.0,20.5,40.0,0,10.0,0,10.0,58.3,0,0,23.32,32.721705902909974,MODERATE,61.82047619047619,MODERATE
SME_0915,Professional Services,24409.28,10404.17,9506.43,18188.9,14436.31,21047.16,0,0.129,14,0.625,0.115,1,1,1,2,1,0,0,1,0.79,1,1,0.7451633149359589,0.4262382995319813,0.9137134437441911,37.25816574679794,21.311914976599063,8.628655625580894,21.022486467251458,0.0,86.00000000000001,62.5,28.749999999999996,7.14285714285714,36.87857142857143,20.0,10.0,0,50.0,20.5,20.0,0,0.0,0,4.0,20.999999999999996,0,0,8.399999999999999,21.066388797318297,LOW,36.87857142857143,LOW
SME_0916,Retail,21745.89,15944.71,13333.83,46511.48,13764.71,3327.58,3,0.027,10,0.769,0.1,1,4,1,3,2,0,2,1,0.886,1,0,2.138863021931961,0.7332286698773883,0.8362541557670224,100.0,36.66143349386942,16.374584423297755,47.54826381747993,30.0,18.0,76.9,25.0,35.71428571428571,37.12285714285714,20.0,40.0,0,25.0,20.25,40.0,0,20.0,0,12.0,11.399999999999999,0,100,34.56,32.85119343095827,MODERATE,47.54826381747993,MODERATE
SME_0917,Hospitality,18276.64,10251.75,92205.92,32458.91,31502.43,2357.37,1,0.082,10,0.384,0.376,1,4,0,4,1,0,1,0,0.492,0,1,1.77597796969246,0.5609209351390628,8.994163923232618,88.798898484623,28.046046756953142,0.0,35.05348357247284,10.0,54.66666666666667,38.4,94.0,35.71428571428571,46.55619047619048,20.0,40.0,100,0.0,39.0,20.0,0,10.0,100,36.0,50.8,100,0,50.32,40.38709269078947,MODERATE,50.32,MODERATE
SME_0918,Professional Services,24697.98,37938.09,4651.36,86066.33,11947.95,34786.92,3,0.143,12,0.849,0.324,1,1,1,1,0,0,3,1,0.43,0,1,3.4847517894175963,1.5360806835214862,0.12260395818555969,100.0,76.80403417607431,87.73960418144404,88.1370519253999,30.0,95.33333333333333,84.89999999999999,81.0,21.42857142857143,62.532380952380954,20.0,10.0,0,75.0,26.75,0.0,0,30.0,0,6.0,57.00000000000001,100,0,52.800000000000004,53.60421081571521,HIGH,88.1370519253999,HIGH
SME_0919,Construction,49866.83,76787.89,1326.71,11378.14,4741.66,2020.89,6,0.094,13,0.623,0.328,0,2,0,3,3,1,1,1,0.353,0,1,0.22817050933456165,1.5398590606220608,0.017277594162308667,11.408525466728083,76.99295303110304,98.27224058376913,65.82933978285699,60.0,62.66666666666667,62.3,82.0,14.28571428571429,56.250476190476206,0.0,20.0,100,25.0,35.25,60.0,100,10.0,0,44.0,64.7,100,0,55.88,53.04942098247615,HIGH,65.82933978285699,HIGH
SME_0920,Transport,13219.91,10637.93,35510.24,27673.96,2359.16,10501.65,3,0.123,14,0.799,0.078,1,3,1,1,3,0,5,1,0.67,0,1,2.093354644623148,0.804690047057809,3.3380779907369194,100.0,40.23450235289045,0.0,42.070350705867135,30.0,82.0,79.9,19.499999999999996,7.14285714285714,43.70857142857143,20.0,30.0,0,75.0,30.75,60.0,0,50.0,0,22.0,32.99999999999999,100,0,43.199999999999996,37.318248068902996,MODERATE,43.70857142857143,MODERATE
SME_0921,Retail,27274.5,12737.9,3476.65,72964.32,7305.75,8619.05,5,0.098,9,0.564,0.057,1,2,1,4,0,1,3,0,0.882,1,1,2.6751845130066547,0.4670259766448514,0.2729374543684595,100.0,23.35129883224257,72.70625456315405,66.0878914749344,50.0,65.33333333333334,56.39999999999999,14.249999999999998,42.85714285714286,45.76809523809524,20.0,20.0,0,0.0,10.0,0.0,100,30.0,100,66.0,11.799999999999999,0,0,4.72,43.64039125200413,MODERATE,66.0878914749344,MODERATE
SME_0922,Hospitality,10216.16,15795.34,5572.55,43051.5,1716.4,7930.93,2,0.126,3,0.286,0.01,1,3,0,2,1,0,1,1,0.476,1,0,4.214058902757984,1.5461132167076475,0.35279709078753607,100.0,77.30566083538237,64.72029092124639,79.07981461911326,20.0,84.00000000000001,28.599999999999998,2.5,85.71428571428572,44.16285714285715,20.0,30.0,100,50.0,49.5,20.0,0,10.0,0,6.0,52.400000000000006,0,100,50.96000000000001,50.66065867144827,HIGH,79.07981461911326,HIGH
SME_0923,Professional Services,11286.31,27749.48,2616.12,45914.99,5679.98,15925.35,1,0.142,10,0.561,0.095,1,2,0,0,1,1,3,1,0.622,0,1,4.068202096167835,2.4586849023285735,0.09427636121469664,100.0,100.0,90.57236387853034,96.22894555141214,10.0,94.66666666666667,56.10000000000001,23.75,35.71428571428571,44.046190476190475,20.0,20.0,100,100.0,60.0,20.0,100,30.0,0,40.0,37.8,100,0,45.12,62.39223128447126,HIGH,96.22894555141214,CRITICAL REVIEW
SME_0924,Hospitality,24388.82,15920.13,5588.65,90852.77,7684.59,6521.3,4,0.041,2,0.415,0.31,0,8,1,1,2,1,1,1,0.413,1,0,3.7251810460694696,0.6527634383295297,0.3510429877142963,100.0,32.63817191647648,64.89570122857037,65.7497320663711,40.0,27.333333333333336,41.5,77.49999999999999,92.85714285714286,55.838095238095235,0.0,80.0,0,75.0,34.75,40.0,100,10.0,0,40.0,58.699999999999996,0,100,53.480000000000004,51.982443429435136,HIGH,65.7497320663711,HIGH
SME_0925,Construction,5210.88,54607.85,3452.33,19984.46,5374.47,17134.06,7,0.025,11,0.693,0.096,3,2,1,2,0,0,4,0,0.583,0,1,3.8351410894129203,10.479583103045934,0.06322039779995,100.0,100.0,93.67796022000499,97.47118408800199,70.0,16.666666666666668,69.3,24.0,28.57142857142857,41.707619047619055,60.0,20.0,0,50.0,34.5,0.0,0,40.0,100,38.0,41.7,100,0,46.68000000000001,56.93625998830536,HIGH,97.47118408800199,CRITICAL REVIEW
SME_0926,Agriculture,129972.48,45045.4,15734.93,16189.56,10383.12,13625.55,2,0.073,1,0.504,0.292,1,1,0,1,1,0,1,1,0.311,0,1,0.12456144562295034,0.3465764444904029,0.3493126934159759,6.228072281147517,17.328822224520145,65.06873065840242,33.09456061506127,20.0,48.666666666666664,50.4,72.99999999999999,100.0,58.41333333333333,20.0,10.0,100,75.0,51.75,20.0,0,10.0,0,6.0,68.9,100,0,57.56,41.53770151785171,MODERATE,58.41333333333333,MODERATE
SME_0927,Hospitality,9625.62,6972.7,8673.16,53362.16,8085.65,79341.85,4,0.105,2,0.811,0.101,1,1,0,1,2,1,1,0,0.938,0,1,5.543763414720298,0.7243897016503871,1.2438739656087312,100.0,36.219485082519356,0.0,40.865845524755805,40.0,70.0,81.10000000000001,25.25,92.85714285714286,61.841428571428565,20.0,10.0,100,75.0,51.75,40.0,100,10.0,100,70.0,6.2000000000000055,100,0,32.480000000000004,51.81811080028388,HIGH,70.0,HIGH
SME_0928,Professional Services,24210.95,27307.09,4048.66,25835.92,7445.93,3448.84,4,0.034,3,0.676,0.158,2,0,1,1,2,1,7,1,0.774,0,0,1.0671171515368045,1.1278818055466637,0.14826405889459476,53.35585757684023,56.394090277333184,85.17359411054053,66.99442200046823,40.0,22.666666666666668,67.60000000000001,39.49999999999999,85.71428571428572,51.09619047619048,40.0,0.0,0,75.0,30.75,40.0,100,70.0,0,52.0,22.599999999999998,100,100,69.03999999999999,53.72637421918809,HIGH,69.03999999999999,HIGH
SME_0929,Hospitality,63653.23,60742.47,21656.67,92148.46,1128.46,12320.31,0,0.001,7,0.682,0.393,1,0,1,4,2,0,1,1,0.533,0,1,1.4476635356917473,0.9542716056985638,0.35653258749603034,72.38317678458736,47.71358028492819,64.34674125039696,61.767723621013445,0.0,0.6666666666666667,68.2,98.25,57.14285714285714,44.85190476190476,20.0,0.0,0,0.0,6.0,40.0,0,10.0,0,10.0,46.699999999999996,100,0,48.68,37.311293276780226,MODERATE,61.767723621013445,MODERATE
SME_0930,Hospitality,12535.34,12116.24,10323.66,43422.2,3118.49,17692.08,5,0.051,2,0.285,0.098,1,2,1,3,3,0,3,1,0.917,0,1,3.4639826283132327,0.9665665231258187,0.8520514615095112,100.0,48.328326156290935,14.794853849048884,50.41643938650683,50.0,34.0,28.499999999999996,24.5,92.85714285714286,45.971428571428575,20.0,20.0,0,25.0,16.25,60.0,0,30.0,0,18.0,8.299999999999997,100,0,33.32,35.8997889588092,MODERATE,50.41643938650683,MODERATE
SME_0931,Hospitality,3961.88,14224.42,1262.88,16084.35,17831.67,9527.14,7,0.145,13,0.937,0.151,0,1,1,1,0,1,0,1,0.428,0,0,4.059777176491968,3.5903207568124222,0.08878253032461078,100.0,100.0,91.12174696753893,96.44869878701557,70.0,96.66666666666667,93.7,37.74999999999999,14.28571428571429,62.480476190476196,0.0,10.0,0,75.0,20.75,0.0,100,0.0,0,30.0,57.2,100,100,82.88,61.492728683723726,HIGH,96.44869878701557,CRITICAL REVIEW
SME_0932,Manufacturing,17512.58,11798.14,20068.37,42080.37,20623.18,3602.18,1,0.104,5,0.815,0.12,0,3,0,4,1,0,0,1,0.355,0,0,2.4028652545769953,0.6736951380093623,1.7009774422069919,100.0,33.684756900468116,0.0,40.105427070140436,10.0,69.33333333333334,81.5,30.0,71.42857142857143,52.452380952380956,0.0,30.0,100,0.0,31.0,20.0,0,0.0,0,4.0,64.5,100,100,85.8,40.52472335913737,MODERATE,85.8,MODERATE
SME_0933,Manufacturing,12416.42,11997.66,9624.48,12164.21,1911.11,37199.64,2,0.06,2,0.771,0.044,2,2,1,0,2,0,1,0,0.96,0,1,0.9796873817090593,0.9662736924169768,0.8021964283035191,48.98436908545297,48.31368462084884,19.780357169648088,37.101558979749775,20.0,40.0,77.10000000000001,10.999999999999998,92.85714285714286,48.191428571428574,40.0,20.0,0,100.0,41.0,40.0,0,10.0,100,40.0,4.0000000000000036,100,0,31.6,40.53832483678208,MODERATE,48.191428571428574,MODERATE
SME_0934,Agriculture,4046.2,4737.98,32142.34,77333.39,4803.47,16250.89,3,0.029,7,0.381,0.196,1,1,1,3,0,1,0,1,0.516,0,1,19.112597004596907,1.1709702931145272,6.783975449453143,100.0,58.54851465572636,0.0,47.56455439671791,30.0,19.333333333333336,38.1,49.0,57.14285714285714,38.7152380952381,20.0,10.0,0,25.0,14.25,0.0,100,0.0,0,30.0,48.4,100,0,49.36,36.2341758428249,MODERATE,49.36,MODERATE
SME_0935,Retail,31399.37,6219.69,9055.38,7419.01,26241.81,3837.03,1,0.053,10,0.555,0.151,0,1,1,4,1,1,2,1,0.955,1,0,0.23627894445015937,0.19808327364529923,1.4559214365989301,11.813947222507968,9.904163682264961,0.0,6.5154332714318794,10.0,35.333333333333336,55.50000000000001,37.74999999999999,35.71428571428571,34.85952380952381,0.0,10.0,0,0.0,2.0,20.0,100,20.0,0,38.0,4.5000000000000036,0,100,31.8,19.949510933810515,LOW,38.0,LOW
SME_0936,Hospitality,29504.74,19150.92,3624.56,101825.71,5240.15,17809.07,2,0.025,8,0.217,0.278,2,2,1,0,0,1,2,1,0.746,1,0,3.45116445696522,0.6490794360499363,0.1892629701340719,100.0,32.45397180249682,81.0737029865928,72.16567273538618,20.0,16.666666666666668,21.7,69.5,50.0,35.57333333333334,40.0,20.0,0,100.0,41.0,0.0,100,20.0,0,34.0,25.4,0,100,40.16,47.859035153949186,MODERATE,72.16567273538618,MODERATE
SME_0937,Construction,62348.34,60415.77,6521.77,41350.06,9045.28,55496.29,2,0.016,8,0.558,0.327,1,4,1,3,3,0,2,1,0.986,1,0,0.6632102795359106,0.9690036655346398,0.10794814003032653,33.16051397679553,48.45018327673199,89.20518599696734,60.16528357484519,20.0,10.666666666666668,55.800000000000004,81.75,50.0,43.64333333333334,20.0,40.0,0,25.0,20.25,60.0,0,20.0,0,16.0,1.4000000000000012,0,100,30.560000000000002,38.46641840578688,MODERATE,60.16528357484519,MODERATE
SME_0938,Retail,10198.27,11019.68,17874.25,25447.98,36605.92,11614.13,1,0.136,13,0.224,0.218,1,2,1,4,1,0,5,1,0.827,0,1,2.4953232263903584,1.0805440530599797,1.6220298593062592,100.0,54.02720265299899,0.0,46.208160795899694,10.0,90.66666666666667,22.400000000000002,54.49999999999999,14.28571428571429,38.3704761904762,20.0,20.0,0,0.0,10.0,20.0,0,50.0,0,14.0,17.300000000000004,100,0,36.92,31.24706728638896,MODERATE,46.208160795899694,MODERATE
SME_0939,Construction,6955.74,10763.56,3701.38,64362.52,7222.24,11976.13,7,0.15,8,0.57,0.013,0,2,1,0,4,1,2,1,0.374,1,1,9.2531520729642,1.547435643080391,0.34388064915325417,100.0,77.37178215401956,65.61193508467457,79.4563086800757,70.0,100.0,56.99999999999999,3.2499999999999996,50.0,56.05,0.0,20.0,0,100.0,29.0,80.0,100,20.0,0,50.0,62.6,0,0,25.040000000000003,53.653392604022706,HIGH,79.4563086800757,HIGH
SME_0940,Retail,18056.35,70216.87,5150.76,50025.06,6349.26,49210.7,0,0.025,10,0.651,0.248,2,1,1,4,3,0,1,1,0.897,0,0,2.770496805832851,3.888763232879292,0.07335502137876554,100.0,100.0,92.66449786212345,97.0657991448494,0.0,16.666666666666668,65.10000000000001,62.0,35.71428571428571,35.89619047619048,40.0,10.0,0,0.0,14.0,60.0,0,10.0,0,14.0,10.299999999999997,100,100,64.12,49.40578736250244,MODERATE,97.0657991448494,CRITICAL REVIEW
SME_0941,Agriculture,23294.14,7416.93,6409.32,113474.6,8682.0,5010.63,8,0.008,9,0.432,0.022,1,1,1,0,1,0,3,1,0.404,1,1,4.871379668878096,0.31840325506758355,0.8641472954443414,100.0,15.920162753379177,13.585270455565857,40.21015700824009,80.0,5.333333333333334,43.2,5.499999999999999,42.85714285714286,35.37809523809524,20.0,10.0,0,100.0,33.0,20.0,0,30.0,0,10.0,59.599999999999994,0,0,23.84,31.39157091199584,MODERATE,40.21015700824009,MODERATE
SME_0942,Hospitality,52245.59,4765.38,2534.69,112421.94,53019.24,56809.5,3,0.049,1,0.524,0.247,1,1,1,1,1,0,3,1,0.785,0,0,2.1517976923985356,0.09121114337114387,0.5318967217724505,100.0,4.560557168557193,46.81032782275495,50.09229827966914,30.0,32.66666666666667,52.400000000000006,61.74999999999999,100.0,55.36333333333334,20.0,10.0,0,75.0,26.75,20.0,0,30.0,0,10.0,21.499999999999996,100,100,68.6,42.578522817234074,MODERATE,68.6,MODERATE
SME_0943,Hospitality,77271.89,9277.2,3755.11,42669.65,14941.86,28804.36,3,0.069,12,0.844,0.274,2,1,1,1,2,0,2,0,0.65,0,0,0.5522014538534,0.120059183229503,0.40476760229379555,27.610072692670002,6.00295916147515,59.52323977062044,33.89320546449172,30.0,46.00000000000001,84.39999999999999,68.5,21.42857142857143,50.065714285714286,40.0,10.0,0,75.0,32.75,40.0,0,20.0,100,42.0,35.0,100,100,74.0,42.93439021077609,MODERATE,74.0,MODERATE
SME_0944,Transport,66053.11,10592.48,9506.65,12546.31,10173.22,5223.2,0,0.031,1,0.192,0.079,3,2,1,3,1,0,2,1,0.795,0,1,0.18994275969746163,0.16036307752958187,0.8974904838149329,9.497137984873081,8.018153876479094,10.25095161850671,9.354968205808337,0.0,20.666666666666668,19.2,19.749999999999996,100.0,31.923333333333332,60.0,20.0,0,25.0,28.25,20.0,0,20.0,0,8.0,20.499999999999996,100,0,38.2,21.457323795075833,LOW,38.2,LOW
SME_0945,Construction,31190.41,4447.8,26626.83,17456.09,6238.01,6576.25,3,0.045,14,0.773,0.328,1,2,1,0,2,0,1,1,0.835,0,1,0.5596620884432106,0.14260152399407383,5.986516929718063,27.983104422160533,7.130076199703692,0.0,10.533954186559267,30.0,30.0,77.3,82.0,7.14285714285714,45.28857142857143,20.0,20.0,0,100.0,35.0,40.0,0,10.0,0,10.0,16.500000000000004,100,0,36.6,26.642329113110637,LOW,45.28857142857143,LOW
SME_0946,Retail,47393.03,16247.49,10985.64,27925.79,16240.7,7482.56,1,0.03,14,0.245,0.364,1,4,1,1,2,0,1,1,0.863,0,1,0.5892383331473003,0.3428244617404711,0.6761438228304802,29.461916657365016,17.141223087023555,32.38561771695198,26.93518901009736,10.0,20.0,24.5,90.99999999999999,7.14285714285714,30.52857142857143,20.0,40.0,0,75.0,32.75,40.0,0,10.0,0,10.0,13.700000000000001,100,0,35.480000000000004,27.31069956017207,LOW,35.480000000000004,LOW
SME_0947,Retail,14976.48,38441.16,7641.4,88492.61,18107.29,2304.12,3,0.116,14,0.131,0.325,0,3,0,3,2,0,2,1,0.884,1,1,5.908772288281359,2.5667686933111122,0.19878172250785353,100.0,100.0,80.12182774921465,92.04873109968585,30.0,77.33333333333334,13.100000000000001,81.25,7.14285714285714,41.765238095238104,0.0,30.0,100,25.0,37.25,40.0,0,20.0,0,12.0,11.6,0,0,4.64,47.76992885371528,MODERATE,92.04873109968585,CRITICAL REVIEW
SME_0948,Manufacturing,28605.3,6434.07,3483.96,19007.07,3806.55,15170.17,1,0.107,10,0.258,0.122,2,4,0,2,2,0,2,1,0.893,0,1,0.6644597329865445,0.22492580046355046,0.5414861821521992,33.222986649327225,11.246290023177522,45.851381784780074,31.68133571566345,10.0,71.33333333333334,25.8,30.5,35.71428571428571,34.66952380952381,40.0,40.0,100,50.0,57.5,40.0,0,20.0,0,12.0,10.7,100,0,34.28,34.899781667079985,MODERATE,57.5,MODERATE
SME_0949,Transport,9639.25,19306.36,23917.3,20661.19,18551.5,5440.41,1,0.095,2,0.75,0.235,1,5,1,1,0,0,3,1,0.589,1,0,2.1434437326555487,2.0028902663588974,1.2388301057268174,100.0,100.0,0.0,60.0,10.0,63.33333333333334,75.0,58.74999999999999,92.85714285714286,59.98809523809524,20.0,50.0,0,75.0,34.75,0.0,0,30.0,0,6.0,41.1,0,100,46.44,45.49102380952381,MODERATE,60.0,MODERATE
SME_0950,Professional Services,26285.68,24707.83,12341.25,190480.15,8728.1,15670.86,5,0.058,11,0.444,0.366,1,3,0,1,1,0,5,1,0.922,0,1,7.2465368976568225,0.9399730195300255,0.49948740945684017,100.0,46.998650976501274,50.05125905431598,64.12009891467677,50.0,38.66666666666667,44.4,91.49999999999999,28.57142857142857,50.62761904761905,20.0,30.0,100,75.0,55.75,20.0,0,50.0,0,14.0,7.799999999999995,100,0,33.12,48.454934436307795,MODERATE,64.12009891467677,MODERATE
SME_0951,Professional Services,26837.31,16838.44,3946.04,27028.69,10225.7,3754.89,4,0.136,6,0.842,0.128,1,2,1,4,2,0,2,1,0.804,1,1,1.0071311170903492,0.6274265192748453,0.2343471247930331,50.35655585451746,31.371325963742265,76.56528752069669,55.14447955375659,40.0,90.66666666666667,84.2,32.0,64.28571428571428,62.23047619047619,20.0,20.0,0,0.0,10.0,40.0,0,20.0,0,12.0,19.599999999999994,0,0,7.839999999999998,36.68496291374602,MODERATE,62.23047619047619,MODERATE
SME_0952,Manufacturing,99144.53,20882.8,19650.25,15902.33,4511.93,27539.42,9,0.145,14,0.546,0.328,2,1,1,2,1,0,0,1,0.887,1,1,0.16039543482630864,0.21062987539504197,0.9409777424483308,8.019771741315433,10.531493769752098,5.902225755166923,7.926269955387028,90.0,96.66666666666667,54.6,82.0,7.14285714285714,66.08190476190477,40.0,10.0,0,50.0,26.5,20.0,0,0.0,0,4.0,11.299999999999999,0,0,4.52,25.250357177092305,LOW,66.08190476190477,LOW
SME_0953,Manufacturing,20815.33,21078.08,13999.46,65225.04,6976.88,23307.38,2,0.026,1,0.119,0.004,0,3,1,0,3,0,3,1,0.992,0,1,3.133509773806132,1.0126229082123608,0.6641714994914146,100.0,50.63114541061804,33.58285005085854,58.622483643528824,20.0,17.333333333333336,11.899999999999999,1.0,100.0,30.046666666666667,0.0,30.0,0,100.0,31.0,60.0,0,30.0,0,18.0,0.8000000000000007,100,0,30.32,37.03041175972531,MODERATE,58.622483643528824,MODERATE
SME_0954,Manufacturing,26867.3,9395.11,3546.32,28362.37,3956.88,6357.37,2,0.033,5,0.709,0.001,2,2,1,3,0,0,2,1,0.381,0,1,1.0556464549843119,0.3496856773847763,0.37746444693037123,52.782322749215595,17.484283869238816,62.25355530696288,45.98140410832147,20.0,22.000000000000004,70.89999999999999,0.25,71.42857142857143,36.91571428571429,40.0,20.0,0,25.0,22.25,0.0,0,20.0,0,4.0,61.9,100,0,54.760000000000005,33.54934980392502,MODERATE,54.760000000000005,MODERATE
SME_0955,Construction,30218.22,59694.38,7228.73,7475.25,3789.33,16586.53,2,0.079,5,0.194,0.304,3,0,1,2,0,0,1,0,0.559,1,0,0.24737558995864084,1.9754432921594982,0.12109565423076678,12.368779497932042,98.77216460797491,87.89043457692333,68.49845706254142,20.0,52.66666666666667,19.400000000000002,75.99999999999999,71.42857142857143,47.899047619047614,60.0,0.0,0,50.0,30.5,0.0,0,10.0,100,32.0,44.099999999999994,0,100,47.64,48.18829902352433,MODERATE,68.49845706254142,MODERATE
SME_0956,Construction,17374.78,48841.35,4887.44,84954.13,14040.78,12929.81,2,0.014,4,0.771,0.305,0,4,0,0,1,0,2,1,0.865,0,0,4.889508241255429,2.811048542772916,0.10006766807223796,100.0,100.0,89.9932331927762,95.99729327711049,20.0,9.333333333333334,77.10000000000001,76.25,78.57142857142857,52.250952380952384,0.0,40.0,100,100.0,58.0,20.0,0,20.0,0,8.0,13.5,100,100,65.4,61.201926078371244,HIGH,95.99729327711049,CRITICAL REVIEW
SME_0957,Agriculture,13156.05,46632.65,111383.53,14213.01,7264.36,45557.54,4,0.065,11,0.243,0.316,1,3,0,1,0,0,4,0,0.36,0,1,1.0803402236993627,3.544578349884654,2.3885309970589277,54.01701118496813,100.0,0.0,46.20510335549044,40.0,43.333333333333336,24.3,78.99999999999999,28.57142857142857,43.04095238095238,20.0,30.0,100,75.0,55.75,0.0,0,40.0,100,38.0,64.0,100,0,55.6,47.03176910188523,MODERATE,55.75,MODERATE
SME_0958,Agriculture,70663.2,40500.42,13615.19,31336.48,3104.68,4738.29,1,0.087,5,0.394,0.372,0,2,1,3,4,0,0,1,0.679,0,1,0.4434625094815972,0.5731472676018069,0.336174044614846,22.17312547407986,28.657363380090345,66.3825955385154,41.80218487165722,10.0,57.99999999999999,39.4,93.0,71.42857142857143,54.36571428571428,0.0,20.0,0,25.0,10.25,80.0,0,0.0,0,16.0,32.099999999999994,100,0,42.839999999999996,34.866084032925734,MODERATE,54.36571428571428,MODERATE
SME_0959,Manufacturing,11406.03,5105.86,9642.72,28023.92,70946.95,10462.93,2,0.078,12,0.747,0.047,1,0,1,3,0,0,0,1,0.901,0,1,2.456939005070125,0.44764567513850123,1.8885594199605944,100.0,22.382283756925062,0.0,36.714685127077516,20.0,52.0,74.7,11.75,21.42857142857143,35.97571428571429,20.0,0.0,0,25.0,12.25,0.0,0,0.0,0,0.0,9.899999999999999,100,0,33.96,25.854334109551825,LOW,36.714685127077516,LOW
SME_0960,Transport,8641.2,37758.92,12834.09,37761.82,3634.22,6741.56,2,0.05,1,0.911,0.093,3,1,1,2,4,1,2,1,0.313,0,1,4.369974077674397,4.369638476137573,0.3398955796405194,100.0,100.0,66.01044203594806,86.40417681437923,20.0,33.333333333333336,91.10000000000001,23.25,100.0,53.53666666666667,60.0,10.0,0,50.0,32.5,80.0,100,20.0,0,50.0,68.7,100,0,57.480000000000004,59.053419710980435,HIGH,86.40417681437923,HIGH
SME_0961,Retail,43081.26,30412.48,31772.6,3353.9,26721.75,12493.93,3,0.081,11,0.416,0.361,0,6,1,4,1,1,4,1,0.958,0,1,0.07785055497448311,0.7059329276813167,1.04472242973937,3.8925277487241554,35.29664638406583,0.0,11.756752239836995,30.0,54.0,41.6,90.25,28.57142857142857,48.88428571428572,0.0,60.0,0,0.0,12.0,20.0,100,40.0,0,42.0,4.200000000000004,100,0,31.68,27.616097100522527,LOW,48.88428571428572,LOW
SME_0962,Construction,63125.68,5265.38,7360.01,21458.01,2647.9,19391.85,1,0.144,11,0.805,0.071,1,1,0,0,1,0,1,0,0.985,1,0,0.33992520951853505,0.08341106186895729,1.3978117438817332,16.996260475926753,4.1705530934478645,0.0,6.350044070812385,10.0,96.0,80.5,17.749999999999996,28.57142857142857,46.56428571428572,20.0,10.0,100,100.0,58.0,20.0,0,10.0,100,36.0,1.5000000000000013,0,100,30.6,33.606084649815145,MODERATE,58.0,MODERATE
SME_0963,Transport,17422.25,15156.71,4435.02,92391.45,15081.02,6674.4,1,0.031,6,0.262,0.273,2,3,0,2,1,0,4,1,0.526,1,0,5.303072220866994,0.8699628348806842,0.2926109953941192,100.0,43.49814174403421,70.73890046058808,71.3450027074455,10.0,20.666666666666668,26.200000000000003,68.25,64.28571428571428,37.88047619047619,40.0,30.0,100,50.0,55.5,20.0,0,40.0,0,12.0,47.4,0,100,48.96,48.669619859852695,MODERATE,71.3450027074455,MODERATE
SME_0964,Hospitality,17637.6,22461.59,18610.48,106340.15,7981.14,8646.99,5,0.098,7,0.786,0.212,0,2,0,4,2,1,5,1,0.837,0,0,6.029173470313421,1.2735060325667893,0.8285468660054787,100.0,63.67530162833946,17.145313399452135,55.960715848282696,50.0,65.33333333333334,78.60000000000001,52.99999999999999,57.14285714285714,60.81523809523811,0.0,20.0,100,0.0,29.0,40.0,100,50.0,0,48.0,16.300000000000004,100,100,66.52000000000001,51.64402427829434,HIGH,66.52000000000001,HIGH
SME_0965,Construction,31340.48,68157.79,6716.03,11132.93,5677.06,28626.8,4,0.007,8,0.659,0.033,1,4,0,4,2,0,4,0,0.389,0,0,0.3552252550056668,2.174752588345807,0.09853649890936898,17.76126275028334,100.0,90.1463501090631,71.38691886871024,40.0,4.666666666666667,65.9,8.25,50.0,33.763333333333335,20.0,40.0,100,0.0,39.0,40.0,0,40.0,100,46.0,61.1,100,100,84.44,53.0009089939464,HIGH,84.44,HIGH
SME_0966,Construction,14190.8,32141.59,2744.36,75323.76,11937.12,40711.02,7,0.01,2,0.264,0.114,0,0,1,4,1,0,1,1,0.841,0,1,5.307929080812921,2.2649596921949433,0.08538345489442184,100.0,100.0,91.4616545105578,96.58466180422312,70.0,6.666666666666667,26.400000000000002,28.499999999999996,92.85714285714286,44.88476190476191,0.0,0.0,0,0.0,0.0,20.0,0,10.0,0,6.0,15.900000000000002,100,0,36.36,44.732589017457414,MODERATE,96.58466180422312,CRITICAL REVIEW
SME_0967,Agriculture,13376.59,9013.46,2258.62,14009.95,10576.34,18710.24,1,0.083,7,0.357,0.208,2,2,1,3,0,0,2,1,0.637,0,1,1.0473483899857887,0.6738234482779243,0.2505830169546434,52.36741949928943,33.69117241389621,74.94169830453565,55.79425689576995,10.0,55.333333333333336,35.699999999999996,51.99999999999999,57.14285714285714,42.03523809523809,40.0,20.0,0,25.0,22.25,0.0,0,20.0,0,4.0,36.3,100,0,44.519999999999996,36.7490865925405,MODERATE,55.79425689576995,MODERATE
SME_0968,Retail,50529.12,69873.22,36919.43,20628.32,4813.22,10598.79,2,0.016,6,0.212,0.341,0,3,1,0,0,1,0,1,0.902,1,1,0.4082461756705836,1.3828307320610371,0.5283773955171953,20.41230878352918,69.14153660305186,47.16226044828047,45.7310577952865,20.0,10.666666666666668,21.2,85.25,64.28571428571428,40.28047619047619,0.0,30.0,0,100.0,31.0,0.0,100,0.0,0,30.0,9.799999999999997,0,0,3.919999999999999,34.881436386205,MODERATE,45.7310577952865,MODERATE
SME_0969,Retail,40633.01,18641.6,9125.62,21741.29,4621.04,9729.08,5,0.003,9,0.426,0.283,0,1,1,0,1,0,1,0,0.449,1,0,0.5350647170859358,0.4587796966062814,0.4895298686808,26.753235854296793,22.93898483031407,51.04701313192,35.32647145815126,50.0,2.0,42.6,70.74999999999999,42.85714285714286,41.64142857142858,0.0,10.0,0,100.0,27.0,20.0,0,10.0,100,36.0,55.099999999999994,0,100,52.04,37.01229858030252,MODERATE,52.04,MODERATE
SME_0970,Professional Services,71364.67,14668.45,4436.54,33448.3,2425.56,19652.81,4,0.026,8,0.273,0.249,0,0,0,2,1,0,1,1,0.771,1,1,0.46869550437212143,0.20554218214699235,0.3024545879080612,23.43477521860607,10.277109107349618,69.75454120919389,38.015381781464264,40.0,17.333333333333336,27.3,62.24999999999999,50.0,39.376666666666665,0.0,0.0,100,50.0,37.5,20.0,0,10.0,0,6.0,22.9,0,0,9.16,30.564781201105944,MODERATE,39.376666666666665,MODERATE
SME_0971,Professional Services,9177.96,13855.43,6328.77,81659.96,13165.41,14730.16,5,0.085,14,0.647,0.198,0,1,1,1,2,0,1,1,0.85,1,0,8.897397678787009,1.5096415761236703,0.456771821589081,100.0,75.48207880618352,54.3228178410919,74.37375077829182,50.0,56.66666666666668,64.7,49.5,7.14285714285714,45.60190476190477,0.0,10.0,0,75.0,20.75,40.0,0,10.0,0,10.0,15.000000000000002,0,100,36.0,42.96260142396374,MODERATE,74.37375077829182,MODERATE
SME_0972,Professional Services,16725.02,4911.25,17937.37,39086.69,3235.43,2720.53,4,0.106,11,0.945,0.119,0,4,1,2,3,1,0,1,0.442,0,1,2.33701902897575,0.2936468835313799,3.6523023670145074,100.0,14.682344176568996,0.0,34.4047032529707,40.0,70.66666666666667,94.5,29.75,28.57142857142857,52.69761904761905,0.0,40.0,0,50.0,20.5,60.0,100,0.0,0,42.0,55.800000000000004,100,0,52.32000000000001,39.12781573779597,MODERATE,52.69761904761905,MODERATE
SME_0973,Professional Services,31306.3,16486.74,5965.76,26444.96,10035.84,20086.61,3,0.03,14,0.11,0.048,2,2,0,0,0,0,4,1,0.873,1,0,0.8447168780724646,0.5266269089608162,0.3618520095543449,42.235843903623234,26.33134544804081,63.814799044565504,46.096076423325414,30.0,20.0,11.0,12.0,7.14285714285714,16.02857142857143,40.0,20.0,100,100.0,66.0,0.0,0,40.0,0,8.0,12.7,0,100,35.08,35.743965784140485,MODERATE,66.0,MODERATE
SME_0974,Hospitality,11921.93,26798.88,1877.65,78925.84,17044.29,5531.14,4,0.1,4,0.56,0.164,0,1,0,3,2,0,2,0,0.971,1,1,6.6202234034254515,2.24786423003658,0.0700644952326366,100.0,100.0,92.99355047673635,97.19742019069454,40.0,66.66666666666667,56.00000000000001,41.0,78.57142857142857,56.44761904761906,0.0,10.0,100,25.0,33.25,40.0,0,20.0,100,42.0,2.9000000000000026,0,0,1.160000000000001,56.33713081911312,HIGH,97.19742019069454,CRITICAL REVIEW
SME_0975,Hospitality,41771.98,13224.42,11081.56,13444.04,12059.28,3352.36,6,0.027,14,0.588,0.011,3,1,1,2,0,0,1,1,0.731,1,1,0.3218434941317122,0.31658590279895754,0.8379618917124532,16.09217470658561,15.829295139947877,16.203810828754683,16.05796528546192,60.0,18.0,58.8,2.7499999999999996,7.14285714285714,29.338571428571427,60.0,10.0,0,50.0,32.5,0.0,0,10.0,0,2.0,26.900000000000002,0,0,10.760000000000002,20.028032442781434,LOW,32.5,LOW
SME_0976,Construction,66591.54,25197.22,26783.59,27770.66,5216.19,2673.52,4,0.092,13,0.877,0.084,0,2,0,1,1,0,2,1,0.849,1,0,0.41702985093902323,0.37838470172036875,1.0629581358578446,20.85149254695116,18.91923508601844,0.0,11.931218289890879,40.0,61.33333333333334,87.7,21.0,14.28571428571429,44.863809523809536,0.0,20.0,100,75.0,47.75,20.0,0,20.0,0,8.0,15.100000000000001,0,100,36.04,29.149317867919645,LOW,47.75,LOW
SME_0977,Manufacturing,15676.92,9014.72,25050.8,81205.15,22658.07,9879.01,6,0.062,9,0.53,0.173,1,1,1,2,0,0,2,1,0.673,1,1,5.179917356215379,0.5750313199276388,2.778877214156402,100.0,28.751565996381938,0.0,38.62546979891458,60.0,41.333333333333336,53.0,43.24999999999999,42.85714285714286,48.088095238095235,20.0,10.0,0,50.0,20.5,0.0,0,20.0,0,4.0,32.699999999999996,0,0,13.079999999999998,29.617664749198184,LOW,48.088095238095235,LOW
SME_0978,Agriculture,25783.88,16080.85,4572.74,50932.62,6926.89,4806.82,2,0.098,1,0.562,0.167,1,3,1,4,0,0,0,0,0.719,0,0,1.9753667795537366,0.6236784378456617,0.2843593466763262,98.76833897768684,31.183921892283085,71.56406533236739,67.61130439393794,20.0,65.33333333333334,56.2,41.75,100.0,56.65666666666667,20.0,30.0,0,0.0,12.0,0.0,0,0.0,100,30.0,28.1,100,100,71.24000000000001,48.471557984848054,MODERATE,71.24000000000001,MODERATE
SME_0979,Agriculture,80107.6,23187.28,28463.26,18819.5,3009.7,1478.73,4,0.149,11,0.501,0.018,0,4,1,1,1,0,2,1,0.309,1,1,0.234927772146463,0.2894516874803389,1.2275376844545802,11.74638860732315,14.472584374016945,0.0,7.865691894402028,40.0,99.33333333333333,50.1,4.499999999999999,28.57142857142857,44.500952380952384,0.0,40.0,0,75.0,26.75,20.0,0,20.0,0,8.0,69.10000000000001,0,0,27.640000000000004,22.798945663558705,LOW,44.500952380952384,LOW
SME_0980,Professional Services,105455.92,20949.2,9898.58,6607.73,7746.42,8691.08,0,0.141,6,0.329,0.236,1,2,1,4,0,0,3,1,0.667,1,0,0.06265869189705044,0.19865361754939884,0.47250396196513467,3.132934594852522,9.932680877469942,52.749603803486536,25.019526163091356,0.0,94.0,32.9,59.0,64.28571428571428,50.03714285714286,20.0,20.0,0,0.0,10.0,0.0,0,30.0,0,6.0,33.3,0,100,43.32,27.247143563213122,LOW,50.03714285714286,LOW
SME_0981,Construction,45400.21,4982.84,27676.64,40937.87,16957.37,7716.75,3,0.001,8,0.148,0.22,1,2,1,3,0,0,1,1,0.703,0,1,0.9017110273278472,0.10975367735083165,5.554390668775237,45.085551366392366,5.487683867541582,0.0,15.171970570180184,30.0,0.6666666666666667,14.799999999999999,54.99999999999999,50.0,30.093333333333334,20.0,20.0,0,25.0,16.25,0.0,0,10.0,0,2.0,29.700000000000003,100,0,41.88,19.81292450438739,LOW,41.88,LOW
SME_0982,Transport,40190.04,12669.11,14198.39,6187.44,5449.98,10485.52,1,0.133,11,0.447,0.031,1,4,1,0,0,1,1,1,0.769,1,1,0.15395456187652462,0.3152300918336981,1.1207093473811498,7.697728093826231,15.761504591684904,0.0,7.03776980565334,10.0,88.66666666666667,44.7,7.75,28.57142857142857,35.93761904761905,20.0,40.0,0,100.0,39.0,0.0,100,10.0,0,32.0,23.099999999999998,0,0,9.24,24.619735703600764,LOW,39.0,LOW
SME_0983,Manufacturing,12627.62,68878.36,1746.9,24256.78,22041.99,6813.45,4,0.01,11,0.145,0.377,0,1,0,2,0,0,3,0,0.419,0,0,1.9209304682909367,5.454579722861474,0.025362102117413948,96.04652341454684,100.0,97.46378978825861,97.7994729396675,40.0,6.666666666666667,14.499999999999998,94.25,28.57142857142857,36.79761904761905,0.0,10.0,100,50.0,39.5,0.0,0,30.0,100,36.0,58.099999999999994,100,100,83.24,60.16324664380501,HIGH,97.7994729396675,CRITICAL REVIEW
SME_0984,Construction,33322.85,12138.9,45886.94,97528.61,4999.27,62259.02,2,0.143,4,0.568,0.04,1,1,0,2,1,0,2,1,0.469,1,1,2.9267787719237703,0.36428156655268085,3.780156356836287,100.0,18.21407832763404,0.0,35.46422349829021,20.0,95.33333333333333,56.8,10.0,78.57142857142857,52.14095238095238,20.0,10.0,100,50.0,45.5,20.0,0,20.0,0,8.0,53.1,0,0,21.240000000000002,36.09850514472516,MODERATE,52.14095238095238,MODERATE
SME_0985,Manufacturing,39030.07,18229.07,8425.18,54486.67,5650.78,19115.7,3,0.042,2,0.361,0.342,2,2,1,4,0,0,3,1,0.829,1,1,1.3960177370934768,0.46705194225887886,0.4621837537515628,69.80088685467383,23.352597112943943,53.78162462484373,49.45869504022282,30.0,28.000000000000004,36.1,85.5,92.85714285714286,54.49142857142857,40.0,20.0,0,0.0,16.0,0.0,0,30.0,0,6.0,17.100000000000005,0,0,6.8400000000000025,33.244465654923985,MODERATE,54.49142857142857,MODERATE
SME_0986,Manufacturing,21127.59,16793.08,14242.57,3965.15,3900.54,7654.2,4,0.057,11,0.554,0.0,0,1,0,4,1,0,2,1,0.417,0,0,0.18767639849126191,0.7948412478659422,0.8481213690401045,9.383819924563095,39.74206239329711,15.18786309598955,20.812909933753883,40.0,38.0,55.400000000000006,0.0,28.57142857142857,32.394285714285715,0.0,10.0,100,0.0,27.0,20.0,0,20.0,0,8.0,58.3,100,100,83.32,29.27444440869759,LOW,83.32,LOW
SME_0987,Manufacturing,15534.37,63115.32,2086.31,36658.63,18502.83,11332.14,5,0.014,2,0.214,0.353,1,1,1,0,0,0,3,1,0.591,1,0,2.3598401480072893,4.062946872000603,0.033055524395661784,100.0,100.0,96.69444756043382,98.67777902417353,50.0,9.333333333333334,21.4,88.25,92.85714285714286,52.368095238095236,20.0,10.0,0,100.0,33.0,0.0,0,30.0,0,6.0,40.900000000000006,0,100,46.36,54.831357516775874,HIGH,98.67777902417353,CRITICAL REVIEW
SME_0988,Construction,8969.57,50535.0,13260.21,21802.56,9532.12,42866.26,2,0.017,10,0.893,0.008,0,3,1,2,3,0,5,1,0.475,1,1,2.430725218711711,5.634049346847173,0.2623965568417928,100.0,100.0,73.76034431582073,89.5041377263283,20.0,11.333333333333334,89.3,2.0,35.71428571428571,31.669523809523806,0.0,30.0,0,50.0,18.5,60.0,0,50.0,0,22.0,52.5,0,0,21.0,43.86862227027944,MODERATE,89.5041377263283,MODERATE
SME_0989,Professional Services,6225.74,34342.94,24103.79,8393.69,4140.43,28385.18,4,0.109,1,0.86,0.303,1,5,0,0,1,0,3,0,0.682,1,1,1.3482236649779786,5.516282401770714,0.7018557525942741,67.41118324889894,100.0,29.814424740572587,62.14912487089871,40.0,72.66666666666667,86.0,75.75,100.0,74.88333333333333,20.0,50.0,100,100.0,66.0,20.0,0,30.0,100,40.0,31.799999999999994,0,0,12.719999999999999,57.83757079460295,HIGH,74.88333333333333,HIGH
SME_0990,Agriculture,5262.3,8262.92,55410.1,41939.1,7000.6,3415.47,5,0.142,5,0.261,0.145,0,3,1,4,1,0,2,1,0.991,0,0,7.969728065674705,1.5702107443513291,6.705873952549462,100.0,78.51053721756645,0.0,53.553161165269934,50.0,94.66666666666667,26.1,36.24999999999999,71.42857142857143,55.68904761904762,0.0,30.0,0,0.0,6.0,20.0,0,20.0,0,8.0,0.9000000000000008,100,100,60.36,38.42421025434288,MODERATE,60.36,MODERATE
SME_0991,Agriculture,39742.85,23991.95,32454.57,18346.88,630.37,4993.04,4,0.092,13,0.392,0.295,1,1,1,4,2,0,1,1,0.896,0,0,0.4616397666498503,0.6036796555858476,1.3527274773413582,23.081988332492514,30.18398277929238,0.0,15.979791333535466,40.0,61.33333333333334,39.2,73.75,14.28571428571429,45.71380952380953,20.0,10.0,0,0.0,8.0,40.0,0,10.0,0,10.0,10.399999999999999,100,100,64.16,25.738389781013023,LOW,64.16,LOW
SME_0992,Professional Services,28135.59,28352.78,13924.73,18461.05,20141.05,5937.24,5,0.107,6,0.621,0.161,0,2,0,1,2,1,4,1,0.489,0,0,0.6561458281130766,1.007719404498004,0.4911239744391908,32.807291405653835,50.3859702249002,50.887602556080914,45.313019511598576,50.0,71.33333333333334,62.1,40.25,64.28571428571428,57.59380952380952,0.0,20.0,100,75.0,47.75,40.0,100,40.0,0,46.0,51.1,100,100,80.44,52.48635823443196,HIGH,80.44,HIGH
SME_0993,Manufacturing,16976.45,10293.25,1707.56,33962.01,8575.53,8078.26,1,0.114,4,0.181,0.028,0,6,1,4,2,0,0,0,0.558,0,1,2.0005366257374186,0.606325232896159,0.1658912394044641,100.0,30.316261644807952,83.4108760595536,72.45922891726383,10.0,76.0,18.099999999999998,6.999999999999999,78.57142857142857,37.93428571428572,0.0,60.0,0,0.0,12.0,40.0,0,0.0,100,38.0,44.199999999999996,100,0,47.68,44.08934010375058,MODERATE,72.45922891726383,MODERATE
SME_0994,Transport,19176.98,8970.65,9131.36,16043.65,1146.79,7021.84,3,0.039,4,0.401,0.307,2,1,0,4,0,0,3,1,0.943,0,1,0.8366098311621538,0.4677822055401841,1.0179150897649558,41.83049155810769,23.389110277009205,0.0,19.565880550535066,30.0,26.0,40.1,76.75,78.57142857142857,50.284285714285716,40.0,10.0,100,0.0,39.0,0.0,0,30.0,0,6.0,5.700000000000005,100,0,32.28,30.368835593731948,MODERATE,50.284285714285716,MODERATE
SME_0995,Retail,29584.55,70413.36,4423.5,33014.05,2695.47,12372.98,5,0.007,5,0.313,0.029,0,2,1,0,0,0,2,1,0.929,1,1,1.1159219930673274,2.380072030840422,0.06282188493774477,55.79609965336637,100.0,93.71781150622553,84.22595449850013,50.0,4.666666666666667,31.3,7.249999999999999,71.42857142857143,32.92904761904762,0.0,20.0,0,100.0,29.0,0.0,0,20.0,0,4.0,7.099999999999995,0,0,2.839999999999998,40.184048254311946,MODERATE,84.22595449850013,MODERATE
SME_0996,Construction,21916.18,14150.2,10119.05,16574.62,6842.48,23267.46,1,0.0,14,0.878,0.369,2,4,1,1,0,0,0,1,0.412,1,1,0.7562732191467673,0.6456508387866864,0.7151171008183629,37.813660957338364,32.28254193933432,28.488289918163712,32.42417683626729,10.0,0.0,87.8,92.25,7.14285714285714,39.43857142857143,40.0,40.0,0,75.0,38.75,0.0,0,0.0,0,0.0,58.80000000000001,0,0,23.520000000000007,29.688895908023046,LOW,39.43857142857143,LOW
SME_0997,Retail,8554.29,65519.85,2370.54,17509.37,3064.34,27039.56,0,0.053,5,0.825,0.02,1,3,1,1,0,0,4,1,0.88,0,1,2.0468525149369494,7.659297264881129,0.03618048576118535,100.0,100.0,96.38195142388146,98.5527805695526,0.0,35.333333333333336,82.5,5.0,71.42857142857143,38.852380952380955,20.0,30.0,0,75.0,30.75,0.0,0,40.0,0,8.0,12.0,100,0,34.8,50.10892940896102,HIGH,98.5527805695526,CRITICAL REVIEW
SME_0998,Professional Services,51897.78,39966.71,6483.59,80973.92,20421.73,8942.27,1,0.036,14,0.593,0.192,0,2,1,2,2,0,1,0,0.508,0,1,1.5602578761557817,0.7701044245052486,0.1622247615578065,78.01289380778908,38.50522122526243,83.77752384421935,68.46644404760319,10.0,24.0,59.3,48.0,7.14285714285714,29.68857142857143,0.0,20.0,0,50.0,16.5,40.0,0,10.0,100,40.0,49.2,100,0,49.68000000000001,42.230076071423824,MODERATE,68.46644404760319,MODERATE
SME_0999,Transport,31886.31,24944.99,4769.58,89646.04,14574.9,2755.73,2,0.009,14,0.542,0.289,0,0,1,3,1,1,2,1,0.681,1,1,2.811427223783498,0.7823103394528875,0.19120392511682704,100.0,39.11551697264438,80.87960748831729,74.08649808712023,20.0,6.0,54.2,72.24999999999999,7.14285714285714,31.91857142857143,0.0,0.0,0,25.0,6.25,20.0,100,20.0,0,38.0,31.899999999999995,0,0,12.759999999999998,38.43159228327893,MODERATE,74.08649808712023,MODERATE
SME_1000,Construction,30925.92,25852.23,4624.07,5433.28,13820.7,4704.59,3,0.027,14,0.891,0.157,1,5,0,2,1,0,2,1,0.304,0,1,0.17568693186815462,0.8359405314377066,0.17886542089405827,8.784346593407731,41.79702657188533,82.11345791059416,48.01979511382559,30.0,18.0,89.1,39.24999999999999,7.14285714285714,36.698571428571434,20.0,50.0,100,50.0,53.5,20.0,0,20.0,0,8.0,69.6,100,0,57.84,41.26458139129054,MODERATE,57.84,MODERATE
